datetime,traffic_volume
2023-01-01 00:00:00,554.8685661204493
2023-01-01 01:00:00,529.4694279531526
2023-01-01 02:00:00,560.9075415240277
2023-01-01 03:00:00,595.921194256321
2023-01-01 04:00:00,525.6338650110665
2023-01-01 05:00:00,525.6345217220328
2023-01-01 06:00:00,633.1685126202957
2023-01-01 07:00:00,810.6973891661164
2023-01-01 08:00:00,761.2210245626019
2023-01-01 09:00:00,591.7024017434386
2023-01-01 10:00:00,621.4632922875015
2023-01-01 11:00:00,621.3708098571897
2023-01-01 12:00:00,649.6784908626414
2023-01-01 13:00:00,563.4687902136881
2023-01-01 14:00:00,571.0032866994787
2023-01-01 15:00:00,617.5084988303611
2023-01-01 16:00:00,529.4867551866231
2023-01-01 17:00:00,757.569893303811
2023-01-01 18:00:00,708.6790369791515
2023-01-01 19:00:00,548.5078519465883
2023-01-01 20:00:00,663.6259507568622
2023-01-01 21:00:00,595.9689479805386
2023-01-01 22:00:00,607.7011281875169
2023-01-01 23:00:00,478.01007255146175
2023-01-02 00:00:00,528.2246910189926
2023-01-02 01:00:00,554.4369035883947
2023-01-02 02:00:00,503.9602569031079
2023-01-02 03:00:00,565.0279207338269
2023-01-02 04:00:00,525.9744524032478
2023-01-02 05:00:00,538.3322500082689
2023-01-02 06:00:00,575.9317355108241
2023-01-02 07:00:00,974.0911273803575
2023-01-02 08:00:00,899.4601110104826
2023-01-02 09:00:00,557.6915628417639
2023-01-02 10:00:00,732.9017964841275
2023-01-02 11:00:00,651.1662540011591
2023-01-02 12:00:00,708.3545438001902
2023-01-02 13:00:00,621.613195044809
2023-01-02 14:00:00,646.8725580440628
2023-01-02 15:00:00,707.874449434765
2023-01-02 16:00:00,629.5386631998164
2023-01-02 17:00:00,856.8547312475988
2023-01-02 18:00:00,845.3740687044703
2023-01-02 19:00:00,637.9558521764285
2023-01-02 20:00:00,590.859120385303
2023-01-02 21:00:00,621.2062316642116
2023-01-02 22:00:00,631.5744491616085
2023-01-02 23:00:00,592.2848890487567
2023-01-03 00:00:00,563.7447315827385
2023-01-03 01:00:00,479.47839378549065
2023-01-03 02:00:00,562.9633587757918
2023-01-03 03:00:00,534.5967087833474
2023-01-03 04:00:00,522.9231199877617
2023-01-03 05:00:00,574.4670515536347
2023-01-03 06:00:00,641.2399808998381
2023-01-03 07:00:00,937.2512047646479
2023-01-03 08:00:00,866.4312990710945
2023-01-03 09:00:00,587.6315049659514
2023-01-03 10:00:00,713.2505372561426
2023-01-03 11:00:00,739.0218050848944
2023-01-03 12:00:00,680.8330304861884
2023-01-03 13:00:00,692.5736409334473
2023-01-03 14:00:00,655.7466010397588
2023-01-03 15:00:00,652.1517350367732
2023-01-03 16:00:00,632.5010328957679
2023-01-03 17:00:00,904.249601142833
2023-01-03 18:00:00,847.1195951367866
2023-01-03 19:00:00,690.1413159156809
2023-01-03 20:00:00,664.4654410019053
2023-01-03 21:00:00,624.195209815795
2023-01-03 22:00:00,664.4558242203366
2023-01-03 23:00:00,611.5214626586387
2023-01-04 00:00:00,548.5669584356019
2023-01-04 01:00:00,612.5857462325603
2023-01-04 02:00:00,445.2101958364102
2023-01-04 03:00:00,582.8761001750089
2023-01-04 04:00:00,553.4818827295269
2023-01-04 05:00:00,538.0397059813653
2023-01-04 06:00:00,603.6704310614201
2023-01-04 07:00:00,820.4972434159642
2023-01-04 08:00:00,891.2131244864995
2023-01-04 09:00:00,614.2845028604698
2023-01-04 10:00:00,759.1157617896606
2023-01-04 11:00:00,679.2691912690541
2023-01-04 12:00:00,667.6602558842725
2023-01-04 13:00:00,679.9297182566186
2023-01-04 14:00:00,736.616084708083
2023-01-04 15:00:00,713.1500443863874
2023-01-04 16:00:00,578.8095918493184
2023-01-04 17:00:00,870.5306973245342
2023-01-04 18:00:00,853.8831019739216
2023-01-04 19:00:00,688.7457996213155
2023-01-04 20:00:00,621.9178762449059
2023-01-04 21:00:00,636.8935141360893
2023-01-04 22:00:00,634.3156738747136
2023-01-04 23:00:00,491.4594020747153
2023-01-05 00:00:00,561.8448110825831
2023-01-05 01:00:00,560.4422108871955
2023-01-05 02:00:00,550.2045382656985
2023-01-05 03:00:00,540.6165146649942
2023-01-05 04:00:00,493.3851703179834
2023-01-05 05:00:00,533.1741870893857
2023-01-05 06:00:00,586.2914193389292
2023-01-05 07:00:00,867.9089092311352
2023-01-05 08:00:00,893.5485715333597
2023-01-05 09:00:00,616.1620342725815
2023-01-05 10:00:00,775.4474360484212
2023-01-05 11:00:00,706.9831125132736
2023-01-05 12:00:00,710.3020156289106
2023-01-05 13:00:00,697.0221633693533
2023-01-05 14:00:00,623.2491513880384
2023-01-05 15:00:00,698.9394449820313
2023-01-05 16:00:00,602.409208397641
2023-01-05 17:00:00,948.5296844994115
2023-01-05 18:00:00,842.3055614087551
2023-01-05 19:00:00,662.0618936933445
2023-01-05 20:00:00,648.6115292117903
2023-01-05 21:00:00,603.2528784952187
2023-01-05 22:00:00,695.7129125806008
2023-01-05 23:00:00,580.0773213074709
2023-01-06 00:00:00,581.6412778817219
2023-01-06 01:00:00,513.6245018082104
2023-01-06 02:00:00,606.111772437444
2023-01-06 03:00:00,493.92595748830877
2023-01-06 04:00:00,573.4742837520108
2023-01-06 05:00:00,637.6182250323991
2023-01-06 06:00:00,560.3785469947725
2023-01-06 07:00:00,877.3480908158891
2023-01-06 08:00:00,903.9860546035056
2023-01-06 09:00:00,579.8609738353521
2023-01-06 10:00:00,637.9734627573547
2023-01-06 11:00:00,702.7425189922411
2023-01-06 12:00:00,657.5078514509559
2023-01-06 13:00:00,718.9436972254073
2023-01-06 14:00:00,663.2230306306478
2023-01-06 15:00:00,761.9973762007016
2023-01-06 16:00:00,568.6698683065505
2023-01-06 17:00:00,837.117539351773
2023-01-06 18:00:00,882.5406886947868
2023-01-06 19:00:00,600.7654273426418
2023-01-06 20:00:00,659.0983973841652
2023-01-06 21:00:00,702.2857101712971
2023-01-06 22:00:00,585.7006706175509
2023-01-06 23:00:00,557.3853543412922
2023-01-07 00:00:00,545.3953117699369
2023-01-07 01:00:00,566.2729148710924
2023-01-07 02:00:00,485.5219715648767
2023-01-07 03:00:00,482.18173547662894
2023-01-07 04:00:00,555.8776626246758
2023-01-07 05:00:00,546.8793869293274
2023-01-07 06:00:00,580.019714013835
2023-01-07 07:00:00,793.857928379879
2023-01-07 08:00:00,752.7990111368604
2023-01-07 09:00:00,579.2901478864402
2023-01-07 10:00:00,651.7228989319473
2023-01-07 11:00:00,611.4259432789453
2023-01-07 12:00:00,714.6309804457902
2023-01-07 13:00:00,658.9533168364715
2023-01-07 14:00:00,592.3478601118941
2023-01-07 15:00:00,666.2621443453531
2023-01-07 16:00:00,531.0127331909072
2023-01-07 17:00:00,776.483384149698
2023-01-07 18:00:00,791.3438231602962
2023-01-07 19:00:00,572.1727072659315
2023-01-07 20:00:00,643.5350451697728
2023-01-07 21:00:00,621.5112370774599
2023-01-07 22:00:00,637.8824063997796
2023-01-07 23:00:00,610.871719306158
2023-01-08 00:00:00,525.1844753598851
2023-01-08 01:00:00,504.8505534257004
2023-01-08 02:00:00,499.41942281497904
2023-01-08 03:00:00,502.36758860138247
2023-01-08 04:00:00,531.9159316234359
2023-01-08 05:00:00,548.6460789926657
2023-01-08 06:00:00,581.0676319732007
2023-01-08 07:00:00,813.0873299614409
2023-01-08 08:00:00,780.5200756751162
2023-01-08 09:00:00,628.1413630862927
2023-01-08 10:00:00,629.4137266704818
2023-01-08 11:00:00,748.8067666635848
2023-01-08 12:00:00,665.0266939106002
2023-01-08 13:00:00,605.7136977433487
2023-01-08 14:00:00,597.1643000775555
2023-01-08 15:00:00,659.2988966097274
2023-01-08 16:00:00,561.061488586966
2023-01-08 17:00:00,773.5600197636837
2023-01-08 18:00:00,763.9295049829418
2023-01-08 19:00:00,602.086843493725
2023-01-08 20:00:00,571.1282512772638
2023-01-08 21:00:00,544.4061110125654
2023-01-08 22:00:00,587.1394019173191
2023-01-08 23:00:00,569.2559517729389
2023-01-09 00:00:00,558.5637497652082
2023-01-09 01:00:00,500.17044885152046
2023-01-09 02:00:00,556.9272370340473
2023-01-09 03:00:00,565.4126951891535
2023-01-09 04:00:00,514.6457025519546
2023-01-09 05:00:00,556.1490042378211
2023-01-09 06:00:00,602.32834873784
2023-01-09 07:00:00,854.281188086775
2023-01-09 08:00:00,914.3114944139313
2023-01-09 09:00:00,622.4313810547294
2023-01-09 10:00:00,743.3220497270111
2023-01-09 11:00:00,742.1520820813961
2023-01-09 12:00:00,644.8932252817164
2023-01-09 13:00:00,662.4869984033951
2023-01-09 14:00:00,720.6014106883464
2023-01-09 15:00:00,720.5514380364883
2023-01-09 16:00:00,620.6019074522419
2023-01-09 17:00:00,1004.1092596261889
2023-01-09 18:00:00,872.8356204277267
2023-01-09 19:00:00,695.422625607224
2023-01-09 20:00:00,688.160070539728
2023-01-09 21:00:00,676.055650052232
2023-01-09 22:00:00,637.3892302143862
2023-01-09 23:00:00,580.3587688197307
2023-01-10 00:00:00,519.0869914184972
2023-01-10 01:00:00,540.5272557303997
2023-01-10 02:00:00,530.5854580868358
2023-01-10 03:00:00,553.2749655754529
2023-01-10 04:00:00,642.5863426669404
2023-01-10 05:00:00,475.3093922963301
2023-01-10 06:00:00,627.4504076149806
2023-01-10 07:00:00,835.4913651524139
2023-01-10 08:00:00,881.1227253684226
2023-01-10 09:00:00,643.5580238786946
2023-01-10 10:00:00,702.5712007638185
2023-01-10 11:00:00,656.8902088828278
2023-01-10 12:00:00,671.3878516296013
2023-01-10 13:00:00,727.1839099573871
2023-01-10 14:00:00,670.7853347313145
2023-01-10 15:00:00,708.658343583279
2023-01-10 16:00:00,601.8228735961526
2023-01-10 17:00:00,823.9359860957674
2023-01-10 18:00:00,935.757763573013
2023-01-10 19:00:00,675.3567608927204
2023-01-10 20:00:00,568.9942965336957
2023-01-10 21:00:00,657.458172590777
2023-01-10 22:00:00,623.5285414092644
2023-01-10 23:00:00,584.0973333918489
2023-01-11 00:00:00,518.299170462692
2023-01-11 01:00:00,545.410542341324
2023-01-11 02:00:00,570.1994911592183
2023-01-11 03:00:00,584.6302077668049
2023-01-11 04:00:00,501.98814371776893
2023-01-11 05:00:00,536.619950566362
2023-01-11 06:00:00,581.0021875535617
2023-01-11 07:00:00,873.8668306970516
2023-01-11 08:00:00,970.6181696112438
2023-01-11 09:00:00,616.1992684384383
2023-01-11 10:00:00,649.5646418265982
2023-01-11 11:00:00,736.7144778821911
2023-01-11 12:00:00,784.8862478805054
2023-01-11 13:00:00,741.2986104220458
2023-01-11 14:00:00,639.2252013618395
2023-01-11 15:00:00,680.6306370853499
2023-01-11 16:00:00,650.6764459674649
2023-01-11 17:00:00,821.6932213752488
2023-01-11 18:00:00,867.7527771258491
2023-01-11 19:00:00,680.9853621371735
2023-01-11 20:00:00,612.9227811368767
2023-01-11 21:00:00,647.618985757528
2023-01-11 22:00:00,520.3493063972371
2023-01-11 23:00:00,509.0244943466284
2023-01-12 00:00:00,539.8972739442736
2023-01-12 01:00:00,500.088672721406
2023-01-12 02:00:00,615.2964521572654
2023-01-12 03:00:00,492.7943448815747
2023-01-12 04:00:00,532.3982205321206
2023-01-12 05:00:00,555.2296230914436
2023-01-12 06:00:00,657.6509315626446
2023-01-12 07:00:00,842.5655139528225
2023-01-12 08:00:00,946.5265500861984
2023-01-12 09:00:00,600.4093224407835
2023-01-12 10:00:00,660.7396539580819
2023-01-12 11:00:00,718.4841389705308
2023-01-12 12:00:00,707.9623878229388
2023-01-12 13:00:00,675.9913249136482
2023-01-12 14:00:00,702.7920833996008
2023-01-12 15:00:00,684.5874561255296
2023-01-12 16:00:00,604.5406938100499
2023-01-12 17:00:00,876.4852269808418
2023-01-12 18:00:00,913.4406726458141
2023-01-12 19:00:00,600.4873800469261
2023-01-12 20:00:00,735.3213349862507
2023-01-12 21:00:00,571.9164880190999
2023-01-12 22:00:00,643.9285961985767
2023-01-12 23:00:00,573.532688259383
2023-01-13 00:00:00,561.2396747094014
2023-01-13 01:00:00,525.0920192071762
2023-01-13 02:00:00,541.675109985709
2023-01-13 03:00:00,530.2799626136467
2023-01-13 04:00:00,526.4254097222315
2023-01-13 05:00:00,583.984083880841
2023-01-13 06:00:00,614.2806194386019
2023-01-13 07:00:00,872.2836161895739
2023-01-13 08:00:00,935.98399501733
2023-01-13 09:00:00,612.2919808350644
2023-01-13 10:00:00,732.5144847535585
2023-01-13 11:00:00,725.1851536769445
2023-01-13 12:00:00,666.8401995631172
2023-01-13 13:00:00,677.5927583921213
2023-01-13 14:00:00,729.8917442049304
2023-01-13 15:00:00,724.4148106173386
2023-01-13 16:00:00,599.163936241434
2023-01-13 17:00:00,854.6930953323513
2023-01-13 18:00:00,901.106595831537
2023-01-13 19:00:00,626.3371444465668
2023-01-13 20:00:00,671.8838952468016
2023-01-13 21:00:00,641.9122939026443
2023-01-13 22:00:00,641.2927518709112
2023-01-13 23:00:00,593.9510740794876
2023-01-14 00:00:00,568.0166539595211
2023-01-14 01:00:00,567.5403854400255
2023-01-14 02:00:00,587.2191522861732
2023-01-14 03:00:00,535.8401536653104
2023-01-14 04:00:00,562.2781188517986
2023-01-14 05:00:00,522.5893297362618
2023-01-14 06:00:00,582.9666540995377
2023-01-14 07:00:00,774.7942778252926
2023-01-14 08:00:00,783.8798385997087
2023-01-14 09:00:00,593.8062810174765
2023-01-14 10:00:00,607.2711726706611
2023-01-14 11:00:00,723.6954910274184
2023-01-14 12:00:00,599.7593047400119
2023-01-14 13:00:00,591.4324554884907
2023-01-14 14:00:00,686.3244349400027
2023-01-14 15:00:00,671.6665077585175
2023-01-14 16:00:00,594.9647926820862
2023-01-14 17:00:00,770.1338203705712
2023-01-14 18:00:00,744.5101290861235
2023-01-14 19:00:00,569.1098251405667
2023-01-14 20:00:00,608.0321823277491
2023-01-14 21:00:00,577.9135315395156
2023-01-14 22:00:00,644.00478933671
2023-01-14 23:00:00,529.1177047399144
2023-01-15 00:00:00,501.98011212829954
2023-01-15 01:00:00,522.1445663338802
2023-01-15 02:00:00,551.517258171025
2023-01-15 03:00:00,512.451017887841
2023-01-15 04:00:00,502.11118417734275
2023-01-15 05:00:00,544.7474884596764
2023-01-15 06:00:00,579.7986628443489
2023-01-15 07:00:00,759.7222729851549
2023-01-15 08:00:00,761.1584677752671
2023-01-15 09:00:00,579.2819974943054
2023-01-15 10:00:00,582.076626340107
2023-01-15 11:00:00,583.7014490249378
2023-01-15 12:00:00,611.2622311499026
2023-01-15 13:00:00,631.4621139315261
2023-01-15 14:00:00,652.4363026239201
2023-01-15 15:00:00,699.0142486779821
2023-01-15 16:00:00,604.3063849280808
2023-01-15 17:00:00,738.602458801463
2023-01-15 18:00:00,744.2393516838924
2023-01-15 19:00:00,564.8988254144876
2023-01-15 20:00:00,604.2594745603044
2023-01-15 21:00:00,593.4536544431944
2023-01-15 22:00:00,617.9087424135236
2023-01-15 23:00:00,501.9107622579071
2023-01-16 00:00:00,570.7738605696469
2023-01-16 01:00:00,611.3095565201031
2023-01-16 02:00:00,545.6495940617257
2023-01-16 03:00:00,566.0684688839576
2023-01-16 04:00:00,577.6057596684445
2023-01-16 05:00:00,533.9511811245666
2023-01-16 06:00:00,608.9636992724166
2023-01-16 07:00:00,900.5036960312718
2023-01-16 08:00:00,903.9070439419532
2023-01-16 09:00:00,569.0796086457814
2023-01-16 10:00:00,700.9804069703578
2023-01-16 11:00:00,719.919931649818
2023-01-16 12:00:00,758.0457443118016
2023-01-16 13:00:00,738.3708330434083
2023-01-16 14:00:00,786.1272983004623
2023-01-16 15:00:00,669.3060974844781
2023-01-16 16:00:00,634.8928254688271
2023-01-16 17:00:00,857.333680229534
2023-01-16 18:00:00,937.5921173287069
2023-01-16 19:00:00,617.6680685857939
2023-01-16 20:00:00,616.4111263127689
2023-01-16 21:00:00,626.0242941822391
2023-01-16 22:00:00,565.0441710276077
2023-01-16 23:00:00,528.9697991327696
2023-01-17 00:00:00,519.6346935378521
2023-01-17 01:00:00,556.0157514590483
2023-01-17 02:00:00,563.6702390310863
2023-01-17 03:00:00,625.0468335686354
2023-01-17 04:00:00,588.016953527442
2023-01-17 05:00:00,526.9238537735039
2023-01-17 06:00:00,564.0634131460657
2023-01-17 07:00:00,919.6767668602603
2023-01-17 08:00:00,847.1906717191744
2023-01-17 09:00:00,673.2583506341741
2023-01-17 10:00:00,747.1776048288515
2023-01-17 11:00:00,681.2329739158118
2023-01-17 12:00:00,631.4746188363649
2023-01-17 13:00:00,754.1548949666166
2023-01-17 14:00:00,695.4184061898953
2023-01-17 15:00:00,749.5126524789384
2023-01-17 16:00:00,536.2228936482253
2023-01-17 17:00:00,826.024999081849
2023-01-17 18:00:00,850.2097479887274
2023-01-17 19:00:00,651.8792237505896
2023-01-17 20:00:00,631.9973811408303
2023-01-17 21:00:00,674.9139972938999
2023-01-17 22:00:00,607.2951828246962
2023-01-17 23:00:00,544.3048205991482
2023-01-18 00:00:00,554.8118252684759
2023-01-18 01:00:00,570.5775533623499
2023-01-18 02:00:00,578.4645951235556
2023-01-18 03:00:00,505.01431632648524
2023-01-18 04:00:00,488.6354331705751
2023-01-18 05:00:00,601.1070728759404
2023-01-18 06:00:00,613.2925604791836
2023-01-18 07:00:00,870.0605385377379
2023-01-18 08:00:00,962.046079020901
2023-01-18 09:00:00,604.6269853717143
2023-01-18 10:00:00,747.1718873625531
2023-01-18 11:00:00,702.7007392564044
2023-01-18 12:00:00,782.4299169952794
2023-01-18 13:00:00,770.2136336977281
2023-01-18 14:00:00,690.0414340608371
2023-01-18 15:00:00,738.8628380381742
2023-01-18 16:00:00,625.8150379834059
2023-01-18 17:00:00,904.7452623012939
2023-01-18 18:00:00,811.4030615767958
2023-01-18 19:00:00,677.4420583999375
2023-01-18 20:00:00,692.3369794739835
2023-01-18 21:00:00,579.6504205430754
2023-01-18 22:00:00,602.669659493369
2023-01-18 23:00:00,468.43071288959595
2023-01-19 00:00:00,539.2237266222177
2023-01-19 01:00:00,578.7016902318385
2023-01-19 02:00:00,610.0942820838411
2023-01-19 03:00:00,552.963791216791
2023-01-19 04:00:00,615.1446218228517
2023-01-19 05:00:00,494.79594167140436
2023-01-19 06:00:00,531.8647024257938
2023-01-19 07:00:00,897.7780920441353
2023-01-19 08:00:00,915.3626179575723
2023-01-19 09:00:00,598.6922100762363
2023-01-19 10:00:00,617.302315998405
2023-01-19 11:00:00,696.4351984194884
2023-01-19 12:00:00,647.8212199798058
2023-01-19 13:00:00,726.7869019532015
2023-01-19 14:00:00,714.6639298438739
2023-01-19 15:00:00,662.4048085469058
2023-01-19 16:00:00,579.4453233065323
2023-01-19 17:00:00,807.6314591244419
2023-01-19 18:00:00,847.4928361090731
2023-01-19 19:00:00,688.2056928200495
2023-01-19 20:00:00,610.5709581465783
2023-01-19 21:00:00,670.1618606207138
2023-01-19 22:00:00,628.7896952651024
2023-01-19 23:00:00,518.2850867095062
2023-01-20 00:00:00,545.7187856018177
2023-01-20 01:00:00,508.59030710322503
2023-01-20 02:00:00,527.8540277861127
2023-01-20 03:00:00,502.08488429644603
2023-01-20 04:00:00,628.5890053166556
2023-01-20 05:00:00,551.4105420788692
2023-01-20 06:00:00,572.0109796802966
2023-01-20 07:00:00,908.5591964293689
2023-01-20 08:00:00,895.5068780123668
2023-01-20 09:00:00,591.1612160186711
2023-01-20 10:00:00,724.566668001737
2023-01-20 11:00:00,730.3003084018922
2023-01-20 12:00:00,678.7799540955789
2023-01-20 13:00:00,676.9672703742128
2023-01-20 14:00:00,688.9979321139342
2023-01-20 15:00:00,607.9231534105766
2023-01-20 16:00:00,539.392357512058
2023-01-20 17:00:00,904.674970697781
2023-01-20 18:00:00,915.7987085400514
2023-01-20 19:00:00,640.0385584177449
2023-01-20 20:00:00,673.0622785222306
2023-01-20 21:00:00,662.4500061817414
2023-01-20 22:00:00,773.1552323382095
2023-01-20 23:00:00,594.7829964573831
2023-01-21 00:00:00,529.8832963407693
2023-01-21 01:00:00,496.77838237598297
2023-01-21 02:00:00,470.7421471896971
2023-01-21 03:00:00,543.1385454346889
2023-01-21 04:00:00,504.7459701886279
2023-01-21 05:00:00,478.109851616093
2023-01-21 06:00:00,544.1370846302989
2023-01-21 07:00:00,736.7380798554242
2023-01-21 08:00:00,847.4856654029026
2023-01-21 09:00:00,605.265590277978
2023-01-21 10:00:00,639.6810943473353
2023-01-21 11:00:00,699.197765555601
2023-01-21 12:00:00,643.0947323059047
2023-01-21 13:00:00,605.5486319468695
2023-01-21 14:00:00,700.9249630907863
2023-01-21 15:00:00,661.5564017473863
2023-01-21 16:00:00,528.5101538269417
2023-01-21 17:00:00,737.3864528766557
2023-01-21 18:00:00,709.9752698646097
2023-01-21 19:00:00,549.6880107614265
2023-01-21 20:00:00,642.0471019012657
2023-01-21 21:00:00,681.3766656188052
2023-01-21 22:00:00,549.0572970472343
2023-01-21 23:00:00,557.5187694676229
2023-01-22 00:00:00,508.9742972351269
2023-01-22 01:00:00,515.5149846494121
2023-01-22 02:00:00,511.30424303044526
2023-01-22 03:00:00,500.44036921280735
2023-01-22 04:00:00,536.9408651177931
2023-01-22 05:00:00,501.7619953435585
2023-01-22 06:00:00,580.8182730311936
2023-01-22 07:00:00,777.9904756220345
2023-01-22 08:00:00,770.4420781253436
2023-01-22 09:00:00,533.697453518336
2023-01-22 10:00:00,616.9291467772667
2023-01-22 11:00:00,670.2156490330302
2023-01-22 12:00:00,660.0366875049752
2023-01-22 13:00:00,600.8977902080579
2023-01-22 14:00:00,643.973292217169
2023-01-22 15:00:00,670.0554849348715
2023-01-22 16:00:00,503.22378875514516
2023-01-22 17:00:00,766.7344076951974
2023-01-22 18:00:00,718.4950496421661
2023-01-22 19:00:00,627.8239467437264
2023-01-22 20:00:00,574.4696337382993
2023-01-22 21:00:00,532.8047159734192
2023-01-22 22:00:00,539.8983024846735
2023-01-22 23:00:00,536.9233978664553
2023-01-23 00:00:00,560.3889000688592
2023-01-23 01:00:00,513.8273349958237
2023-01-23 02:00:00,575.5436983510949
2023-01-23 03:00:00,483.5391975092416
2023-01-23 04:00:00,547.3568080541073
2023-01-23 05:00:00,501.5593520095017
2023-01-23 06:00:00,573.9265556879136
2023-01-23 07:00:00,901.8959468526566
2023-01-23 08:00:00,865.5834653886419
2023-01-23 09:00:00,584.617778230807
2023-01-23 10:00:00,740.2517123685776
2023-01-23 11:00:00,676.924325219074
2023-01-23 12:00:00,733.4276844826056
2023-01-23 13:00:00,654.8117258136953
2023-01-23 14:00:00,721.1921671166114
2023-01-23 15:00:00,757.662744826316
2023-01-23 16:00:00,501.13421999490845
2023-01-23 17:00:00,818.1241897811809
2023-01-23 18:00:00,873.0828850872216
2023-01-23 19:00:00,641.8781845582803
2023-01-23 20:00:00,664.8458349348524
2023-01-23 21:00:00,625.8405925313672
2023-01-23 22:00:00,653.463591498916
2023-01-23 23:00:00,543.7729105843168
2023-01-24 00:00:00,596.7112824663923
2023-01-24 01:00:00,560.1768337320485
2023-01-24 02:00:00,563.5041064830081
2023-01-24 03:00:00,533.5249213551014
2023-01-24 04:00:00,530.4957510371003
2023-01-24 05:00:00,532.6976724872152
2023-01-24 06:00:00,615.7780856951318
2023-01-24 07:00:00,883.1606207671895
2023-01-24 08:00:00,911.5909942758565
2023-01-24 09:00:00,683.0160319458175
2023-01-24 10:00:00,734.8449881372677
2023-01-24 11:00:00,686.9590587132864
2023-01-24 12:00:00,748.0485568865578
2023-01-24 13:00:00,683.6769850791379
2023-01-24 14:00:00,618.4750185928858
2023-01-24 15:00:00,659.6765475633039
2023-01-24 16:00:00,525.1683231589658
2023-01-24 17:00:00,835.9394606383477
2023-01-24 18:00:00,850.7367351675821
2023-01-24 19:00:00,717.0574924910113
2023-01-24 20:00:00,663.0770949505666
2023-01-24 21:00:00,641.2359788476455
2023-01-24 22:00:00,683.1762232473395
2023-01-24 23:00:00,461.5545876396846
2023-01-25 00:00:00,559.4245823243426
2023-01-25 01:00:00,580.8346077554787
2023-01-25 02:00:00,490.85655016880634
2023-01-25 03:00:00,595.7501617282771
2023-01-25 04:00:00,563.5398562997766
2023-01-25 05:00:00,533.388483443968
2023-01-25 06:00:00,625.3112746442514
2023-01-25 07:00:00,990.8277143121759
2023-01-25 08:00:00,907.2746502023398
2023-01-25 09:00:00,609.9288234520135
2023-01-25 10:00:00,681.6255640183903
2023-01-25 11:00:00,666.0062252214084
2023-01-25 12:00:00,733.2134326617698
2023-01-25 13:00:00,665.7566469636453
2023-01-25 14:00:00,702.8626494887757
2023-01-25 15:00:00,680.8937021293954
2023-01-25 16:00:00,619.1591930298557
2023-01-25 17:00:00,863.3464842114779
2023-01-25 18:00:00,891.5015977703159
2023-01-25 19:00:00,629.5993440458101
2023-01-25 20:00:00,639.2050025882652
2023-01-25 21:00:00,610.8494513687077
2023-01-25 22:00:00,632.2282695969556
2023-01-25 23:00:00,565.092019721794
2023-01-26 00:00:00,580.2795446658141
2023-01-26 01:00:00,513.1133870328949
2023-01-26 02:00:00,584.7842368042265
2023-01-26 03:00:00,604.225514352198
2023-01-26 04:00:00,566.537396128948
2023-01-26 05:00:00,625.0718325023226
2023-01-26 06:00:00,569.0484320358571
2023-01-26 07:00:00,850.2138118675433
2023-01-26 08:00:00,828.8511900438289
2023-01-26 09:00:00,659.8417724595673
2023-01-26 10:00:00,726.1746262541623
2023-01-26 11:00:00,697.7766131635818
2023-01-26 12:00:00,711.1987450527928
2023-01-26 13:00:00,654.980438108065
2023-01-26 14:00:00,797.8300791846731
2023-01-26 15:00:00,705.1688472790091
2023-01-26 16:00:00,604.3757917841957
2023-01-26 17:00:00,879.0306649559477
2023-01-26 18:00:00,869.2403692694685
2023-01-26 19:00:00,658.9553609711653
2023-01-26 20:00:00,618.3810217821875
2023-01-26 21:00:00,668.8587342854398
2023-01-26 22:00:00,725.2809798590014
2023-01-26 23:00:00,603.8168018461992
2023-01-27 00:00:00,613.7274650655759
2023-01-27 01:00:00,529.5513729427526
2023-01-27 02:00:00,510.4158071896568
2023-01-27 03:00:00,544.9685231960141
2023-01-27 04:00:00,552.2289964915478
2023-01-27 05:00:00,593.7676607388379
2023-01-27 06:00:00,532.3014148114072
2023-01-27 07:00:00,961.1820127784246
2023-01-27 08:00:00,893.6796840568404
2023-01-27 09:00:00,582.9247572021033
2023-01-27 10:00:00,659.5158249895933
2023-01-27 11:00:00,633.8057331253692
2023-01-27 12:00:00,732.9268233584766
2023-01-27 13:00:00,702.9327186875362
2023-01-27 14:00:00,648.4015640103578
2023-01-27 15:00:00,648.1968491174554
2023-01-27 16:00:00,586.5686120283949
2023-01-27 17:00:00,916.7608610115757
2023-01-27 18:00:00,839.6163459454558
2023-01-27 19:00:00,589.8742818752758
2023-01-27 20:00:00,640.1702774365622
2023-01-27 21:00:00,639.0910572100931
2023-01-27 22:00:00,542.1245342823371
2023-01-27 23:00:00,547.8282053392875
2023-01-28 00:00:00,525.7626187916529
2023-01-28 01:00:00,562.8482545925367
2023-01-28 02:00:00,608.9582437978138
2023-01-28 03:00:00,580.0626011819103
2023-01-28 04:00:00,524.2444523778067
2023-01-28 05:00:00,490.7389636503332
2023-01-28 06:00:00,672.9343921299944
2023-01-28 07:00:00,782.3687373605795
2023-01-28 08:00:00,780.5571716765179
2023-01-28 09:00:00,569.0349965155999
2023-01-28 10:00:00,647.9233904307142
2023-01-28 11:00:00,634.2255835230422
2023-01-28 12:00:00,617.0535197247906
2023-01-28 13:00:00,618.1256423503843
2023-01-28 14:00:00,638.6898691913601
2023-01-28 15:00:00,618.2630091546494
2023-01-28 16:00:00,541.4861686929135
2023-01-28 17:00:00,749.2572091076759
2023-01-28 18:00:00,734.8009113031658
2023-01-28 19:00:00,665.1597195433076
2023-01-28 20:00:00,498.9612076642795
2023-01-28 21:00:00,648.6602740768985
2023-01-28 22:00:00,654.8434076999051
2023-01-28 23:00:00,452.064390703674
2023-01-29 00:00:00,521.2924962367861
2023-01-29 01:00:00,520.1423653601684
2023-01-29 02:00:00,478.69953221128713
2023-01-29 03:00:00,503.887332496365
2023-01-29 04:00:00,490.57696618136686
2023-01-29 05:00:00,605.0908177369449
2023-01-29 06:00:00,607.4271357258984
2023-01-29 07:00:00,830.8622037997663
2023-01-29 08:00:00,808.8668825617294
2023-01-29 09:00:00,524.8379291513108
2023-01-29 10:00:00,619.019189348809
2023-01-29 11:00:00,659.5749824491168
2023-01-29 12:00:00,591.1148876443222
2023-01-29 13:00:00,668.5199372068955
2023-01-29 14:00:00,630.3869840736746
2023-01-29 15:00:00,625.0071676980161
2023-01-29 16:00:00,598.4383987281396
2023-01-29 17:00:00,762.7705324594416
2023-01-29 18:00:00,730.5613533672368
2023-01-29 19:00:00,651.3731921345699
2023-01-29 20:00:00,561.7574668960041
2023-01-29 21:00:00,629.6374242777706
2023-01-29 22:00:00,628.7240503187354
2023-01-29 23:00:00,522.6181424274404
2023-01-30 00:00:00,563.0453208896847
2023-01-30 01:00:00,499.95545694458787
2023-01-30 02:00:00,586.961080768276
2023-01-30 03:00:00,542.6039145422804
2023-01-30 04:00:00,529.0910791792385
2023-01-30 05:00:00,591.9603690334756
2023-01-30 06:00:00,571.8262523782896
2023-01-30 07:00:00,843.6615481454576
2023-01-30 08:00:00,837.7348330590438
2023-01-30 09:00:00,624.2403980538256
2023-01-30 10:00:00,648.7828259001487
2023-01-30 11:00:00,770.1917672793746
2023-01-30 12:00:00,616.7228236846511
2023-01-30 13:00:00,767.8582547316015
2023-01-30 14:00:00,708.4406986881047
2023-01-30 15:00:00,696.1314755251843
2023-01-30 16:00:00,578.203236527642
2023-01-30 17:00:00,865.9654445740829
2023-01-30 18:00:00,848.4946119030061
2023-01-30 19:00:00,694.1320752806608
2023-01-30 20:00:00,654.5691059464816
2023-01-30 21:00:00,656.0120704584751
2023-01-30 22:00:00,635.4555115114458
2023-01-30 23:00:00,547.7221750511573
2023-01-31 00:00:00,562.3120707556824
2023-01-31 01:00:00,481.593264293735
2023-01-31 02:00:00,496.07258311577147
2023-01-31 03:00:00,579.7305637609086
2023-01-31 04:00:00,556.8346175251177
2023-01-31 05:00:00,542.6406665458928
2023-01-31 06:00:00,600.7373573226157
2023-01-31 07:00:00,913.9032682144668
2023-01-31 08:00:00,878.4096127876255
2023-01-31 09:00:00,568.8678109839075
2023-01-31 10:00:00,707.8338102039072
2023-01-31 11:00:00,660.8650888953987
2023-01-31 12:00:00,716.3301102285789
2023-01-31 13:00:00,631.8966558304863
2023-01-31 14:00:00,741.1662254930258
2023-01-31 15:00:00,718.9038992965217
2023-01-31 16:00:00,610.241189372555
2023-01-31 17:00:00,889.3076393578206
2023-01-31 18:00:00,916.6189777785031
2023-01-31 19:00:00,690.5748026007252
2023-01-31 20:00:00,576.3650307467342
2023-01-31 21:00:00,598.816921330572
2023-01-31 22:00:00,625.0072568921728
2023-01-31 23:00:00,551.0436420084334
2023-02-01 00:00:00,570.7063608187649
2023-02-01 01:00:00,520.9702474738614
2023-02-01 02:00:00,557.4706705790832
2023-02-01 03:00:00,519.7846827058671
2023-02-01 04:00:00,525.539287880322
2023-02-01 05:00:00,493.7335561260711
2023-02-01 06:00:00,563.0706701555638
2023-02-01 07:00:00,845.9326157753467
2023-02-01 08:00:00,860.9650698809066
2023-02-01 09:00:00,642.1456718643136
2023-02-01 10:00:00,662.0240444467223
2023-02-01 11:00:00,805.2952825934956
2023-02-01 12:00:00,719.7327160352356
2023-02-01 13:00:00,707.3934449477949
2023-02-01 14:00:00,665.6656887927514
2023-02-01 15:00:00,728.0123951763596
2023-02-01 16:00:00,576.974486950489
2023-02-01 17:00:00,854.8803925858144
2023-02-01 18:00:00,952.4033815307517
2023-02-01 19:00:00,646.157604011014
2023-02-01 20:00:00,695.970933051427
2023-02-01 21:00:00,621.8729429949645
2023-02-01 22:00:00,648.6004603801215
2023-02-01 23:00:00,620.8320254254204
2023-02-02 00:00:00,524.9213176884894
2023-02-02 01:00:00,622.4979423198772
2023-02-02 02:00:00,578.3100774182191
2023-02-02 03:00:00,527.5013289642293
2023-02-02 04:00:00,575.2963095622208
2023-02-02 05:00:00,588.9021779850692
2023-02-02 06:00:00,624.8723984886878
2023-02-02 07:00:00,837.1910112043818
2023-02-02 08:00:00,870.9145129670053
2023-02-02 09:00:00,590.0992545779399
2023-02-02 10:00:00,697.0226628359982
2023-02-02 11:00:00,724.8268839020271
2023-02-02 12:00:00,707.1080400373302
2023-02-02 13:00:00,646.5862256515959
2023-02-02 14:00:00,715.2079140402385
2023-02-02 15:00:00,724.4234298113529
2023-02-02 16:00:00,622.3916179172415
2023-02-02 17:00:00,893.2312290221848
2023-02-02 18:00:00,883.3568861819562
2023-02-02 19:00:00,668.3672031691375
2023-02-02 20:00:00,647.1933715416541
2023-02-02 21:00:00,583.5615626593603
2023-02-02 22:00:00,667.1847287653035
2023-02-02 23:00:00,558.3075074865244
2023-02-03 00:00:00,560.8631534878149
2023-02-03 01:00:00,498.9300569671876
2023-02-03 02:00:00,506.7577383836695
2023-02-03 03:00:00,592.1261141333162
2023-02-03 04:00:00,548.4177938457339
2023-02-03 05:00:00,577.260027894905
2023-02-03 06:00:00,601.1327350452184
2023-02-03 07:00:00,901.1902455798298
2023-02-03 08:00:00,937.53135223904
2023-02-03 09:00:00,579.358210871305
2023-02-03 10:00:00,703.8448310776394
2023-02-03 11:00:00,681.5089884517984
2023-02-03 12:00:00,682.6201509027073
2023-02-03 13:00:00,687.6331150612544
2023-02-03 14:00:00,708.8853508653485
2023-02-03 15:00:00,680.850055133461
2023-02-03 16:00:00,650.2302450229408
2023-02-03 17:00:00,814.2157079112199
2023-02-03 18:00:00,842.5251342335456
2023-02-03 19:00:00,632.410757669033
2023-02-03 20:00:00,707.8791153741494
2023-02-03 21:00:00,657.862191060463
2023-02-03 22:00:00,691.2737815787453
2023-02-03 23:00:00,490.5775850785211
2023-02-04 00:00:00,545.6820106347703
2023-02-04 01:00:00,570.5852318249375
2023-02-04 02:00:00,538.291359571017
2023-02-04 03:00:00,577.619215002614
2023-02-04 04:00:00,514.3084619959851
2023-02-04 05:00:00,591.3738976074231
2023-02-04 06:00:00,661.95592494477
2023-02-04 07:00:00,765.4864575824137
2023-02-04 08:00:00,762.1798991439691
2023-02-04 09:00:00,628.135379084708
2023-02-04 10:00:00,703.1828858292286
2023-02-04 11:00:00,619.0855989138693
2023-02-04 12:00:00,623.1925273161658
2023-02-04 13:00:00,628.7286156455797
2023-02-04 14:00:00,586.221979558629
2023-02-04 15:00:00,603.2539221406321
2023-02-04 16:00:00,529.8343693299173
2023-02-04 17:00:00,714.2880973958348
2023-02-04 18:00:00,743.6126045045288
2023-02-04 19:00:00,614.3685893014608
2023-02-04 20:00:00,667.0200197125631
2023-02-04 21:00:00,565.0658383704483
2023-02-04 22:00:00,644.3728959390634
2023-02-04 23:00:00,526.4404462309797
2023-02-05 00:00:00,533.0214516139026
2023-02-05 01:00:00,561.9927796866641
2023-02-05 02:00:00,490.09111913750803
2023-02-05 03:00:00,550.296389847362
2023-02-05 04:00:00,541.6580883285222
2023-02-05 05:00:00,554.698050560326
2023-02-05 06:00:00,581.5667457563127
2023-02-05 07:00:00,878.2120055964358
2023-02-05 08:00:00,754.4904006299473
2023-02-05 09:00:00,548.7601217999273
2023-02-05 10:00:00,615.0743789430094
2023-02-05 11:00:00,617.7809152335898
2023-02-05 12:00:00,614.5045149077393
2023-02-05 13:00:00,687.5606612443021
2023-02-05 14:00:00,696.8201699195942
2023-02-05 15:00:00,617.1701482500209
2023-02-05 16:00:00,536.7057770758308
2023-02-05 17:00:00,763.8566222554562
2023-02-05 18:00:00,722.9110782287612
2023-02-05 19:00:00,630.3172727102204
2023-02-05 20:00:00,613.1169208340519
2023-02-05 21:00:00,544.3702354001107
2023-02-05 22:00:00,666.9002080532025
2023-02-05 23:00:00,606.8351069238208
2023-02-06 00:00:00,525.4884523806245
2023-02-06 01:00:00,534.4919376025606
2023-02-06 02:00:00,561.4346156289962
2023-02-06 03:00:00,563.378271599481
2023-02-06 04:00:00,576.3417709069132
2023-02-06 05:00:00,630.408181550654
2023-02-06 06:00:00,592.9221109002381
2023-02-06 07:00:00,868.0681102184618
2023-02-06 08:00:00,844.827230879419
2023-02-06 09:00:00,570.7627984023233
2023-02-06 10:00:00,698.6749210850481
2023-02-06 11:00:00,771.7823145407115
2023-02-06 12:00:00,679.2955480385532
2023-02-06 13:00:00,708.9515180655559
2023-02-06 14:00:00,699.34308415709
2023-02-06 15:00:00,747.5357309379234
2023-02-06 16:00:00,701.0772970349449
2023-02-06 17:00:00,828.7652490831872
2023-02-06 18:00:00,830.4224222992711
2023-02-06 19:00:00,691.7664350827629
2023-02-06 20:00:00,677.2756595850525
2023-02-06 21:00:00,723.8682930294414
2023-02-06 22:00:00,673.3571274130386
2023-02-06 23:00:00,535.6283163685176
2023-02-07 00:00:00,573.6261932276924
2023-02-07 01:00:00,594.3481432233164
2023-02-07 02:00:00,582.8192872478945
2023-02-07 03:00:00,570.2909612442919
2023-02-07 04:00:00,592.6669875835662
2023-02-07 05:00:00,596.771823617827
2023-02-07 06:00:00,655.2863596415011
2023-02-07 07:00:00,925.9483955035857
2023-02-07 08:00:00,893.3152767873258
2023-02-07 09:00:00,605.868547457333
2023-02-07 10:00:00,748.2603586603343
2023-02-07 11:00:00,667.3225731605105
2023-02-07 12:00:00,714.746932354916
2023-02-07 13:00:00,684.2664475069056
2023-02-07 14:00:00,701.1497929173927
2023-02-07 15:00:00,751.1380745042919
2023-02-07 16:00:00,607.6439627207961
2023-02-07 17:00:00,851.857461926246
2023-02-07 18:00:00,795.6057543608032
2023-02-07 19:00:00,679.8501426410888
2023-02-07 20:00:00,675.819367245643
2023-02-07 21:00:00,736.5301889322184
2023-02-07 22:00:00,637.68887060188
2023-02-07 23:00:00,558.7660131065576
2023-02-08 00:00:00,559.9753473484302
2023-02-08 01:00:00,613.098131190539
2023-02-08 02:00:00,546.1881787045219
2023-02-08 03:00:00,561.1608610308135
2023-02-08 04:00:00,574.3158603886616
2023-02-08 05:00:00,557.4643649262543
2023-02-08 06:00:00,582.1426554179789
2023-02-08 07:00:00,907.7635997159323
2023-02-08 08:00:00,942.9452699943909
2023-02-08 09:00:00,558.9393880235576
2023-02-08 10:00:00,705.318786965875
2023-02-08 11:00:00,671.995167402433
2023-02-08 12:00:00,747.8018651569937
2023-02-08 13:00:00,639.0725238086491
2023-02-08 14:00:00,677.6431261091365
2023-02-08 15:00:00,715.0884750025808
2023-02-08 16:00:00,662.6209611693736
2023-02-08 17:00:00,847.3699895570805
2023-02-08 18:00:00,827.7920189322721
2023-02-08 19:00:00,725.2462827776236
2023-02-08 20:00:00,592.0794439833502
2023-02-08 21:00:00,562.0477617351967
2023-02-08 22:00:00,667.6005780021333
2023-02-08 23:00:00,529.9178310258956
2023-02-09 00:00:00,509.15068731477146
2023-02-09 01:00:00,578.3342578919742
2023-02-09 02:00:00,559.752028550848
2023-02-09 03:00:00,527.4368547705309
2023-02-09 04:00:00,498.78782405316423
2023-02-09 05:00:00,584.8982931312058
2023-02-09 06:00:00,626.0080471183464
2023-02-09 07:00:00,896.0329654488247
2023-02-09 08:00:00,973.8654798419067
2023-02-09 09:00:00,557.1966093469539
2023-02-09 10:00:00,638.9789931630105
2023-02-09 11:00:00,672.3236772047502
2023-02-09 12:00:00,698.1765593457801
2023-02-09 13:00:00,709.7335779729077
2023-02-09 14:00:00,690.3505576857468
2023-02-09 15:00:00,714.0822158605719
2023-02-09 16:00:00,549.9384230323823
2023-02-09 17:00:00,907.7505841629304
2023-02-09 18:00:00,846.7139528642972
2023-02-09 19:00:00,694.6918332635252
2023-02-09 20:00:00,663.7090138551082
2023-02-09 21:00:00,668.2701287661514
2023-02-09 22:00:00,672.7906912092882
2023-02-09 23:00:00,567.9083424006926
2023-02-10 00:00:00,575.7089103947018
2023-02-10 01:00:00,603.1661012052973
2023-02-10 02:00:00,557.8608467880588
2023-02-10 03:00:00,578.3601503035405
2023-02-10 04:00:00,546.4105722285109
2023-02-10 05:00:00,607.6046886179789
2023-02-10 06:00:00,572.9443079176292
2023-02-10 07:00:00,972.0376173164326
2023-02-10 08:00:00,898.3936819742263
2023-02-10 09:00:00,542.7689959152781
2023-02-10 10:00:00,705.1241765964315
2023-02-10 11:00:00,672.7579337010047
2023-02-10 12:00:00,733.6257419595489
2023-02-10 13:00:00,673.8950408279044
2023-02-10 14:00:00,682.1526626714088
2023-02-10 15:00:00,624.4183707621787
2023-02-10 16:00:00,581.9077472300369
2023-02-10 17:00:00,753.0448269348417
2023-02-10 18:00:00,786.643887060571
2023-02-10 19:00:00,680.4165862457719
2023-02-10 20:00:00,681.4320063460333
2023-02-10 21:00:00,667.0183024713986
2023-02-10 22:00:00,611.3209542748315
2023-02-10 23:00:00,548.0915457543208
2023-02-11 00:00:00,534.8558984363773
2023-02-11 01:00:00,488.6654124322983
2023-02-11 02:00:00,595.1359320706861
2023-02-11 03:00:00,570.0944916230269
2023-02-11 04:00:00,526.1614330468135
2023-02-11 05:00:00,536.0754335597812
2023-02-11 06:00:00,578.3353123179021
2023-02-11 07:00:00,698.3306052630284
2023-02-11 08:00:00,770.1129046991762
2023-02-11 09:00:00,542.7206300800881
2023-02-11 10:00:00,599.9351996042034
2023-02-11 11:00:00,628.7559882845618
2023-02-11 12:00:00,711.9074610739809
2023-02-11 13:00:00,665.6337144506804
2023-02-11 14:00:00,617.1528404086881
2023-02-11 15:00:00,662.9033112542463
2023-02-11 16:00:00,625.97421746344
2023-02-11 17:00:00,781.9853473165108
2023-02-11 18:00:00,747.385214796807
2023-02-11 19:00:00,579.122528891777
2023-02-11 20:00:00,632.9289325445436
2023-02-11 21:00:00,620.73941541687
2023-02-11 22:00:00,640.8077288011093
2023-02-11 23:00:00,560.4068720672788
2023-02-12 00:00:00,576.9821086127733
2023-02-12 01:00:00,513.5905915375773
2023-02-12 02:00:00,587.695762625373
2023-02-12 03:00:00,542.903984187696
2023-02-12 04:00:00,618.0104349050106
2023-02-12 05:00:00,507.4324872764173
2023-02-12 06:00:00,639.4385521266099
2023-02-12 07:00:00,787.916431338506
2023-02-12 08:00:00,753.943279855422
2023-02-12 09:00:00,550.6445666378271
2023-02-12 10:00:00,627.1861076722272
2023-02-12 11:00:00,656.9666378560767
2023-02-12 12:00:00,660.91341952142
2023-02-12 13:00:00,617.0519998424569
2023-02-12 14:00:00,639.0258163095607
2023-02-12 15:00:00,725.6908143444746
2023-02-12 16:00:00,639.1017268040284
2023-02-12 17:00:00,762.4529467869613
2023-02-12 18:00:00,746.520139126728
2023-02-12 19:00:00,609.8012530687305
2023-02-12 20:00:00,629.5407189092167
2023-02-12 21:00:00,564.0882973920637
2023-02-12 22:00:00,594.7049385030662
2023-02-12 23:00:00,468.2566370448964
2023-02-13 00:00:00,565.9689249042111
2023-02-13 01:00:00,575.8878375881096
2023-02-13 02:00:00,530.672541508025
2023-02-13 03:00:00,612.9594705316013
2023-02-13 04:00:00,500.9693734799064
2023-02-13 05:00:00,491.4250047916072
2023-02-13 06:00:00,608.9780727423989
2023-02-13 07:00:00,941.8839321044861
2023-02-13 08:00:00,967.3571076583147
2023-02-13 09:00:00,581.6446294852424
2023-02-13 10:00:00,743.1472333372518
2023-02-13 11:00:00,698.4596612199717
2023-02-13 12:00:00,693.0949080023672
2023-02-13 13:00:00,735.3463974994669
2023-02-13 14:00:00,726.0929151365368
2023-02-13 15:00:00,636.94431372063
2023-02-13 16:00:00,659.0616139890358
2023-02-13 17:00:00,905.2036541658981
2023-02-13 18:00:00,824.9774919396189
2023-02-13 19:00:00,665.8321413374964
2023-02-13 20:00:00,669.7612074513096
2023-02-13 21:00:00,660.4269506329563
2023-02-13 22:00:00,627.9877938461832
2023-02-13 23:00:00,523.135065282478
2023-02-14 00:00:00,548.9778371603422
2023-02-14 01:00:00,596.9091607703746
2023-02-14 02:00:00,571.7440061837773
2023-02-14 03:00:00,535.1754267165558
2023-02-14 04:00:00,580.8679484259338
2023-02-14 05:00:00,436.05829517479697
2023-02-14 06:00:00,645.9506280148842
2023-02-14 07:00:00,830.411448848876
2023-02-14 08:00:00,885.5023623438747
2023-02-14 09:00:00,555.2132042149542
2023-02-14 10:00:00,648.2127409711637
2023-02-14 11:00:00,746.4330714951408
2023-02-14 12:00:00,681.2919519475244
2023-02-14 13:00:00,713.8601552692286
2023-02-14 14:00:00,698.1231768448326
2023-02-14 15:00:00,719.0816330889248
2023-02-14 16:00:00,603.0728756424102
2023-02-14 17:00:00,798.6803110324572
2023-02-14 18:00:00,889.8506727778856
2023-02-14 19:00:00,630.2497366735475
2023-02-14 20:00:00,587.7367240536099
2023-02-14 21:00:00,632.8753935613635
2023-02-14 22:00:00,710.0303916253724
2023-02-14 23:00:00,584.0088696845397
2023-02-15 00:00:00,536.0539146236856
2023-02-15 01:00:00,536.0296918272628
2023-02-15 02:00:00,537.1345979513047
2023-02-15 03:00:00,633.0699193424336
2023-02-15 04:00:00,565.2774180892621
2023-02-15 05:00:00,567.2016658876428
2023-02-15 06:00:00,641.2113381612737
2023-02-15 07:00:00,909.5515663610605
2023-02-15 08:00:00,889.6383141671719
2023-02-15 09:00:00,592.1460060366009
2023-02-15 10:00:00,697.1359496234375
2023-02-15 11:00:00,698.5111105396063
2023-02-15 12:00:00,729.1051817454792
2023-02-15 13:00:00,702.077835432292
2023-02-15 14:00:00,729.3056030886231
2023-02-15 15:00:00,696.7713367956567
2023-02-15 16:00:00,603.1454076126436
2023-02-15 17:00:00,770.0719726187157
2023-02-15 18:00:00,886.6531069880992
2023-02-15 19:00:00,663.8595390359197
2023-02-15 20:00:00,689.9204043943861
2023-02-15 21:00:00,534.1497848722524
2023-02-15 22:00:00,733.5349881912291
2023-02-15 23:00:00,544.4164148737931
2023-02-16 00:00:00,594.3273126695007
2023-02-16 01:00:00,508.40376291497876
2023-02-16 02:00:00,574.5109562025028
2023-02-16 03:00:00,507.86337747305373
2023-02-16 04:00:00,525.0492415721678
2023-02-16 05:00:00,626.5612541546715
2023-02-16 06:00:00,592.3727039694661
2023-02-16 07:00:00,908.6973149271889
2023-02-16 08:00:00,934.8027092275502
2023-02-16 09:00:00,619.8272755189042
2023-02-16 10:00:00,706.016756205743
2023-02-16 11:00:00,714.598440098649
2023-02-16 12:00:00,796.136623409531
2023-02-16 13:00:00,697.6952481186565
2023-02-16 14:00:00,708.0439618685987
2023-02-16 15:00:00,742.0261758403045
2023-02-16 16:00:00,644.2210373183193
2023-02-16 17:00:00,897.4812122224153
2023-02-16 18:00:00,875.5492088811674
2023-02-16 19:00:00,604.2798034907806
2023-02-16 20:00:00,715.3372612920439
2023-02-16 21:00:00,604.1461842792525
2023-02-16 22:00:00,662.1054186095613
2023-02-16 23:00:00,519.8289659992257
2023-02-17 00:00:00,547.4344661362803
2023-02-17 01:00:00,563.1504964121392
2023-02-17 02:00:00,562.854288618011
2023-02-17 03:00:00,566.8768301694114
2023-02-17 04:00:00,614.5484507623459
2023-02-17 05:00:00,568.1413720605592
2023-02-17 06:00:00,590.2337345883741
2023-02-17 07:00:00,938.5634867315343
2023-02-17 08:00:00,947.5788195569856
2023-02-17 09:00:00,550.8956873945203
2023-02-17 10:00:00,723.8960027939943
2023-02-17 11:00:00,728.046909692436
2023-02-17 12:00:00,688.0974598656003
2023-02-17 13:00:00,755.0282725324648
2023-02-17 14:00:00,693.997776518699
2023-02-17 15:00:00,705.0230581388616
2023-02-17 16:00:00,593.0771270286452
2023-02-17 17:00:00,850.6231619032587
2023-02-17 18:00:00,806.148996524192
2023-02-17 19:00:00,592.3979646962282
2023-02-17 20:00:00,713.7802025289989
2023-02-17 21:00:00,616.1215460672669
2023-02-17 22:00:00,610.3443060217477
2023-02-17 23:00:00,463.8643954558514
2023-02-18 00:00:00,509.4415300924199
2023-02-18 01:00:00,482.07640826370005
2023-02-18 02:00:00,600.6806064054548
2023-02-18 03:00:00,575.3926835737054
2023-02-18 04:00:00,507.47398619289106
2023-02-18 05:00:00,625.0974322137723
2023-02-18 06:00:00,609.2706194796638
2023-02-18 07:00:00,767.006744659655
2023-02-18 08:00:00,680.0237714050571
2023-02-18 09:00:00,661.6377029036297
2023-02-18 10:00:00,584.4171013294562
2023-02-18 11:00:00,574.1840501217243
2023-02-18 12:00:00,680.9028172803856
2023-02-18 13:00:00,737.5900962535709
2023-02-18 14:00:00,695.3709127404207
2023-02-18 15:00:00,662.5563648020944
2023-02-18 16:00:00,593.7901736666114
2023-02-18 17:00:00,779.1366223512123
2023-02-18 18:00:00,775.3571435914706
2023-02-18 19:00:00,616.247656958775
2023-02-18 20:00:00,609.1680441580751
2023-02-18 21:00:00,602.4962748840192
2023-02-18 22:00:00,574.8414164453329
2023-02-18 23:00:00,523.772996925329
2023-02-19 00:00:00,467.2817274321846
2023-02-19 01:00:00,531.06641492821
2023-02-19 02:00:00,495.4563557139633
2023-02-19 03:00:00,490.85642731136915
2023-02-19 04:00:00,542.1957660461392
2023-02-19 05:00:00,590.6800914537839
2023-02-19 06:00:00,606.7326642400925
2023-02-19 07:00:00,717.1799758550729
2023-02-19 08:00:00,740.4148745371865
2023-02-19 09:00:00,607.6308475195286
2023-02-19 10:00:00,600.7005042584676
2023-02-19 11:00:00,631.014674000119
2023-02-19 12:00:00,662.0020839609821
2023-02-19 13:00:00,601.2662218054546
2023-02-19 14:00:00,644.2150202458384
2023-02-19 15:00:00,586.6389802032718
2023-02-19 16:00:00,545.9452942419515
2023-02-19 17:00:00,757.7912773657015
2023-02-19 18:00:00,681.2802506587333
2023-02-19 19:00:00,622.6189895184159
2023-02-19 20:00:00,604.2144880429328
2023-02-19 21:00:00,627.099598176686
2023-02-19 22:00:00,613.9565653625865
2023-02-19 23:00:00,589.5656171989538
2023-02-20 00:00:00,555.0089801059163
2023-02-20 01:00:00,532.8237783549898
2023-02-20 02:00:00,554.8919001212913
2023-02-20 03:00:00,571.7319211614555
2023-02-20 04:00:00,551.9544028130282
2023-02-20 05:00:00,551.6236676481553
2023-02-20 06:00:00,571.9203324877298
2023-02-20 07:00:00,873.4839632979621
2023-02-20 08:00:00,843.8957891280122
2023-02-20 09:00:00,669.9830697274775
2023-02-20 10:00:00,650.2454705843486
2023-02-20 11:00:00,672.2837920881638
2023-02-20 12:00:00,671.2637093772321
2023-02-20 13:00:00,735.7969750777777
2023-02-20 14:00:00,688.2020128683189
2023-02-20 15:00:00,749.9096829069493
2023-02-20 16:00:00,573.0603750302453
2023-02-20 17:00:00,861.1597664889521
2023-02-20 18:00:00,816.5861178696097
2023-02-20 19:00:00,735.8059651109355
2023-02-20 20:00:00,602.4960632388195
2023-02-20 21:00:00,662.3928284090811
2023-02-20 22:00:00,675.3510752372839
2023-02-20 23:00:00,566.55196389806
2023-02-21 00:00:00,542.5884936448916
2023-02-21 01:00:00,544.807172010663
2023-02-21 02:00:00,551.7524588791644
2023-02-21 03:00:00,544.1199199348605
2023-02-21 04:00:00,588.5551646717964
2023-02-21 05:00:00,638.4209200636541
2023-02-21 06:00:00,577.7003285996866
2023-02-21 07:00:00,845.2078808168369
2023-02-21 08:00:00,896.4687180659498
2023-02-21 09:00:00,703.1883735061728
2023-02-21 10:00:00,667.8530172812108
2023-02-21 11:00:00,765.5646722177627
2023-02-21 12:00:00,767.1080325630576
2023-02-21 13:00:00,677.8564703316803
2023-02-21 14:00:00,722.759323167411
2023-02-21 15:00:00,765.1358649251415
2023-02-21 16:00:00,584.8348903605005
2023-02-21 17:00:00,841.8567855959055
2023-02-21 18:00:00,826.7327634420542
2023-02-21 19:00:00,609.4097307722853
2023-02-21 20:00:00,624.0288981973597
2023-02-21 21:00:00,601.0423893295098
2023-02-21 22:00:00,651.363338730369
2023-02-21 23:00:00,519.2010707576543
2023-02-22 00:00:00,559.3514364716299
2023-02-22 01:00:00,487.7641741518549
2023-02-22 02:00:00,563.2352092885783
2023-02-22 03:00:00,583.341158464357
2023-02-22 04:00:00,470.2505742971418
2023-02-22 05:00:00,564.9622627939029
2023-02-22 06:00:00,649.1067596989317
2023-02-22 07:00:00,851.6143592523517
2023-02-22 08:00:00,966.9028954735081
2023-02-22 09:00:00,616.7607603746418
2023-02-22 10:00:00,671.7995257696637
2023-02-22 11:00:00,697.7692368936918
2023-02-22 12:00:00,722.3330765008689
2023-02-22 13:00:00,703.0402156564965
2023-02-22 14:00:00,721.5502396978547
2023-02-22 15:00:00,663.1730562768254
2023-02-22 16:00:00,606.7744329614432
2023-02-22 17:00:00,793.4514201238007
2023-02-22 18:00:00,845.550957546052
2023-02-22 19:00:00,613.8436943414084
2023-02-22 20:00:00,620.5788022964093
2023-02-22 21:00:00,699.4437270084175
2023-02-22 22:00:00,693.6524048237708
2023-02-22 23:00:00,574.365524836287
2023-02-23 00:00:00,506.30748941309685
2023-02-23 01:00:00,537.3436620122079
2023-02-23 02:00:00,598.5239079991674
2023-02-23 03:00:00,555.6686765455962
2023-02-23 04:00:00,642.7731815992678
2023-02-23 05:00:00,565.7327135757748
2023-02-23 06:00:00,607.6819646596012
2023-02-23 07:00:00,887.6353414319
2023-02-23 08:00:00,905.3416361912913
2023-02-23 09:00:00,593.9012065447782
2023-02-23 10:00:00,728.3243470675436
2023-02-23 11:00:00,738.2680926717834
2023-02-23 12:00:00,668.560421579682
2023-02-23 13:00:00,646.7506818576888
2023-02-23 14:00:00,626.5517850758681
2023-02-23 15:00:00,720.3196530765017
2023-02-23 16:00:00,555.8653357530451
2023-02-23 17:00:00,763.8843762819007
2023-02-23 18:00:00,865.5431441812385
2023-02-23 19:00:00,749.7199806973116
2023-02-23 20:00:00,649.7571635384043
2023-02-23 21:00:00,683.5396309780657
2023-02-23 22:00:00,653.2731743419026
2023-02-23 23:00:00,546.0444138723543
2023-02-24 00:00:00,586.7630593195107
2023-02-24 01:00:00,538.389018232454
2023-02-24 02:00:00,560.6956925628762
2023-02-24 03:00:00,562.8679122478405
2023-02-24 04:00:00,523.276381854278
2023-02-24 05:00:00,589.681693981461
2023-02-24 06:00:00,593.0016097321836
2023-02-24 07:00:00,869.7701936202862
2023-02-24 08:00:00,921.4603937428161
2023-02-24 09:00:00,564.0612807283585
2023-02-24 10:00:00,701.1272462947651
2023-02-24 11:00:00,699.6352401342318
2023-02-24 12:00:00,743.4358226332631
2023-02-24 13:00:00,718.9879293151981
2023-02-24 14:00:00,698.9989216501942
2023-02-24 15:00:00,732.7106519680115
2023-02-24 16:00:00,655.6083019606925
2023-02-24 17:00:00,872.3124122540745
2023-02-24 18:00:00,850.4141047937352
2023-02-24 19:00:00,597.5265507059936
2023-02-24 20:00:00,607.395453476985
2023-02-24 21:00:00,637.7910118258133
2023-02-24 22:00:00,625.6195119136287
2023-02-24 23:00:00,542.5211478805821
2023-02-25 00:00:00,537.2659969958843
2023-02-25 01:00:00,556.1877101742692
2023-02-25 02:00:00,532.1800488776363
2023-02-25 03:00:00,554.4600657530481
2023-02-25 04:00:00,537.5789765924048
2023-02-25 05:00:00,455.98133734584513
2023-02-25 06:00:00,532.4265842472498
2023-02-25 07:00:00,774.2364977711354
2023-02-25 08:00:00,731.6122102863557
2023-02-25 09:00:00,593.9971491998482
2023-02-25 10:00:00,701.2300332937479
2023-02-25 11:00:00,688.7504740678927
2023-02-25 12:00:00,631.4622851627917
2023-02-25 13:00:00,699.6290454739981
2023-02-25 14:00:00,645.9466982880845
2023-02-25 15:00:00,626.5165611552784
2023-02-25 16:00:00,545.4638934583625
2023-02-25 17:00:00,732.9012125404748
2023-02-25 18:00:00,729.4729272583509
2023-02-25 19:00:00,611.8166488950195
2023-02-25 20:00:00,611.4229592419946
2023-02-25 21:00:00,605.1218408061366
2023-02-25 22:00:00,622.477526789854
2023-02-25 23:00:00,582.6258509914536
2023-02-26 00:00:00,572.9821654176529
2023-02-26 01:00:00,475.6040812620039
2023-02-26 02:00:00,432.8431546039218
2023-02-26 03:00:00,572.372796449571
2023-02-26 04:00:00,480.32485206338316
2023-02-26 05:00:00,526.0093839242927
2023-02-26 06:00:00,523.1954789576256
2023-02-26 07:00:00,707.9207824967992
2023-02-26 08:00:00,801.6585091281916
2023-02-26 09:00:00,600.3662064121058
2023-02-26 10:00:00,616.9395839709313
2023-02-26 11:00:00,536.3583083142037
2023-02-26 12:00:00,618.1502220699007
2023-02-26 13:00:00,655.6721602161018
2023-02-26 14:00:00,580.8435372490349
2023-02-26 15:00:00,647.3343967911662
2023-02-26 16:00:00,569.3876060330801
2023-02-26 17:00:00,768.1716599840436
2023-02-26 18:00:00,749.7832147365662
2023-02-26 19:00:00,566.0772423647378
2023-02-26 20:00:00,652.8628600665796
2023-02-26 21:00:00,598.6588170789212
2023-02-26 22:00:00,603.9078184196027
2023-02-26 23:00:00,497.6692816370722
2023-02-27 00:00:00,532.2687099523396
2023-02-27 01:00:00,514.607891438924
2023-02-27 02:00:00,543.082157603063
2023-02-27 03:00:00,618.4683392056937
2023-02-27 04:00:00,495.12395428274573
2023-02-27 05:00:00,485.45754408493036
2023-02-27 06:00:00,658.8468130997444
2023-02-27 07:00:00,891.6270529139254
2023-02-27 08:00:00,873.2370904536033
2023-02-27 09:00:00,641.5961874958431
2023-02-27 10:00:00,675.7753784105255
2023-02-27 11:00:00,773.0403885418774
2023-02-27 12:00:00,727.1170348535708
2023-02-27 13:00:00,680.4835436741719
2023-02-27 14:00:00,786.2923285306201
2023-02-27 15:00:00,675.7714030798664
2023-02-27 16:00:00,629.6838148803723
2023-02-27 17:00:00,861.9717032162597
2023-02-27 18:00:00,902.0696515759519
2023-02-27 19:00:00,712.4604478690741
2023-02-27 20:00:00,651.2801659626307
2023-02-27 21:00:00,619.8632851861527
2023-02-27 22:00:00,668.3988857175647
2023-02-27 23:00:00,522.8913852099157
2023-02-28 00:00:00,630.5354899010649
2023-02-28 01:00:00,555.4614132433095
2023-02-28 02:00:00,535.3871379475156
2023-02-28 03:00:00,557.3872122345963
2023-02-28 04:00:00,496.11494841881216
2023-02-28 05:00:00,511.13543845957395
2023-02-28 06:00:00,648.016556317777
2023-02-28 07:00:00,873.7242288411442
2023-02-28 08:00:00,858.1235606927224
2023-02-28 09:00:00,621.4661101010914
2023-02-28 10:00:00,747.4281661865199
2023-02-28 11:00:00,728.7581324266026
2023-02-28 12:00:00,739.8419074322327
2023-02-28 13:00:00,669.7281964572215
2023-02-28 14:00:00,643.1275733303263
2023-02-28 15:00:00,760.0533460782194
2023-02-28 16:00:00,587.0928064463146
2023-02-28 17:00:00,839.9666793417981
2023-02-28 18:00:00,903.1277656739624
2023-02-28 19:00:00,672.2492003760264
2023-02-28 20:00:00,668.2355108832643
2023-02-28 21:00:00,736.6000937960433
2023-02-28 22:00:00,624.2592707847942
2023-02-28 23:00:00,587.1136051232495
2023-03-01 00:00:00,552.2805249958834
2023-03-01 01:00:00,560.7436911545303
2023-03-01 02:00:00,611.1387370565012
2023-03-01 03:00:00,570.3134302515849
2023-03-01 04:00:00,571.5318431619853
2023-03-01 05:00:00,592.900293492392
2023-03-01 06:00:00,585.4018908182846
2023-03-01 07:00:00,866.4316133064398
2023-03-01 08:00:00,858.2076322391587
2023-03-01 09:00:00,521.3457364249599
2023-03-01 10:00:00,782.2482851976129
2023-03-01 11:00:00,655.8716653711326
2023-03-01 12:00:00,691.1498550565691
2023-03-01 13:00:00,688.9274680044432
2023-03-01 14:00:00,712.296267912364
2023-03-01 15:00:00,732.6294885015718
2023-03-01 16:00:00,634.4189395343898
2023-03-01 17:00:00,826.6769024572425
2023-03-01 18:00:00,843.3151314485435
2023-03-01 19:00:00,661.303198019532
2023-03-01 20:00:00,640.0523549526581
2023-03-01 21:00:00,714.2938230407997
2023-03-01 22:00:00,669.63899806553
2023-03-01 23:00:00,579.3951114419926
2023-03-02 00:00:00,576.5152507466966
2023-03-02 01:00:00,596.938954299413
2023-03-02 02:00:00,557.2408623481483
2023-03-02 03:00:00,498.12672208176616
2023-03-02 04:00:00,565.9875180701057
2023-03-02 05:00:00,523.9457242483269
2023-03-02 06:00:00,578.8553327300098
2023-03-02 07:00:00,923.4545607502038
2023-03-02 08:00:00,949.5313228573455
2023-03-02 09:00:00,600.8508630694424
2023-03-02 10:00:00,712.3533205039586
2023-03-02 11:00:00,768.0885977854095
2023-03-02 12:00:00,709.6301271795427
2023-03-02 13:00:00,804.0673245672158
2023-03-02 14:00:00,722.6203858252618
2023-03-02 15:00:00,629.5694896337673
2023-03-02 16:00:00,630.1336648441813
2023-03-02 17:00:00,865.2463353953111
2023-03-02 18:00:00,901.5901101633099
2023-03-02 19:00:00,676.9272540507983
2023-03-02 20:00:00,644.461760640649
2023-03-02 21:00:00,601.0280705484254
2023-03-02 22:00:00,641.639069708559
2023-03-02 23:00:00,515.979181831628
2023-03-03 00:00:00,526.779062007811
2023-03-03 01:00:00,573.5431361768244
2023-03-03 02:00:00,616.7961801740562
2023-03-03 03:00:00,565.7868611929192
2023-03-03 04:00:00,502.1646775185926
2023-03-03 05:00:00,567.7841067288057
2023-03-03 06:00:00,647.865259465826
2023-03-03 07:00:00,875.6086838272247
2023-03-03 08:00:00,894.6393133330832
2023-03-03 09:00:00,600.5875277891679
2023-03-03 10:00:00,668.6040674767104
2023-03-03 11:00:00,725.9312173537544
2023-03-03 12:00:00,695.1620740556888
2023-03-03 13:00:00,716.7812977562811
2023-03-03 14:00:00,664.500312887916
2023-03-03 15:00:00,682.5016679870636
2023-03-03 16:00:00,628.8952543131109
2023-03-03 17:00:00,835.0866739163293
2023-03-03 18:00:00,919.0785540493362
2023-03-03 19:00:00,634.0145525754159
2023-03-03 20:00:00,658.9873890300754
2023-03-03 21:00:00,687.3036332749236
2023-03-03 22:00:00,593.2653706826787
2023-03-03 23:00:00,479.56764752076896
2023-03-04 00:00:00,473.9737474171962
2023-03-04 01:00:00,585.5033641370873
2023-03-04 02:00:00,512.9256741643021
2023-03-04 03:00:00,637.3279714267301
2023-03-04 04:00:00,512.4300960537045
2023-03-04 05:00:00,542.3820521278815
2023-03-04 06:00:00,631.684398102715
2023-03-04 07:00:00,860.2437155263649
2023-03-04 08:00:00,862.4601430654559
2023-03-04 09:00:00,618.3346492237257
2023-03-04 10:00:00,680.9625010324585
2023-03-04 11:00:00,663.7010779680473
2023-03-04 12:00:00,671.1344430466655
2023-03-04 13:00:00,617.9525713468587
2023-03-04 14:00:00,607.2720446631077
2023-03-04 15:00:00,639.8650217035619
2023-03-04 16:00:00,563.1926150990029
2023-03-04 17:00:00,726.8708780269089
2023-03-04 18:00:00,772.8554978982686
2023-03-04 19:00:00,643.2122083428204
2023-03-04 20:00:00,608.5362754516739
2023-03-04 21:00:00,664.1012032422104
2023-03-04 22:00:00,559.3324354346598
2023-03-04 23:00:00,527.2536216288113
2023-03-05 00:00:00,506.3271071758878
2023-03-05 01:00:00,460.33853531707757
2023-03-05 02:00:00,531.692772566292
2023-03-05 03:00:00,530.1300996646687
2023-03-05 04:00:00,595.5379897296853
2023-03-05 05:00:00,560.2324673821911
2023-03-05 06:00:00,529.0325270268318
2023-03-05 07:00:00,854.1637026533675
2023-03-05 08:00:00,828.8413478210141
2023-03-05 09:00:00,593.2839081387447
2023-03-05 10:00:00,630.9406360460067
2023-03-05 11:00:00,601.6224305310608
2023-03-05 12:00:00,625.1117289571579
2023-03-05 13:00:00,683.5499447881674
2023-03-05 14:00:00,715.3834522373844
2023-03-05 15:00:00,701.7297411308875
2023-03-05 16:00:00,550.4460231285491
2023-03-05 17:00:00,700.2153026684396
2023-03-05 18:00:00,750.6354498764482
2023-03-05 19:00:00,534.2624253774859
2023-03-05 20:00:00,617.9267085673913
2023-03-05 21:00:00,599.0958965480532
2023-03-05 22:00:00,586.3585399252703
2023-03-05 23:00:00,471.2118773093282
2023-03-06 00:00:00,570.5440042627887
2023-03-06 01:00:00,528.6919664135236
2023-03-06 02:00:00,503.2033265715885
2023-03-06 03:00:00,435.109511468734
2023-03-06 04:00:00,548.8994037979745
2023-03-06 05:00:00,620.8900638667898
2023-03-06 06:00:00,666.4503685819147
2023-03-06 07:00:00,881.7161497365491
2023-03-06 08:00:00,875.9115175855288
2023-03-06 09:00:00,618.7509702430009
2023-03-06 10:00:00,660.0645824324683
2023-03-06 11:00:00,712.0716759927786
2023-03-06 12:00:00,730.6432111353876
2023-03-06 13:00:00,749.0773289553723
2023-03-06 14:00:00,695.9938369408019
2023-03-06 15:00:00,691.8530499929213
2023-03-06 16:00:00,564.8806965297375
2023-03-06 17:00:00,816.9247858384056
2023-03-06 18:00:00,840.9408443239389
2023-03-06 19:00:00,664.6946202726472
2023-03-06 20:00:00,686.54338504933
2023-03-06 21:00:00,617.8728419727862
2023-03-06 22:00:00,709.7075427583809
2023-03-06 23:00:00,539.1550559582972
2023-03-07 00:00:00,549.1453082260625
2023-03-07 01:00:00,520.111532834087
2023-03-07 02:00:00,453.03038958908235
2023-03-07 03:00:00,585.3618158544419
2023-03-07 04:00:00,579.4737558836973
2023-03-07 05:00:00,538.7468977152714
2023-03-07 06:00:00,602.6796286889949
2023-03-07 07:00:00,920.6375687081639
2023-03-07 08:00:00,837.4981657245382
2023-03-07 09:00:00,578.8378929061482
2023-03-07 10:00:00,731.7705871848731
2023-03-07 11:00:00,649.82842307323
2023-03-07 12:00:00,711.7423172866652
2023-03-07 13:00:00,645.7367278150638
2023-03-07 14:00:00,718.6571992973411
2023-03-07 15:00:00,698.5743407081006
2023-03-07 16:00:00,535.3947273637796
2023-03-07 17:00:00,896.5895741782869
2023-03-07 18:00:00,820.616336928078
2023-03-07 19:00:00,617.5899025194248
2023-03-07 20:00:00,658.0227678892377
2023-03-07 21:00:00,695.9454939771487
2023-03-07 22:00:00,609.3671272408641
2023-03-07 23:00:00,552.4671939939188
2023-03-08 00:00:00,567.1526600132229
2023-03-08 01:00:00,577.7242242905257
2023-03-08 02:00:00,557.057662211089
2023-03-08 03:00:00,535.3188864366671
2023-03-08 04:00:00,516.8963911740512
2023-03-08 05:00:00,553.445755321855
2023-03-08 06:00:00,557.1144395205757
2023-03-08 07:00:00,783.1459806602157
2023-03-08 08:00:00,917.4623921663067
2023-03-08 09:00:00,636.1573936434478
2023-03-08 10:00:00,605.4827025783264
2023-03-08 11:00:00,659.6107718116025
2023-03-08 12:00:00,724.7661704402079
2023-03-08 13:00:00,782.299818788468
2023-03-08 14:00:00,700.8317483070164
2023-03-08 15:00:00,670.8798823508346
2023-03-08 16:00:00,592.6841423558064
2023-03-08 17:00:00,904.9950567659274
2023-03-08 18:00:00,824.1614328350186
2023-03-08 19:00:00,618.0323197339899
2023-03-08 20:00:00,630.6902591127186
2023-03-08 21:00:00,611.8668556696515
2023-03-08 22:00:00,654.9068126397918
2023-03-08 23:00:00,614.9871383387824
2023-03-09 00:00:00,562.9231709246411
2023-03-09 01:00:00,539.9058599149485
2023-03-09 02:00:00,538.3275492433783
2023-03-09 03:00:00,487.4723676521337
2023-03-09 04:00:00,585.3243910858864
2023-03-09 05:00:00,546.886512119488
2023-03-09 06:00:00,592.780803456375
2023-03-09 07:00:00,1027.7243027137945
2023-03-09 08:00:00,911.9501163346274
2023-03-09 09:00:00,569.9283579961926
2023-03-09 10:00:00,682.9456961517783
2023-03-09 11:00:00,745.9378283678702
2023-03-09 12:00:00,704.5308164215106
2023-03-09 13:00:00,642.4688808673053
2023-03-09 14:00:00,736.7691573830082
2023-03-09 15:00:00,673.2742365784402
2023-03-09 16:00:00,674.9319110487019
2023-03-09 17:00:00,893.201922628586
2023-03-09 18:00:00,832.1071241736499
2023-03-09 19:00:00,701.2406544694045
2023-03-09 20:00:00,652.7142204210961
2023-03-09 21:00:00,684.1109470048888
2023-03-09 22:00:00,669.389312691779
2023-03-09 23:00:00,516.1457338003651
2023-03-10 00:00:00,524.2580067073015
2023-03-10 01:00:00,591.1984327032465
2023-03-10 02:00:00,536.6089867157384
2023-03-10 03:00:00,533.8540614703202
2023-03-10 04:00:00,511.7950968260259
2023-03-10 05:00:00,566.9439626237385
2023-03-10 06:00:00,682.5009967697258
2023-03-10 07:00:00,857.2986834298291
2023-03-10 08:00:00,900.9687782669104
2023-03-10 09:00:00,656.4888222166171
2023-03-10 10:00:00,696.8143443501714
2023-03-10 11:00:00,718.0948718499893
2023-03-10 12:00:00,657.5042588741248
2023-03-10 13:00:00,717.1322838883059
2023-03-10 14:00:00,692.5142293998181
2023-03-10 15:00:00,739.4291998271946
2023-03-10 16:00:00,647.4954420625901
2023-03-10 17:00:00,953.5825456807446
2023-03-10 18:00:00,873.1853269285431
2023-03-10 19:00:00,663.0318526632867
2023-03-10 20:00:00,657.7753720630934
2023-03-10 21:00:00,635.8733482875724
2023-03-10 22:00:00,663.5393537384676
2023-03-10 23:00:00,538.1839435944388
2023-03-11 00:00:00,541.7384390507846
2023-03-11 01:00:00,587.7039014243184
2023-03-11 02:00:00,494.7382973888144
2023-03-11 03:00:00,580.5951424451619
2023-03-11 04:00:00,587.6846026935946
2023-03-11 05:00:00,530.2772589203569
2023-03-11 06:00:00,485.1258040396562
2023-03-11 07:00:00,755.6871205162226
2023-03-11 08:00:00,831.8797818624444
2023-03-11 09:00:00,569.0852775080447
2023-03-11 10:00:00,600.0279107082035
2023-03-11 11:00:00,619.8090031508713
2023-03-11 12:00:00,673.6248010601821
2023-03-11 13:00:00,661.8693427280551
2023-03-11 14:00:00,630.4427160332123
2023-03-11 15:00:00,625.3270235274125
2023-03-11 16:00:00,554.3296740382472
2023-03-11 17:00:00,708.1035926200599
2023-03-11 18:00:00,809.6150275787777
2023-03-11 19:00:00,592.1071812315464
2023-03-11 20:00:00,653.6863408330198
2023-03-11 21:00:00,665.8526420768981
2023-03-11 22:00:00,644.9324359259184
2023-03-11 23:00:00,517.7351874912781
2023-03-12 00:00:00,551.1492036134644
2023-03-12 01:00:00,534.0321757443634
2023-03-12 02:00:00,498.8519255707949
2023-03-12 03:00:00,547.9743712688642
2023-03-12 04:00:00,487.8384083536079
2023-03-12 05:00:00,582.5071755384625
2023-03-12 06:00:00,551.4153081080643
2023-03-12 07:00:00,788.0463862349136
2023-03-12 08:00:00,791.3315148618457
2023-03-12 09:00:00,559.6438010518369
2023-03-12 10:00:00,663.467752059011
2023-03-12 11:00:00,621.003853735099
2023-03-12 12:00:00,674.8518918982898
2023-03-12 13:00:00,586.1608127901301
2023-03-12 14:00:00,645.0551831818565
2023-03-12 15:00:00,717.5571599623314
2023-03-12 16:00:00,529.986747015777
2023-03-12 17:00:00,717.890201179006
2023-03-12 18:00:00,765.5563139863566
2023-03-12 19:00:00,612.1832712775839
2023-03-12 20:00:00,619.0252039709424
2023-03-12 21:00:00,624.5674852059066
2023-03-12 22:00:00,630.3888587424708
2023-03-12 23:00:00,579.3879936782489
2023-03-13 00:00:00,566.3927462771405
2023-03-13 01:00:00,540.3496938152583
2023-03-13 02:00:00,576.9029480481092
2023-03-13 03:00:00,625.9952773958087
2023-03-13 04:00:00,544.6946501446971
2023-03-13 05:00:00,511.0188278131743
2023-03-13 06:00:00,644.2832267714789
2023-03-13 07:00:00,895.1847534418561
2023-03-13 08:00:00,813.0932181594385
2023-03-13 09:00:00,633.8968670860169
2023-03-13 10:00:00,678.586872561843
2023-03-13 11:00:00,696.3786687078335
2023-03-13 12:00:00,713.2792132227606
2023-03-13 13:00:00,707.6199871911626
2023-03-13 14:00:00,728.3780726855616
2023-03-13 15:00:00,682.5805451772063
2023-03-13 16:00:00,620.5242319270433
2023-03-13 17:00:00,839.6181328966433
2023-03-13 18:00:00,879.5524192355001
2023-03-13 19:00:00,674.6146993605221
2023-03-13 20:00:00,612.5824519182162
2023-03-13 21:00:00,693.4392846470013
2023-03-13 22:00:00,628.561462195438
2023-03-13 23:00:00,582.3223119312458
2023-03-14 00:00:00,564.6914925360536
2023-03-14 01:00:00,623.5273470718049
2023-03-14 02:00:00,541.0613607051259
2023-03-14 03:00:00,536.0273281552721
2023-03-14 04:00:00,549.2232157644906
2023-03-14 05:00:00,537.872808686629
2023-03-14 06:00:00,631.997676077682
2023-03-14 07:00:00,835.3475756625364
2023-03-14 08:00:00,857.8527032341458
2023-03-14 09:00:00,557.2878831368323
2023-03-14 10:00:00,738.012303678943
2023-03-14 11:00:00,768.424534903277
2023-03-14 12:00:00,695.8220312585012
2023-03-14 13:00:00,693.2471310723996
2023-03-14 14:00:00,702.8020865245272
2023-03-14 15:00:00,746.4751321043276
2023-03-14 16:00:00,562.905874632377
2023-03-14 17:00:00,859.5347593093913
2023-03-14 18:00:00,889.0079051912971
2023-03-14 19:00:00,670.0437667975938
2023-03-14 20:00:00,657.5832646639498
2023-03-14 21:00:00,690.0418437026857
2023-03-14 22:00:00,541.8707082800305
2023-03-14 23:00:00,577.1150127812363
2023-03-15 00:00:00,523.836972674903
2023-03-15 01:00:00,476.7746841257417
2023-03-15 02:00:00,570.4481039809992
2023-03-15 03:00:00,604.9463418065183
2023-03-15 04:00:00,544.5020594148923
2023-03-15 05:00:00,588.1149818881175
2023-03-15 06:00:00,664.4911303195458
2023-03-15 07:00:00,952.5965781433619
2023-03-15 08:00:00,965.5985811748558
2023-03-15 09:00:00,629.6850996428757
2023-03-15 10:00:00,703.0173455560637
2023-03-15 11:00:00,635.9213675241133
2023-03-15 12:00:00,690.1575004748021
2023-03-15 13:00:00,666.2701361873524
2023-03-15 14:00:00,786.8377086999126
2023-03-15 15:00:00,692.9645675027066
2023-03-15 16:00:00,604.9281922713794
2023-03-15 17:00:00,872.0594150416186
2023-03-15 18:00:00,851.7440978548982
2023-03-15 19:00:00,717.8020416172301
2023-03-15 20:00:00,625.0940255306219
2023-03-15 21:00:00,657.7842982094897
2023-03-15 22:00:00,620.301176572078
2023-03-15 23:00:00,497.1990995511718
2023-03-16 00:00:00,525.5292363637886
2023-03-16 01:00:00,548.5185281180635
2023-03-16 02:00:00,532.8279110193096
2023-03-16 03:00:00,522.3031608050458
2023-03-16 04:00:00,493.7473014531266
2023-03-16 05:00:00,546.6757770948523
2023-03-16 06:00:00,539.81118503876
2023-03-16 07:00:00,930.4022385475841
2023-03-16 08:00:00,903.2975901173801
2023-03-16 09:00:00,541.6979400214028
2023-03-16 10:00:00,687.6316369180055
2023-03-16 11:00:00,669.9137437763767
2023-03-16 12:00:00,712.7669804167672
2023-03-16 13:00:00,753.6180178409257
2023-03-16 14:00:00,624.9931012141702
2023-03-16 15:00:00,704.6010431658967
2023-03-16 16:00:00,593.5946881773344
2023-03-16 17:00:00,876.8536030580186
2023-03-16 18:00:00,858.5278651295075
2023-03-16 19:00:00,619.9212267304472
2023-03-16 20:00:00,637.2378425733352
2023-03-16 21:00:00,618.1589657278604
2023-03-16 22:00:00,693.0402855439439
2023-03-16 23:00:00,550.8524659468777
2023-03-17 00:00:00,626.0476274301203
2023-03-17 01:00:00,547.5735674474151
2023-03-17 02:00:00,521.6637293235815
2023-03-17 03:00:00,489.4514242954869
2023-03-17 04:00:00,477.8744129497622
2023-03-17 05:00:00,486.6345622797804
2023-03-17 06:00:00,610.6850660404593
2023-03-17 07:00:00,920.3490009291974
2023-03-17 08:00:00,836.7523719187146
2023-03-17 09:00:00,635.8015325630446
2023-03-17 10:00:00,680.6775579326625
2023-03-17 11:00:00,705.8717204794219
2023-03-17 12:00:00,764.488825130217
2023-03-17 13:00:00,735.8735726346213
2023-03-17 14:00:00,689.2587740837668
2023-03-17 15:00:00,664.3523109833885
2023-03-17 16:00:00,513.9273839468278
2023-03-17 17:00:00,821.2338672303032
2023-03-17 18:00:00,841.5547904468922
2023-03-17 19:00:00,610.5128189139526
2023-03-17 20:00:00,644.7497213163078
2023-03-17 21:00:00,653.0740753183508
2023-03-17 22:00:00,641.0057607276768
2023-03-17 23:00:00,523.9998967670616
2023-03-18 00:00:00,541.746186878669
2023-03-18 01:00:00,552.6776259827764
2023-03-18 02:00:00,491.38403690228614
2023-03-18 03:00:00,591.4372951898508
2023-03-18 04:00:00,531.0564747086295
2023-03-18 05:00:00,535.7539849177939
2023-03-18 06:00:00,598.3285769302623
2023-03-18 07:00:00,789.32864525054
2023-03-18 08:00:00,818.1254653565298
2023-03-18 09:00:00,581.484966608073
2023-03-18 10:00:00,615.5025050143825
2023-03-18 11:00:00,654.460141008244
2023-03-18 12:00:00,594.2509517071735
2023-03-18 13:00:00,644.3423882310609
2023-03-18 14:00:00,638.6708003742216
2023-03-18 15:00:00,631.6753257090984
2023-03-18 16:00:00,564.8584995424428
2023-03-18 17:00:00,669.7260381800944
2023-03-18 18:00:00,723.0510036903615
2023-03-18 19:00:00,608.7137960456446
2023-03-18 20:00:00,611.394255679896
2023-03-18 21:00:00,563.8929943629616
2023-03-18 22:00:00,655.628313634588
2023-03-18 23:00:00,500.35300607141994
2023-03-19 00:00:00,573.7782880210694
2023-03-19 01:00:00,552.0877744748674
2023-03-19 02:00:00,509.15090760624787
2023-03-19 03:00:00,606.0124357043804
2023-03-19 04:00:00,487.2545267297408
2023-03-19 05:00:00,571.7661669444001
2023-03-19 06:00:00,610.0232927217191
2023-03-19 07:00:00,753.1751916369342
2023-03-19 08:00:00,835.6986120025731
2023-03-19 09:00:00,559.9981394160419
2023-03-19 10:00:00,651.5477451711943
2023-03-19 11:00:00,650.4128735508489
2023-03-19 12:00:00,634.6276503411781
2023-03-19 13:00:00,672.4323309263913
2023-03-19 14:00:00,671.7395488220885
2023-03-19 15:00:00,570.0587210704728
2023-03-19 16:00:00,622.1736097151261
2023-03-19 17:00:00,678.500320478573
2023-03-19 18:00:00,786.3018481736663
2023-03-19 19:00:00,650.0682054731034
2023-03-19 20:00:00,561.3613427913921
2023-03-19 21:00:00,588.5674284818166
2023-03-19 22:00:00,560.7718132605626
2023-03-19 23:00:00,526.4031587884506
2023-03-20 00:00:00,537.6786286325704
2023-03-20 01:00:00,581.1864212907736
2023-03-20 02:00:00,602.4123498447843
2023-03-20 03:00:00,605.8273524315982
2023-03-20 04:00:00,527.5132789368679
2023-03-20 05:00:00,541.6311250502189
2023-03-20 06:00:00,532.662472311162
2023-03-20 07:00:00,867.7651973401524
2023-03-20 08:00:00,938.5940653238983
2023-03-20 09:00:00,664.6233129419293
2023-03-20 10:00:00,650.6260451248031
2023-03-20 11:00:00,676.3014296338843
2023-03-20 12:00:00,698.9437697216429
2023-03-20 13:00:00,711.2064463527843
2023-03-20 14:00:00,667.6158592031342
2023-03-20 15:00:00,716.9624417785636
2023-03-20 16:00:00,581.0464261171634
2023-03-20 17:00:00,849.4219091648688
2023-03-20 18:00:00,871.8513699201479
2023-03-20 19:00:00,650.2568907924375
2023-03-20 20:00:00,632.5445643789373
2023-03-20 21:00:00,645.6156078429667
2023-03-20 22:00:00,646.4654816317866
2023-03-20 23:00:00,535.1995588047149
2023-03-21 00:00:00,539.6481574933159
2023-03-21 01:00:00,613.9458868201887
2023-03-21 02:00:00,572.4367779176496
2023-03-21 03:00:00,538.1807872788336
2023-03-21 04:00:00,577.8781761804295
2023-03-21 05:00:00,536.6472204097596
2023-03-21 06:00:00,646.9249855034657
2023-03-21 07:00:00,914.7856876879238
2023-03-21 08:00:00,895.7079142398309
2023-03-21 09:00:00,617.9086770324111
2023-03-21 10:00:00,637.16495391726
2023-03-21 11:00:00,654.9293012436078
2023-03-21 12:00:00,652.2429997440378
2023-03-21 13:00:00,705.7177237905482
2023-03-21 14:00:00,769.3005999794036
2023-03-21 15:00:00,789.2520058477053
2023-03-21 16:00:00,625.5220440576303
2023-03-21 17:00:00,870.0337789977783
2023-03-21 18:00:00,777.9576906338905
2023-03-21 19:00:00,628.2930480106392
2023-03-21 20:00:00,618.4886499236704
2023-03-21 21:00:00,625.1660960699553
2023-03-21 22:00:00,643.2742472566084
2023-03-21 23:00:00,531.1163768921149
2023-03-22 00:00:00,470.8280075849685
2023-03-22 01:00:00,579.9164102447014
2023-03-22 02:00:00,507.0902789704077
2023-03-22 03:00:00,559.569874564446
2023-03-22 04:00:00,632.9633067899989
2023-03-22 05:00:00,513.224616336543
2023-03-22 06:00:00,498.78849909014684
2023-03-22 07:00:00,888.5598311247956
2023-03-22 08:00:00,944.0383853999429
2023-03-22 09:00:00,678.3338981688238
2023-03-22 10:00:00,650.8180162219033
2023-03-22 11:00:00,719.8679689294609
2023-03-22 12:00:00,681.3875817287978
2023-03-22 13:00:00,695.7620658278346
2023-03-22 14:00:00,805.7737338806814
2023-03-22 15:00:00,639.8811868641939
2023-03-22 16:00:00,610.149586459783
2023-03-22 17:00:00,868.7077268706173
2023-03-22 18:00:00,893.4314529975738
2023-03-22 19:00:00,653.9193261388358
2023-03-22 20:00:00,662.3220215801641
2023-03-22 21:00:00,634.3340573031284
2023-03-22 22:00:00,660.7650776498043
2023-03-22 23:00:00,536.2723089801036
2023-03-23 00:00:00,574.862875594242
2023-03-23 01:00:00,535.2155865582546
2023-03-23 02:00:00,565.0840157560874
2023-03-23 03:00:00,548.8294874526009
2023-03-23 04:00:00,595.0420100308868
2023-03-23 05:00:00,547.9442510564605
2023-03-23 06:00:00,529.0787012717248
2023-03-23 07:00:00,950.4768600285597
2023-03-23 08:00:00,863.7707079654953
2023-03-23 09:00:00,573.8493464540472
2023-03-23 10:00:00,676.1735482382603
2023-03-23 11:00:00,754.9775237268327
2023-03-23 12:00:00,614.5730314408522
2023-03-23 13:00:00,825.5099413463997
2023-03-23 14:00:00,742.2422723626421
2023-03-23 15:00:00,708.9295565651664
2023-03-23 16:00:00,597.8042399753485
2023-03-23 17:00:00,861.4221629943063
2023-03-23 18:00:00,870.8448971351735
2023-03-23 19:00:00,675.8086234380023
2023-03-23 20:00:00,672.2241786401379
2023-03-23 21:00:00,653.5832272502099
2023-03-23 22:00:00,642.1064631877069
2023-03-23 23:00:00,543.9490686538595
2023-03-24 00:00:00,542.2036687858928
2023-03-24 01:00:00,595.3508038746826
2023-03-24 02:00:00,573.7422688912345
2023-03-24 03:00:00,432.3844546134288
2023-03-24 04:00:00,576.2360310611905
2023-03-24 05:00:00,557.789447788751
2023-03-24 06:00:00,599.2516497421641
2023-03-24 07:00:00,884.4592618764445
2023-03-24 08:00:00,944.9645087994405
2023-03-24 09:00:00,637.9010584849143
2023-03-24 10:00:00,669.0848932870556
2023-03-24 11:00:00,716.2820914849814
2023-03-24 12:00:00,661.1337306183485
2023-03-24 13:00:00,644.8152734084427
2023-03-24 14:00:00,674.9313110164014
2023-03-24 15:00:00,734.4957388953103
2023-03-24 16:00:00,638.1250018150434
2023-03-24 17:00:00,870.5234168038917
2023-03-24 18:00:00,879.0038314739198
2023-03-24 19:00:00,670.6471314845984
2023-03-24 20:00:00,624.3407361910819
2023-03-24 21:00:00,667.2769017869576
2023-03-24 22:00:00,682.0163810091072
2023-03-24 23:00:00,580.171653192543
2023-03-25 00:00:00,582.5565348589857
2023-03-25 01:00:00,563.3321538880425
2023-03-25 02:00:00,549.0579283016633
2023-03-25 03:00:00,577.8060095326571
2023-03-25 04:00:00,533.9391496300376
2023-03-25 05:00:00,499.7250139508913
2023-03-25 06:00:00,563.4773214422495
2023-03-25 07:00:00,750.203894207742
2023-03-25 08:00:00,752.9928690010247
2023-03-25 09:00:00,564.2192531713793
2023-03-25 10:00:00,608.3032031600015
2023-03-25 11:00:00,627.6815388144383
2023-03-25 12:00:00,564.2554133218486
2023-03-25 13:00:00,648.5317482949175
2023-03-25 14:00:00,640.048219014489
2023-03-25 15:00:00,607.3164547572724
2023-03-25 16:00:00,596.3698267372962
2023-03-25 17:00:00,782.5028055050624
2023-03-25 18:00:00,680.697605425241
2023-03-25 19:00:00,574.4910088573514
2023-03-25 20:00:00,574.234306008508
2023-03-25 21:00:00,567.4038759556454
2023-03-25 22:00:00,638.1789936772699
2023-03-25 23:00:00,527.2469544490879
2023-03-26 00:00:00,524.4194063475755
2023-03-26 01:00:00,454.84550542372983
2023-03-26 02:00:00,560.416721208369
2023-03-26 03:00:00,485.4296642058611
2023-03-26 04:00:00,537.3973052106531
2023-03-26 05:00:00,546.0950775183277
2023-03-26 06:00:00,624.4263438335461
2023-03-26 07:00:00,727.6471840352356
2023-03-26 08:00:00,659.219513767167
2023-03-26 09:00:00,577.3539817901478
2023-03-26 10:00:00,712.0204472604341
2023-03-26 11:00:00,689.5578541175774
2023-03-26 12:00:00,648.386376610985
2023-03-26 13:00:00,620.3345525747181
2023-03-26 14:00:00,672.2849038654924
2023-03-26 15:00:00,601.0581520118212
2023-03-26 16:00:00,589.0543107742487
2023-03-26 17:00:00,765.218806366665
2023-03-26 18:00:00,787.4083962999551
2023-03-26 19:00:00,715.3864015564432
2023-03-26 20:00:00,620.6966386871507
2023-03-26 21:00:00,584.6414549717
2023-03-26 22:00:00,603.9770275123202
2023-03-26 23:00:00,464.2369638044353
2023-03-27 00:00:00,522.2114747564377
2023-03-27 01:00:00,533.6287024754758
2023-03-27 02:00:00,529.0364640826162
2023-03-27 03:00:00,556.0941948813489
2023-03-27 04:00:00,517.103202704712
2023-03-27 05:00:00,594.8412266929788
2023-03-27 06:00:00,600.0082825967279
2023-03-27 07:00:00,899.6279871544555
2023-03-27 08:00:00,886.8842113394833
2023-03-27 09:00:00,606.2076273543591
2023-03-27 10:00:00,733.0039305867053
2023-03-27 11:00:00,665.314791371564
2023-03-27 12:00:00,673.6753404369897
2023-03-27 13:00:00,687.8509588489334
2023-03-27 14:00:00,646.1651630610714
2023-03-27 15:00:00,667.2296856111401
2023-03-27 16:00:00,580.9511650582136
2023-03-27 17:00:00,884.9755672285091
2023-03-27 18:00:00,860.502453160077
2023-03-27 19:00:00,657.7435964547018
2023-03-27 20:00:00,684.0359184867189
2023-03-27 21:00:00,644.5051284640241
2023-03-27 22:00:00,665.6185939971556
2023-03-27 23:00:00,545.8711298827002
2023-03-28 00:00:00,560.6144939759852
2023-03-28 01:00:00,526.6896536955367
2023-03-28 02:00:00,452.44731366894285
2023-03-28 03:00:00,544.6288335125479
2023-03-28 04:00:00,606.9099254439976
2023-03-28 05:00:00,587.0486160896637
2023-03-28 06:00:00,638.6158993836468
2023-03-28 07:00:00,949.4452288722487
2023-03-28 08:00:00,903.5463036384575
2023-03-28 09:00:00,607.8926282962238
2023-03-28 10:00:00,675.293924182626
2023-03-28 11:00:00,687.3570857589181
2023-03-28 12:00:00,724.6308459908456
2023-03-28 13:00:00,748.1553774867526
2023-03-28 14:00:00,694.42214897276
2023-03-28 15:00:00,681.9924294059435
2023-03-28 16:00:00,600.0211183542639
2023-03-28 17:00:00,874.0482699571646
2023-03-28 18:00:00,792.2458073546584
2023-03-28 19:00:00,558.1527618745105
2023-03-28 20:00:00,627.9785260203366
2023-03-28 21:00:00,601.1715029634337
2023-03-28 22:00:00,629.6743920941076
2023-03-28 23:00:00,544.0887872473012
2023-03-29 00:00:00,531.8700636390795
2023-03-29 01:00:00,608.0987013788298
2023-03-29 02:00:00,563.0697905840929
2023-03-29 03:00:00,562.0189743844331
2023-03-29 04:00:00,574.888285761736
2023-03-29 05:00:00,504.44667528876926
2023-03-29 06:00:00,641.5644714968107
2023-03-29 07:00:00,896.9694285385816
2023-03-29 08:00:00,926.8192246896485
2023-03-29 09:00:00,557.1257106783938
2023-03-29 10:00:00,637.8496493593574
2023-03-29 11:00:00,732.7155863210012
2023-03-29 12:00:00,715.0563810439006
2023-03-29 13:00:00,663.9179378256996
2023-03-29 14:00:00,665.2134767490122
2023-03-29 15:00:00,745.0173913765908
2023-03-29 16:00:00,552.4235242853069
2023-03-29 17:00:00,915.7069181302386
2023-03-29 18:00:00,813.9751706140853
2023-03-29 19:00:00,675.5356770243353
2023-03-29 20:00:00,636.8552609700406
2023-03-29 21:00:00,674.1274972432938
2023-03-29 22:00:00,628.2354399154323
2023-03-29 23:00:00,543.4882837571082
2023-03-30 00:00:00,551.6367670158288
2023-03-30 01:00:00,509.9125017687411
2023-03-30 02:00:00,579.632973816805
2023-03-30 03:00:00,529.4714573411366
2023-03-30 04:00:00,540.8560033863993
2023-03-30 05:00:00,510.2260250156595
2023-03-30 06:00:00,497.5066536481876
2023-03-30 07:00:00,892.3588894959933
2023-03-30 08:00:00,996.5046168645166
2023-03-30 09:00:00,631.3841715159209
2023-03-30 10:00:00,699.2295848106243
2023-03-30 11:00:00,689.4843668316693
2023-03-30 12:00:00,700.8986357124819
2023-03-30 13:00:00,721.8847646070084
2023-03-30 14:00:00,652.7674873876462
2023-03-30 15:00:00,744.5728677867548
2023-03-30 16:00:00,628.6152526176497
2023-03-30 17:00:00,878.7274290283174
2023-03-30 18:00:00,867.5390295523891
2023-03-30 19:00:00,650.7846663077596
2023-03-30 20:00:00,676.9144494386728
2023-03-30 21:00:00,673.6725653496551
2023-03-30 22:00:00,635.838371562359
2023-03-30 23:00:00,527.0559290841239
2023-03-31 00:00:00,554.0742518104795
2023-03-31 01:00:00,611.9608060598075
2023-03-31 02:00:00,500.43571697384397
2023-03-31 03:00:00,491.2989893699024
2023-03-31 04:00:00,556.5904336494607
2023-03-31 05:00:00,552.0355080742407
2023-03-31 06:00:00,606.9336665748164
2023-03-31 07:00:00,909.75812791634
2023-03-31 08:00:00,891.0719098146078
2023-03-31 09:00:00,659.5945375440833
2023-03-31 10:00:00,635.9638408609394
2023-03-31 11:00:00,666.8601190087902
2023-03-31 12:00:00,695.8698095940381
2023-03-31 13:00:00,634.2724475538333
2023-03-31 14:00:00,692.9658238227172
2023-03-31 15:00:00,766.4588066291208
2023-03-31 16:00:00,600.8354595318385
2023-03-31 17:00:00,859.2280362287473
2023-03-31 18:00:00,799.5934093930967
2023-03-31 19:00:00,625.3455436784209
2023-03-31 20:00:00,634.9921447870425
2023-03-31 21:00:00,637.2913961297506
2023-03-31 22:00:00,701.2657518001507
2023-03-31 23:00:00,572.307642429005
2023-04-01 00:00:00,490.5416817225187
2023-04-01 01:00:00,544.8601911372801
2023-04-01 02:00:00,554.9288699398714
2023-04-01 03:00:00,580.6059615408507
2023-04-01 04:00:00,598.2216274627349
2023-04-01 05:00:00,494.39623232688524
2023-04-01 06:00:00,537.5656995515865
2023-04-01 07:00:00,729.6968856434154
2023-04-01 08:00:00,770.6392056357207
2023-04-01 09:00:00,588.6543349778534
2023-04-01 10:00:00,679.493380663564
2023-04-01 11:00:00,636.9619590542991
2023-04-01 12:00:00,627.2060990698062
2023-04-01 13:00:00,646.0703196899497
2023-04-01 14:00:00,606.594283934799
2023-04-01 15:00:00,723.581548867791
2023-04-01 16:00:00,505.69355891527766
2023-04-01 17:00:00,752.389623155829
2023-04-01 18:00:00,825.9442487691856
2023-04-01 19:00:00,605.2719937823999
2023-04-01 20:00:00,597.3984385999403
2023-04-01 21:00:00,590.702183087583
2023-04-01 22:00:00,597.7843327295037
2023-04-01 23:00:00,589.9139389870612
2023-04-02 00:00:00,446.5255235468197
2023-04-02 01:00:00,596.337348051853
2023-04-02 02:00:00,478.04171390199417
2023-04-02 03:00:00,524.3339068306234
2023-04-02 04:00:00,517.8302231880535
2023-04-02 05:00:00,558.5421307908288
2023-04-02 06:00:00,506.0750259246501
2023-04-02 07:00:00,798.4869066432777
2023-04-02 08:00:00,860.9723849314742
2023-04-02 09:00:00,515.4730398162876
2023-04-02 10:00:00,647.5882467044158
2023-04-02 11:00:00,613.5207128881357
2023-04-02 12:00:00,657.0354882477214
2023-04-02 13:00:00,640.7659110966301
2023-04-02 14:00:00,614.3405236382276
2023-04-02 15:00:00,659.514891394843
2023-04-02 16:00:00,642.1739243914698
2023-04-02 17:00:00,737.363848330908
2023-04-02 18:00:00,773.7903176859272
2023-04-02 19:00:00,553.2690816851534
2023-04-02 20:00:00,566.7425449272796
2023-04-02 21:00:00,623.8962511152151
2023-04-02 22:00:00,664.3646411414386
2023-04-02 23:00:00,549.2245339514265
2023-04-03 00:00:00,537.4776787790738
2023-04-03 01:00:00,549.9716562169342
2023-04-03 02:00:00,499.9836906412113
2023-04-03 03:00:00,574.1806130542146
2023-04-03 04:00:00,585.2933224929363
2023-04-03 05:00:00,531.9163866866768
2023-04-03 06:00:00,581.19831408962
2023-04-03 07:00:00,910.6351291860819
2023-04-03 08:00:00,882.5312105583762
2023-04-03 09:00:00,597.3546954149671
2023-04-03 10:00:00,783.9888715666606
2023-04-03 11:00:00,690.1189719701601
2023-04-03 12:00:00,685.6663939191511
2023-04-03 13:00:00,674.0983277745936
2023-04-03 14:00:00,729.7676788599974
2023-04-03 15:00:00,692.7510330712759
2023-04-03 16:00:00,574.025078467143
2023-04-03 17:00:00,902.8521612909204
2023-04-03 18:00:00,906.7841201805455
2023-04-03 19:00:00,625.9830573704518
2023-04-03 20:00:00,575.3384019455754
2023-04-03 21:00:00,690.3005475934768
2023-04-03 22:00:00,622.6148069695998
2023-04-03 23:00:00,581.6250239665108
2023-04-04 00:00:00,471.19584729152655
2023-04-04 01:00:00,585.7038935319724
2023-04-04 02:00:00,501.5531228287688
2023-04-04 03:00:00,579.230564762661
2023-04-04 04:00:00,550.5709227134573
2023-04-04 05:00:00,511.8424232241342
2023-04-04 06:00:00,583.7185474829288
2023-04-04 07:00:00,927.452738278268
2023-04-04 08:00:00,904.2357781246094
2023-04-04 09:00:00,623.3765192188994
2023-04-04 10:00:00,779.0576233806194
2023-04-04 11:00:00,637.430335531558
2023-04-04 12:00:00,764.688502998745
2023-04-04 13:00:00,704.1742375009285
2023-04-04 14:00:00,664.0486380670749
2023-04-04 15:00:00,646.7874549704404
2023-04-04 16:00:00,592.4351843689186
2023-04-04 17:00:00,886.8660044769783
2023-04-04 18:00:00,844.8980351848986
2023-04-04 19:00:00,710.4461972098939
2023-04-04 20:00:00,591.9529723979376
2023-04-04 21:00:00,649.5164420861578
2023-04-04 22:00:00,599.9042622234753
2023-04-04 23:00:00,564.5452753049988
2023-04-05 00:00:00,585.475495603892
2023-04-05 01:00:00,533.1695282527579
2023-04-05 02:00:00,445.8314457349146
2023-04-05 03:00:00,557.9579258718597
2023-04-05 04:00:00,567.4695420693404
2023-04-05 05:00:00,566.1717901984679
2023-04-05 06:00:00,649.4312876728861
2023-04-05 07:00:00,857.157852814038
2023-04-05 08:00:00,927.208644218018
2023-04-05 09:00:00,647.700300499119
2023-04-05 10:00:00,628.8564966397394
2023-04-05 11:00:00,712.786073036759
2023-04-05 12:00:00,679.8328067596931
2023-04-05 13:00:00,696.7390930759342
2023-04-05 14:00:00,713.9070593415335
2023-04-05 15:00:00,680.5108574354579
2023-04-05 16:00:00,572.9716768335355
2023-04-05 17:00:00,851.366096699521
2023-04-05 18:00:00,806.5101624454879
2023-04-05 19:00:00,606.5669948445926
2023-04-05 20:00:00,677.1749313182602
2023-04-05 21:00:00,604.0482385936538
2023-04-05 22:00:00,676.6525000363685
2023-04-05 23:00:00,568.5036517141581
2023-04-06 00:00:00,480.96773084837616
2023-04-06 01:00:00,522.8974139065738
2023-04-06 02:00:00,597.7643761218949
2023-04-06 03:00:00,510.7533787544127
2023-04-06 04:00:00,531.4238295076245
2023-04-06 05:00:00,568.4824357300758
2023-04-06 06:00:00,631.3356203713038
2023-04-06 07:00:00,889.9384445582202
2023-04-06 08:00:00,876.0995922123343
2023-04-06 09:00:00,656.8947944679403
2023-04-06 10:00:00,769.5559865519032
2023-04-06 11:00:00,739.1543220312718
2023-04-06 12:00:00,703.4127257026009
2023-04-06 13:00:00,667.6693711343629
2023-04-06 14:00:00,666.7822237377374
2023-04-06 15:00:00,720.9005642106303
2023-04-06 16:00:00,616.7359288355474
2023-04-06 17:00:00,906.0639437178572
2023-04-06 18:00:00,876.0180037014455
2023-04-06 19:00:00,589.8767879296073
2023-04-06 20:00:00,692.0779047089168
2023-04-06 21:00:00,610.0775749074235
2023-04-06 22:00:00,634.641149121906
2023-04-06 23:00:00,560.0080082500677
2023-04-07 00:00:00,629.8266995913585
2023-04-07 01:00:00,674.3967422402144
2023-04-07 02:00:00,574.2689223654473
2023-04-07 03:00:00,542.6721352511845
2023-04-07 04:00:00,571.380225939222
2023-04-07 05:00:00,585.5062170349535
2023-04-07 06:00:00,587.1732949777123
2023-04-07 07:00:00,971.8084542364929
2023-04-07 08:00:00,909.2028303676561
2023-04-07 09:00:00,619.9097235636558
2023-04-07 10:00:00,726.6369700821784
2023-04-07 11:00:00,716.8634644245782
2023-04-07 12:00:00,733.5576200187845
2023-04-07 13:00:00,675.309872538123
2023-04-07 14:00:00,677.6679298421587
2023-04-07 15:00:00,655.9938306811322
2023-04-07 16:00:00,617.580049224809
2023-04-07 17:00:00,881.1574601404845
2023-04-07 18:00:00,868.3109146460754
2023-04-07 19:00:00,716.9796973339015
2023-04-07 20:00:00,649.7761592468381
2023-04-07 21:00:00,676.7496662237005
2023-04-07 22:00:00,606.3319649544275
2023-04-07 23:00:00,534.516011901024
2023-04-08 00:00:00,562.821510302631
2023-04-08 01:00:00,568.9640844297257
2023-04-08 02:00:00,523.2413220934327
2023-04-08 03:00:00,532.1360299256773
2023-04-08 04:00:00,474.28505013276765
2023-04-08 05:00:00,520.7188319677356
2023-04-08 06:00:00,605.6153265407914
2023-04-08 07:00:00,803.0082006442626
2023-04-08 08:00:00,800.0266288552484
2023-04-08 09:00:00,571.9909474872384
2023-04-08 10:00:00,640.282526345127
2023-04-08 11:00:00,613.5871544210621
2023-04-08 12:00:00,667.9531368081014
2023-04-08 13:00:00,656.8389177755756
2023-04-08 14:00:00,659.680753919712
2023-04-08 15:00:00,618.9586062932968
2023-04-08 16:00:00,483.86628320515024
2023-04-08 17:00:00,788.8861084701479
2023-04-08 18:00:00,725.8465017596639
2023-04-08 19:00:00,570.4889694382751
2023-04-08 20:00:00,632.7391564765597
2023-04-08 21:00:00,589.3194944032348
2023-04-08 22:00:00,647.3974553618649
2023-04-08 23:00:00,559.6802379830679
2023-04-09 00:00:00,562.3427729280191
2023-04-09 01:00:00,480.3617715519786
2023-04-09 02:00:00,583.477759415456
2023-04-09 03:00:00,545.4500212493542
2023-04-09 04:00:00,520.2289144301519
2023-04-09 05:00:00,540.73553869369
2023-04-09 06:00:00,498.9505906840672
2023-04-09 07:00:00,796.3461124592268
2023-04-09 08:00:00,738.8251396727171
2023-04-09 09:00:00,515.8931885662586
2023-04-09 10:00:00,579.1056325512843
2023-04-09 11:00:00,684.507534999597
2023-04-09 12:00:00,614.8294642522884
2023-04-09 13:00:00,701.34910839666
2023-04-09 14:00:00,618.5679414779081
2023-04-09 15:00:00,571.7056816962821
2023-04-09 16:00:00,525.3390224020536
2023-04-09 17:00:00,794.4324648002776
2023-04-09 18:00:00,738.7640728825334
2023-04-09 19:00:00,583.0685081403759
2023-04-09 20:00:00,611.4007290341115
2023-04-09 21:00:00,625.0713094467018
2023-04-09 22:00:00,649.6959526360985
2023-04-09 23:00:00,592.939969195717
2023-04-10 00:00:00,535.6092541684366
2023-04-10 01:00:00,496.9580925567185
2023-04-10 02:00:00,533.461393555069
2023-04-10 03:00:00,560.4112202633155
2023-04-10 04:00:00,511.4496429515756
2023-04-10 05:00:00,511.7139634041983
2023-04-10 06:00:00,613.7515152619955
2023-04-10 07:00:00,898.053905937182
2023-04-10 08:00:00,901.3118798164635
2023-04-10 09:00:00,569.6601866119972
2023-04-10 10:00:00,690.7839714317693
2023-04-10 11:00:00,663.0306742292678
2023-04-10 12:00:00,735.6079364449914
2023-04-10 13:00:00,741.4099733889501
2023-04-10 14:00:00,626.1524855104763
2023-04-10 15:00:00,662.8195655923035
2023-04-10 16:00:00,540.1388297963969
2023-04-10 17:00:00,823.9990426237241
2023-04-10 18:00:00,846.6624812083855
2023-04-10 19:00:00,592.0141912120588
2023-04-10 20:00:00,613.1256074749874
2023-04-10 21:00:00,609.8417051167401
2023-04-10 22:00:00,658.2906931759578
2023-04-10 23:00:00,552.77377348145
2023-04-11 00:00:00,521.1304978665098
2023-04-11 01:00:00,557.072834885576
2023-04-11 02:00:00,528.1327966165094
2023-04-11 03:00:00,539.1337955869578
2023-04-11 04:00:00,616.9380836119415
2023-04-11 05:00:00,603.6184420716139
2023-04-11 06:00:00,548.0167505228961
2023-04-11 07:00:00,933.189296715167
2023-04-11 08:00:00,932.4558621796637
2023-04-11 09:00:00,554.0694684498952
2023-04-11 10:00:00,732.7511057501945
2023-04-11 11:00:00,761.5172767365021
2023-04-11 12:00:00,655.0982077502234
2023-04-11 13:00:00,663.2998871594294
2023-04-11 14:00:00,740.7064586737401
2023-04-11 15:00:00,710.8598124330259
2023-04-11 16:00:00,622.0590510095809
2023-04-11 17:00:00,863.6235686560199
2023-04-11 18:00:00,865.6278368371258
2023-04-11 19:00:00,596.9411148675567
2023-04-11 20:00:00,691.8927082648579
2023-04-11 21:00:00,696.783599697111
2023-04-11 22:00:00,640.8243702372789
2023-04-11 23:00:00,548.2609220074455
2023-04-12 00:00:00,488.75569989777114
2023-04-12 01:00:00,570.5701902407134
2023-04-12 02:00:00,572.8822976685658
2023-04-12 03:00:00,547.5123593200276
2023-04-12 04:00:00,594.9741343948201
2023-04-12 05:00:00,536.6369107608024
2023-04-12 06:00:00,622.584237035744
2023-04-12 07:00:00,859.2134264523154
2023-04-12 08:00:00,899.0579139650305
2023-04-12 09:00:00,593.0258296838865
2023-04-12 10:00:00,709.0123168816376
2023-04-12 11:00:00,685.2189228466657
2023-04-12 12:00:00,694.7410961731333
2023-04-12 13:00:00,733.0418868576603
2023-04-12 14:00:00,682.5294305104713
2023-04-12 15:00:00,635.7369159704529
2023-04-12 16:00:00,669.9833561682168
2023-04-12 17:00:00,905.2581631476195
2023-04-12 18:00:00,798.3094921957753
2023-04-12 19:00:00,677.5883122098078
2023-04-12 20:00:00,629.8810091779462
2023-04-12 21:00:00,660.5394886132424
2023-04-12 22:00:00,661.7689651605398
2023-04-12 23:00:00,540.6236879873471
2023-04-13 00:00:00,518.6493733765442
2023-04-13 01:00:00,522.3783579073496
2023-04-13 02:00:00,513.3523233807502
2023-04-13 03:00:00,516.7271116707822
2023-04-13 04:00:00,547.3128683980258
2023-04-13 05:00:00,521.36960043557
2023-04-13 06:00:00,627.2820826285048
2023-04-13 07:00:00,959.4898462134371
2023-04-13 08:00:00,876.7978703451982
2023-04-13 09:00:00,609.5761800214151
2023-04-13 10:00:00,719.9874044121174
2023-04-13 11:00:00,718.8800908367709
2023-04-13 12:00:00,703.0382107166434
2023-04-13 13:00:00,729.7072967343889
2023-04-13 14:00:00,719.2899581072263
2023-04-13 15:00:00,650.4935031069081
2023-04-13 16:00:00,634.7662425755709
2023-04-13 17:00:00,885.4916334906696
2023-04-13 18:00:00,819.4685558328567
2023-04-13 19:00:00,651.5175134179041
2023-04-13 20:00:00,677.3331597124428
2023-04-13 21:00:00,641.6274472168255
2023-04-13 22:00:00,692.9191219106405
2023-04-13 23:00:00,644.5548997847744
2023-04-14 00:00:00,518.5605586946007
2023-04-14 01:00:00,494.758215873849
2023-04-14 02:00:00,562.152743824195
2023-04-14 03:00:00,578.8625002050458
2023-04-14 04:00:00,540.7653450462093
2023-04-14 05:00:00,608.1304265328414
2023-04-14 06:00:00,546.4557680110701
2023-04-14 07:00:00,927.7167449212644
2023-04-14 08:00:00,875.7655671696442
2023-04-14 09:00:00,668.7751162482919
2023-04-14 10:00:00,779.7006141267248
2023-04-14 11:00:00,669.3337364886661
2023-04-14 12:00:00,678.0177145636568
2023-04-14 13:00:00,734.383515479192
2023-04-14 14:00:00,684.5147740084194
2023-04-14 15:00:00,698.1835512827105
2023-04-14 16:00:00,601.0155368216964
2023-04-14 17:00:00,773.2130737520938
2023-04-14 18:00:00,849.4464901562305
2023-04-14 19:00:00,622.4108890374331
2023-04-14 20:00:00,630.2750871040091
2023-04-14 21:00:00,707.7452801387526
2023-04-14 22:00:00,599.7397242288298
2023-04-14 23:00:00,582.528207469919
2023-04-15 00:00:00,523.8414827867276
2023-04-15 01:00:00,523.8095932601666
2023-04-15 02:00:00,566.6148758420685
2023-04-15 03:00:00,548.6020517827557
2023-04-15 04:00:00,557.8245198887812
2023-04-15 05:00:00,573.7273864213145
2023-04-15 06:00:00,556.747664672667
2023-04-15 07:00:00,755.51053061969
2023-04-15 08:00:00,736.5939789376881
2023-04-15 09:00:00,536.9835788008418
2023-04-15 10:00:00,757.963777012349
2023-04-15 11:00:00,689.7871832294715
2023-04-15 12:00:00,585.9570253516791
2023-04-15 13:00:00,587.1016817302572
2023-04-15 14:00:00,659.2746424687397
2023-04-15 15:00:00,661.8905918951186
2023-04-15 16:00:00,591.9553534126945
2023-04-15 17:00:00,734.8017682578521
2023-04-15 18:00:00,739.981829599884
2023-04-15 19:00:00,618.1151809663743
2023-04-15 20:00:00,608.4357202517332
2023-04-15 21:00:00,516.2279850900986
2023-04-15 22:00:00,595.8080147769922
2023-04-15 23:00:00,500.94374262958746
2023-04-16 00:00:00,542.0084567563405
2023-04-16 01:00:00,654.4103601041364
2023-04-16 02:00:00,549.6992666189722
2023-04-16 03:00:00,522.458812553104
2023-04-16 04:00:00,571.87206007909
2023-04-16 05:00:00,554.3075154883685
2023-04-16 06:00:00,586.8037796180737
2023-04-16 07:00:00,804.2740237286268
2023-04-16 08:00:00,862.2617425931817
2023-04-16 09:00:00,524.7644625869634
2023-04-16 10:00:00,658.9452830724582
2023-04-16 11:00:00,602.9447548007385
2023-04-16 12:00:00,662.2205058536899
2023-04-16 13:00:00,603.2525395405562
2023-04-16 14:00:00,623.3053274557966
2023-04-16 15:00:00,628.1964034304838
2023-04-16 16:00:00,609.0326687737884
2023-04-16 17:00:00,781.7381777576966
2023-04-16 18:00:00,695.1713049421446
2023-04-16 19:00:00,607.197364439994
2023-04-16 20:00:00,576.616805810033
2023-04-16 21:00:00,554.6598035729867
2023-04-16 22:00:00,596.3193179830251
2023-04-16 23:00:00,522.6606884617672
2023-04-17 00:00:00,647.0686594538209
2023-04-17 01:00:00,567.3183930144279
2023-04-17 02:00:00,494.8952999698305
2023-04-17 03:00:00,527.4090398331623
2023-04-17 04:00:00,590.855331817176
2023-04-17 05:00:00,633.537710914797
2023-04-17 06:00:00,536.5606675104816
2023-04-17 07:00:00,824.8030245944382
2023-04-17 08:00:00,974.8386070148713
2023-04-17 09:00:00,615.5845670948362
2023-04-17 10:00:00,665.2682907249454
2023-04-17 11:00:00,721.3851634448974
2023-04-17 12:00:00,594.5700904393249
2023-04-17 13:00:00,700.1350202638864
2023-04-17 14:00:00,713.1128469137234
2023-04-17 15:00:00,736.9708055815132
2023-04-17 16:00:00,559.4441619082985
2023-04-17 17:00:00,853.4274864561344
2023-04-17 18:00:00,812.9830149576165
2023-04-17 19:00:00,660.2153502269726
2023-04-17 20:00:00,614.186147105479
2023-04-17 21:00:00,633.6759664335912
2023-04-17 22:00:00,610.1673842083908
2023-04-17 23:00:00,576.0454496729462
2023-04-18 00:00:00,584.3380446662666
2023-04-18 01:00:00,540.6151772017034
2023-04-18 02:00:00,551.5295197984011
2023-04-18 03:00:00,492.0563434146582
2023-04-18 04:00:00,538.0129340797286
2023-04-18 05:00:00,547.9918153183302
2023-04-18 06:00:00,704.831723641199
2023-04-18 07:00:00,855.5213189690335
2023-04-18 08:00:00,958.5670895500975
2023-04-18 09:00:00,639.8743509386323
2023-04-18 10:00:00,711.2254561796054
2023-04-18 11:00:00,770.3448193678054
2023-04-18 12:00:00,714.8842189042745
2023-04-18 13:00:00,715.5663678267172
2023-04-18 14:00:00,697.8751738792981
2023-04-18 15:00:00,748.9427552967451
2023-04-18 16:00:00,643.8587693524354
2023-04-18 17:00:00,824.9729085001516
2023-04-18 18:00:00,797.2301122160493
2023-04-18 19:00:00,641.8807745041737
2023-04-18 20:00:00,617.9984574240941
2023-04-18 21:00:00,647.4590170153858
2023-04-18 22:00:00,699.4975253873656
2023-04-18 23:00:00,531.7079337965284
2023-04-19 00:00:00,548.287064747537
2023-04-19 01:00:00,552.3209093923358
2023-04-19 02:00:00,583.9372352882114
2023-04-19 03:00:00,460.1244266406158
2023-04-19 04:00:00,525.7319882093881
2023-04-19 05:00:00,558.4513476911789
2023-04-19 06:00:00,648.0031582570745
2023-04-19 07:00:00,880.3239020997518
2023-04-19 08:00:00,824.937891758325
2023-04-19 09:00:00,624.7884578386454
2023-04-19 10:00:00,674.5855044469748
2023-04-19 11:00:00,652.4133336363856
2023-04-19 12:00:00,675.026184411471
2023-04-19 13:00:00,692.618985693766
2023-04-19 14:00:00,675.8102134184714
2023-04-19 15:00:00,611.7773577160373
2023-04-19 16:00:00,635.8826478754853
2023-04-19 17:00:00,900.9950016511489
2023-04-19 18:00:00,876.0608796535803
2023-04-19 19:00:00,604.4925731830074
2023-04-19 20:00:00,641.9403386420993
2023-04-19 21:00:00,649.7391473908217
2023-04-19 22:00:00,673.9517755824764
2023-04-19 23:00:00,576.7336195487233
2023-04-20 00:00:00,520.6330480488601
2023-04-20 01:00:00,553.2798222565424
2023-04-20 02:00:00,568.2912161846097
2023-04-20 03:00:00,608.2328928858707
2023-04-20 04:00:00,578.1802615929889
2023-04-20 05:00:00,581.5622674950207
2023-04-20 06:00:00,603.3530651171744
2023-04-20 07:00:00,956.4183658081402
2023-04-20 08:00:00,916.3905118383799
2023-04-20 09:00:00,565.5564835930572
2023-04-20 10:00:00,756.1347988050077
2023-04-20 11:00:00,727.9161309015611
2023-04-20 12:00:00,682.2782391548607
2023-04-20 13:00:00,680.8202813040302
2023-04-20 14:00:00,711.8630218056305
2023-04-20 15:00:00,718.5273918107034
2023-04-20 16:00:00,607.8916906252482
2023-04-20 17:00:00,862.4523469377154
2023-04-20 18:00:00,917.9982949830552
2023-04-20 19:00:00,692.8617260893955
2023-04-20 20:00:00,657.625423650601
2023-04-20 21:00:00,687.6524232306994
2023-04-20 22:00:00,608.6990438588984
2023-04-20 23:00:00,565.9170819978724
2023-04-21 00:00:00,622.3722539893245
2023-04-21 01:00:00,541.2781641843051
2023-04-21 02:00:00,516.0946428552367
2023-04-21 03:00:00,523.9164444562775
2023-04-21 04:00:00,506.4146785063045
2023-04-21 05:00:00,518.6095236748919
2023-04-21 06:00:00,585.1796760563989
2023-04-21 07:00:00,843.7773192328543
2023-04-21 08:00:00,900.6247333579842
2023-04-21 09:00:00,636.0910869514659
2023-04-21 10:00:00,663.6897527941231
2023-04-21 11:00:00,760.7713569456707
2023-04-21 12:00:00,720.4316835411038
2023-04-21 13:00:00,741.2232234249623
2023-04-21 14:00:00,673.6866178459145
2023-04-21 15:00:00,734.1810090826647
2023-04-21 16:00:00,556.3226439841875
2023-04-21 17:00:00,885.6099000334603
2023-04-21 18:00:00,856.8735735917412
2023-04-21 19:00:00,672.1300487993914
2023-04-21 20:00:00,602.9762157750059
2023-04-21 21:00:00,614.1972063089358
2023-04-21 22:00:00,673.8891287301354
2023-04-21 23:00:00,512.066079831032
2023-04-22 00:00:00,553.5282516839649
2023-04-22 01:00:00,480.31448774159014
2023-04-22 02:00:00,568.9269685066668
2023-04-22 03:00:00,485.69906740925967
2023-04-22 04:00:00,557.091997507181
2023-04-22 05:00:00,560.0252373458401
2023-04-22 06:00:00,542.129127262817
2023-04-22 07:00:00,803.2810626833891
2023-04-22 08:00:00,790.4176905333422
2023-04-22 09:00:00,548.4463257522905
2023-04-22 10:00:00,599.6578126369517
2023-04-22 11:00:00,561.4949723330968
2023-04-22 12:00:00,653.9860018919877
2023-04-22 13:00:00,577.4078891455177
2023-04-22 14:00:00,643.8137679776523
2023-04-22 15:00:00,629.46207135671
2023-04-22 16:00:00,597.1657110175278
2023-04-22 17:00:00,732.9181800204054
2023-04-22 18:00:00,731.8220885461163
2023-04-22 19:00:00,634.2748281715318
2023-04-22 20:00:00,618.4023211633647
2023-04-22 21:00:00,617.6462382873111
2023-04-22 22:00:00,623.7707035923411
2023-04-22 23:00:00,473.57711507171575
2023-04-23 00:00:00,565.2715471994793
2023-04-23 01:00:00,559.4987517605441
2023-04-23 02:00:00,494.3326748569401
2023-04-23 03:00:00,525.2367810530319
2023-04-23 04:00:00,533.4277084948948
2023-04-23 05:00:00,529.6201286239307
2023-04-23 06:00:00,583.3543986627413
2023-04-23 07:00:00,837.2546712732474
2023-04-23 08:00:00,823.2706691069131
2023-04-23 09:00:00,517.5112322627438
2023-04-23 10:00:00,664.8827996122419
2023-04-23 11:00:00,693.1573327814164
2023-04-23 12:00:00,655.4723408275681
2023-04-23 13:00:00,683.6392170074387
2023-04-23 14:00:00,720.4908178280306
2023-04-23 15:00:00,680.9483818442793
2023-04-23 16:00:00,579.9723438256691
2023-04-23 17:00:00,786.8035389633901
2023-04-23 18:00:00,750.7955133238756
2023-04-23 19:00:00,605.9561217313982
2023-04-23 20:00:00,590.9434305714507
2023-04-23 21:00:00,667.5365343532843
2023-04-23 22:00:00,572.2628533623199
2023-04-23 23:00:00,596.2947089871246
2023-04-24 00:00:00,569.9945649496149
2023-04-24 01:00:00,494.02775300792234
2023-04-24 02:00:00,564.7059717196569
2023-04-24 03:00:00,465.99893969393503
2023-04-24 04:00:00,575.0203206732415
2023-04-24 05:00:00,585.4092593195596
2023-04-24 06:00:00,576.3057617739179
2023-04-24 07:00:00,904.9419078382233
2023-04-24 08:00:00,978.1662973500114
2023-04-24 09:00:00,579.7701318295225
2023-04-24 10:00:00,657.643696517736
2023-04-24 11:00:00,759.2665360985039
2023-04-24 12:00:00,778.5034876212318
2023-04-24 13:00:00,700.1478268739139
2023-04-24 14:00:00,740.4585214163343
2023-04-24 15:00:00,753.6590366212353
2023-04-24 16:00:00,570.3006306984646
2023-04-24 17:00:00,830.5877665852853
2023-04-24 18:00:00,899.2349805261894
2023-04-24 19:00:00,717.4005711483404
2023-04-24 20:00:00,672.5152344069742
2023-04-24 21:00:00,614.8074258599179
2023-04-24 22:00:00,729.4824444679776
2023-04-24 23:00:00,528.7611640875214
2023-04-25 00:00:00,536.594488753142
2023-04-25 01:00:00,563.6935133795848
2023-04-25 02:00:00,612.166416828591
2023-04-25 03:00:00,584.1590390620889
2023-04-25 04:00:00,566.5946200144764
2023-04-25 05:00:00,568.5315412047242
2023-04-25 06:00:00,601.7405867457386
2023-04-25 07:00:00,922.3255805807403
2023-04-25 08:00:00,798.8175968922279
2023-04-25 09:00:00,588.1357016372081
2023-04-25 10:00:00,709.6528773966712
2023-04-25 11:00:00,653.9594366552197
2023-04-25 12:00:00,715.4529327124624
2023-04-25 13:00:00,691.8211511605551
2023-04-25 14:00:00,770.2190279326196
2023-04-25 15:00:00,762.9207890085943
2023-04-25 16:00:00,581.3677772352735
2023-04-25 17:00:00,843.9664915373322
2023-04-25 18:00:00,847.0420973756643
2023-04-25 19:00:00,631.9336209536151
2023-04-25 20:00:00,657.800999361125
2023-04-25 21:00:00,619.6687172444964
2023-04-25 22:00:00,604.775386602499
2023-04-25 23:00:00,574.9084489560107
2023-04-26 00:00:00,575.1811833688724
2023-04-26 01:00:00,517.8273696136004
2023-04-26 02:00:00,585.814217230504
2023-04-26 03:00:00,524.7368908333867
2023-04-26 04:00:00,560.1266095215193
2023-04-26 05:00:00,582.8137605044982
2023-04-26 06:00:00,598.6554974118515
2023-04-26 07:00:00,918.1896364856453
2023-04-26 08:00:00,879.3428142444972
2023-04-26 09:00:00,592.1413366628761
2023-04-26 10:00:00,691.7656227647864
2023-04-26 11:00:00,670.1368661383905
2023-04-26 12:00:00,692.9290334753687
2023-04-26 13:00:00,638.0552680454501
2023-04-26 14:00:00,680.3538501143158
2023-04-26 15:00:00,688.6049802652132
2023-04-26 16:00:00,589.7528099001848
2023-04-26 17:00:00,840.3401021651689
2023-04-26 18:00:00,847.5294320055948
2023-04-26 19:00:00,669.1776607234426
2023-04-26 20:00:00,684.980682965301
2023-04-26 21:00:00,624.0093909260693
2023-04-26 22:00:00,601.8719657844342
2023-04-26 23:00:00,508.31822351027586
2023-04-27 00:00:00,530.5118831522029
2023-04-27 01:00:00,535.9231472873396
2023-04-27 02:00:00,519.2001573521017
2023-04-27 03:00:00,498.15533343000425
2023-04-27 04:00:00,531.7551669010325
2023-04-27 05:00:00,557.2570648045588
2023-04-27 06:00:00,623.8011786334226
2023-04-27 07:00:00,877.7030778756672
2023-04-27 08:00:00,883.4800871142627
2023-04-27 09:00:00,562.9320676461076
2023-04-27 10:00:00,698.742433185009
2023-04-27 11:00:00,666.0628546323674
2023-04-27 12:00:00,722.925112529648
2023-04-27 13:00:00,628.5653403226355
2023-04-27 14:00:00,685.6148131019015
2023-04-27 15:00:00,712.0442935676697
2023-04-27 16:00:00,607.3533806529002
2023-04-27 17:00:00,957.7213465592199
2023-04-27 18:00:00,863.9920009827163
2023-04-27 19:00:00,609.8378161263196
2023-04-27 20:00:00,646.1814301164371
2023-04-27 21:00:00,578.9501466613419
2023-04-27 22:00:00,646.7760100281296
2023-04-27 23:00:00,516.6777577199697
2023-04-28 00:00:00,586.6156110224065
2023-04-28 01:00:00,528.0183890161786
2023-04-28 02:00:00,545.3293633681901
2023-04-28 03:00:00,524.5776863438239
2023-04-28 04:00:00,619.5540540741332
2023-04-28 05:00:00,537.1502893552836
2023-04-28 06:00:00,673.302281739168
2023-04-28 07:00:00,932.5660704847306
2023-04-28 08:00:00,919.2826690934154
2023-04-28 09:00:00,614.7493258927008
2023-04-28 10:00:00,715.75189192865
2023-04-28 11:00:00,622.8930968261756
2023-04-28 12:00:00,688.8446642339698
2023-04-28 13:00:00,733.8063188473728
2023-04-28 14:00:00,698.0441126610358
2023-04-28 15:00:00,643.792406127857
2023-04-28 16:00:00,597.9038219769012
2023-04-28 17:00:00,918.1642206502197
2023-04-28 18:00:00,899.8756686213887
2023-04-28 19:00:00,647.5198396253587
2023-04-28 20:00:00,688.0579710823234
2023-04-28 21:00:00,635.3397191852779
2023-04-28 22:00:00,581.8451365269312
2023-04-28 23:00:00,513.0213604748178
2023-04-29 00:00:00,597.5155507403279
2023-04-29 01:00:00,524.0402767268279
2023-04-29 02:00:00,525.2646408249993
2023-04-29 03:00:00,523.0064721490048
2023-04-29 04:00:00,611.1654635829203
2023-04-29 05:00:00,600.0383566144825
2023-04-29 06:00:00,658.7512093379254
2023-04-29 07:00:00,773.6381915839979
2023-04-29 08:00:00,791.8249795498838
2023-04-29 09:00:00,509.33429802316834
2023-04-29 10:00:00,699.077377044731
2023-04-29 11:00:00,593.2888179492826
2023-04-29 12:00:00,648.6710225505052
2023-04-29 13:00:00,596.1078988946863
2023-04-29 14:00:00,616.4453269304522
2023-04-29 15:00:00,606.509502758012
2023-04-29 16:00:00,545.6849895729673
2023-04-29 17:00:00,723.4350918740408
2023-04-29 18:00:00,723.069248202997
2023-04-29 19:00:00,638.3333564712123
2023-04-29 20:00:00,560.8054882774992
2023-04-29 21:00:00,613.8216570805547
2023-04-29 22:00:00,653.7183660922224
2023-04-29 23:00:00,514.4721454194641
2023-04-30 00:00:00,506.28324437009593
2023-04-30 01:00:00,525.7790149927899
2023-04-30 02:00:00,582.1890083344284
2023-04-30 03:00:00,542.7643052381343
2023-04-30 04:00:00,513.751428215696
2023-04-30 05:00:00,554.3550660475216
2023-04-30 06:00:00,525.908314006543
2023-04-30 07:00:00,807.2543804177179
2023-04-30 08:00:00,796.3442923080707
2023-04-30 09:00:00,557.6876611544446
2023-04-30 10:00:00,606.4565680621108
2023-04-30 11:00:00,604.5327631086617
2023-04-30 12:00:00,661.3926934538364
2023-04-30 13:00:00,689.1592200995625
2023-04-30 14:00:00,614.5076901188482
2023-04-30 15:00:00,658.3354681420594
2023-04-30 16:00:00,486.51891925591724
2023-04-30 17:00:00,721.615290773712
2023-04-30 18:00:00,743.7576426851639
2023-04-30 19:00:00,568.6126633207266
2023-04-30 20:00:00,567.5397450084162
2023-04-30 21:00:00,578.2888177412445
2023-04-30 22:00:00,616.6877091330549
2023-04-30 23:00:00,527.5068392637451
2023-05-01 00:00:00,460.4707506670011
2023-05-01 01:00:00,465.17199389459734
2023-05-01 02:00:00,525.725392885713
2023-05-01 03:00:00,568.3074634421421
2023-05-01 04:00:00,440.0998062909906
2023-05-01 05:00:00,530.0107929539348
2023-05-01 06:00:00,578.9500857393032
2023-05-01 07:00:00,955.5335111283379
2023-05-01 08:00:00,884.5991275314855
2023-05-01 09:00:00,615.3195593896371
2023-05-01 10:00:00,705.6502856034986
2023-05-01 11:00:00,614.777340807712
2023-05-01 12:00:00,730.7282886652695
2023-05-01 13:00:00,708.6158602182516
2023-05-01 14:00:00,720.3307455869835
2023-05-01 15:00:00,857.049508257453
2023-05-01 16:00:00,516.6354824200564
2023-05-01 17:00:00,918.9878659904443
2023-05-01 18:00:00,838.5020992239857
2023-05-01 19:00:00,661.4931561761204
2023-05-01 20:00:00,648.1795101879503
2023-05-01 21:00:00,633.0305466640782
2023-05-01 22:00:00,627.2066828704496
2023-05-01 23:00:00,563.1803494229204
2023-05-02 00:00:00,489.3130521331328
2023-05-02 01:00:00,580.0231667008707
2023-05-02 02:00:00,533.3522238045898
2023-05-02 03:00:00,504.7972264383857
2023-05-02 04:00:00,531.9994856801675
2023-05-02 05:00:00,600.2859686745029
2023-05-02 06:00:00,578.5865965193511
2023-05-02 07:00:00,914.3381447283848
2023-05-02 08:00:00,870.761748971381
2023-05-02 09:00:00,630.3168739969448
2023-05-02 10:00:00,727.4203095516082
2023-05-02 11:00:00,773.9443533318565
2023-05-02 12:00:00,692.9774421800314
2023-05-02 13:00:00,726.7461921903163
2023-05-02 14:00:00,703.9227015815578
2023-05-02 15:00:00,751.8348712745205
2023-05-02 16:00:00,571.2467044956508
2023-05-02 17:00:00,879.8002125150913
2023-05-02 18:00:00,842.2121081553328
2023-05-02 19:00:00,647.4324729156601
2023-05-02 20:00:00,653.6700993779349
2023-05-02 21:00:00,660.0896158570671
2023-05-02 22:00:00,645.3508382751216
2023-05-02 23:00:00,558.588527326821
2023-05-03 00:00:00,613.1247223024874
2023-05-03 01:00:00,589.4179874246088
2023-05-03 02:00:00,584.7661836998759
2023-05-03 03:00:00,531.7784189590452
2023-05-03 04:00:00,514.430366870867
2023-05-03 05:00:00,588.2120223295101
2023-05-03 06:00:00,635.0418717011918
2023-05-03 07:00:00,958.9068270300393
2023-05-03 08:00:00,875.8407749612309
2023-05-03 09:00:00,590.8180537855861
2023-05-03 10:00:00,634.4206334989826
2023-05-03 11:00:00,684.3011557575651
2023-05-03 12:00:00,739.8628204231779
2023-05-03 13:00:00,681.3401848308721
2023-05-03 14:00:00,725.619191808033
2023-05-03 15:00:00,692.3798757600875
2023-05-03 16:00:00,612.9622811288624
2023-05-03 17:00:00,804.0923444073733
2023-05-03 18:00:00,853.4083779853561
2023-05-03 19:00:00,530.3545611639711
2023-05-03 20:00:00,642.5241536735206
2023-05-03 21:00:00,584.7810702513943
2023-05-03 22:00:00,698.2397806618726
2023-05-03 23:00:00,581.0962941105804
2023-05-04 00:00:00,568.6668392786432
2023-05-04 01:00:00,610.8402490863753
2023-05-04 02:00:00,512.0433391670065
2023-05-04 03:00:00,619.8945279166223
2023-05-04 04:00:00,587.2876625704154
2023-05-04 05:00:00,540.5377885112422
2023-05-04 06:00:00,645.4248058873178
2023-05-04 07:00:00,855.7482595035347
2023-05-04 08:00:00,867.019433538893
2023-05-04 09:00:00,575.656411070412
2023-05-04 10:00:00,678.8408916774393
2023-05-04 11:00:00,657.7376942895899
2023-05-04 12:00:00,748.923322683813
2023-05-04 13:00:00,689.6458239852068
2023-05-04 14:00:00,714.1001987342752
2023-05-04 15:00:00,677.1859453434528
2023-05-04 16:00:00,527.1758679780593
2023-05-04 17:00:00,860.8022943356569
2023-05-04 18:00:00,773.509800983209
2023-05-04 19:00:00,647.2546381565812
2023-05-04 20:00:00,595.2673984466876
2023-05-04 21:00:00,729.4910399692324
2023-05-04 22:00:00,686.4545088869888
2023-05-04 23:00:00,554.2301516508592
2023-05-05 00:00:00,600.5482671061867
2023-05-05 01:00:00,516.1473609013706
2023-05-05 02:00:00,571.7391751468037
2023-05-05 03:00:00,557.9924173487485
2023-05-05 04:00:00,560.5608032533468
2023-05-05 05:00:00,600.8941400042708
2023-05-05 06:00:00,629.299684111192
2023-05-05 07:00:00,911.5489465130009
2023-05-05 08:00:00,833.8045025508682
2023-05-05 09:00:00,561.5981481888215
2023-05-05 10:00:00,695.0916426561711
2023-05-05 11:00:00,703.7348949710661
2023-05-05 12:00:00,654.791851013043
2023-05-05 13:00:00,796.4670670231369
2023-05-05 14:00:00,760.6557622101429
2023-05-05 15:00:00,724.0847328156993
2023-05-05 16:00:00,602.8814744513498
2023-05-05 17:00:00,841.5116412039539
2023-05-05 18:00:00,811.9232615991106
2023-05-05 19:00:00,653.0992207407545
2023-05-05 20:00:00,660.31010160571
2023-05-05 21:00:00,600.329576980735
2023-05-05 22:00:00,663.3670566897958
2023-05-05 23:00:00,543.78963804701
2023-05-06 00:00:00,458.6876976849044
2023-05-06 01:00:00,500.58459956881995
2023-05-06 02:00:00,518.4557786631342
2023-05-06 03:00:00,610.5075062936077
2023-05-06 04:00:00,557.2621249813503
2023-05-06 05:00:00,481.5807372360043
2023-05-06 06:00:00,589.4414515767055
2023-05-06 07:00:00,718.1078404424654
2023-05-06 08:00:00,823.3076421554829
2023-05-06 09:00:00,551.1550139272848
2023-05-06 10:00:00,636.2545524504332
2023-05-06 11:00:00,693.0318659016876
2023-05-06 12:00:00,588.51345725663
2023-05-06 13:00:00,584.1152725954803
2023-05-06 14:00:00,616.6560269461598
2023-05-06 15:00:00,681.5351540407727
2023-05-06 16:00:00,509.2261569809263
2023-05-06 17:00:00,631.7137760755772
2023-05-06 18:00:00,726.95364566364
2023-05-06 19:00:00,627.0696319964368
2023-05-06 20:00:00,653.0104699895531
2023-05-06 21:00:00,586.4735455165841
2023-05-06 22:00:00,588.5429357153599
2023-05-06 23:00:00,581.1560293702299
2023-05-07 00:00:00,460.2103320121832
2023-05-07 01:00:00,519.4591689926797
2023-05-07 02:00:00,542.6169555970023
2023-05-07 03:00:00,552.9687488514014
2023-05-07 04:00:00,514.6077322723647
2023-05-07 05:00:00,536.3776404682336
2023-05-07 06:00:00,470.4669058634804
2023-05-07 07:00:00,753.6700635066461
2023-05-07 08:00:00,798.1403485021787
2023-05-07 09:00:00,530.7082386298129
2023-05-07 10:00:00,642.3593688635839
2023-05-07 11:00:00,657.8749000321079
2023-05-07 12:00:00,626.2980319656893
2023-05-07 13:00:00,646.8185508398628
2023-05-07 14:00:00,601.4906973886156
2023-05-07 15:00:00,631.7355488121582
2023-05-07 16:00:00,594.4086467835689
2023-05-07 17:00:00,751.2789184387374
2023-05-07 18:00:00,721.5387492174426
2023-05-07 19:00:00,613.9686561716317
2023-05-07 20:00:00,633.5843916254647
2023-05-07 21:00:00,523.0023488569009
2023-05-07 22:00:00,651.3629625982359
2023-05-07 23:00:00,521.5498104527571
2023-05-08 00:00:00,567.0195973296093
2023-05-08 01:00:00,597.8898769458091
2023-05-08 02:00:00,495.13305211078136
2023-05-08 03:00:00,521.6223599028981
2023-05-08 04:00:00,538.4580521649718
2023-05-08 05:00:00,518.6498591550229
2023-05-08 06:00:00,669.3974630334724
2023-05-08 07:00:00,865.7291162469282
2023-05-08 08:00:00,877.7781288205254
2023-05-08 09:00:00,608.1755612641191
2023-05-08 10:00:00,651.9140189569564
2023-05-08 11:00:00,684.1727715297494
2023-05-08 12:00:00,712.698130450007
2023-05-08 13:00:00,686.6855838246995
2023-05-08 14:00:00,696.2645256440021
2023-05-08 15:00:00,678.8267155020652
2023-05-08 16:00:00,539.4211876327693
2023-05-08 17:00:00,862.8637284535696
2023-05-08 18:00:00,920.1973228658896
2023-05-08 19:00:00,650.7360652313375
2023-05-08 20:00:00,659.010564689902
2023-05-08 21:00:00,677.7089102046743
2023-05-08 22:00:00,599.2267801381321
2023-05-08 23:00:00,618.1005863251842
2023-05-09 00:00:00,558.0931518569121
2023-05-09 01:00:00,615.2742759635644
2023-05-09 02:00:00,520.6786801790404
2023-05-09 03:00:00,622.722476902313
2023-05-09 04:00:00,581.0062197613913
2023-05-09 05:00:00,572.1216034340944
2023-05-09 06:00:00,609.3609781741259
2023-05-09 07:00:00,890.0588552770221
2023-05-09 08:00:00,948.0212663389549
2023-05-09 09:00:00,605.6143947939219
2023-05-09 10:00:00,621.317211856514
2023-05-09 11:00:00,655.31254153172
2023-05-09 12:00:00,692.5661699122901
2023-05-09 13:00:00,712.3999593266223
2023-05-09 14:00:00,697.7364604440041
2023-05-09 15:00:00,748.7588315917466
2023-05-09 16:00:00,521.955925438455
2023-05-09 17:00:00,855.7435174602064
2023-05-09 18:00:00,777.2808309845138
2023-05-09 19:00:00,680.3884918193668
2023-05-09 20:00:00,646.2216514223198
2023-05-09 21:00:00,666.7843988809648
2023-05-09 22:00:00,615.4446815764094
2023-05-09 23:00:00,601.17859726631
2023-05-10 00:00:00,591.668986562354
2023-05-10 01:00:00,573.3417721204755
2023-05-10 02:00:00,544.8193101254624
2023-05-10 03:00:00,573.1942914118052
2023-05-10 04:00:00,521.724297280506
2023-05-10 05:00:00,584.2222263608285
2023-05-10 06:00:00,665.9792357729568
2023-05-10 07:00:00,942.8244223991675
2023-05-10 08:00:00,870.8159012077036
2023-05-10 09:00:00,614.4566926909241
2023-05-10 10:00:00,648.2743382496541
2023-05-10 11:00:00,722.895612447027
2023-05-10 12:00:00,718.0241365145016
2023-05-10 13:00:00,625.2073464187134
2023-05-10 14:00:00,653.5286462435055
2023-05-10 15:00:00,688.6744441302493
2023-05-10 16:00:00,587.965610114367
2023-05-10 17:00:00,801.6209225832478
2023-05-10 18:00:00,865.5591491740873
2023-05-10 19:00:00,660.0589443576205
2023-05-10 20:00:00,642.2292347208593
2023-05-10 21:00:00,619.7683399936654
2023-05-10 22:00:00,691.9482850566626
2023-05-10 23:00:00,616.2162845235318
2023-05-11 00:00:00,530.6575406461385
2023-05-11 01:00:00,525.5133233138072
2023-05-11 02:00:00,569.6483066164799
2023-05-11 03:00:00,535.6788248101205
2023-05-11 04:00:00,544.4241119734706
2023-05-11 05:00:00,579.5861260689869
2023-05-11 06:00:00,523.6257564997082
2023-05-11 07:00:00,952.7320929941068
2023-05-11 08:00:00,902.9072209731737
2023-05-11 09:00:00,583.5402742175128
2023-05-11 10:00:00,696.430633831142
2023-05-11 11:00:00,698.4971742008207
2023-05-11 12:00:00,630.751947862203
2023-05-11 13:00:00,759.7975290981294
2023-05-11 14:00:00,701.6530252908248
2023-05-11 15:00:00,717.720085217895
2023-05-11 16:00:00,638.0619908229617
2023-05-11 17:00:00,809.153501697588
2023-05-11 18:00:00,868.9388759614092
2023-05-11 19:00:00,639.2943563640482
2023-05-11 20:00:00,683.8708310086597
2023-05-11 21:00:00,564.9109031859402
2023-05-11 22:00:00,646.0362279903493
2023-05-11 23:00:00,525.8871737686416
2023-05-12 00:00:00,567.2905180253662
2023-05-12 01:00:00,568.8017674947281
2023-05-12 02:00:00,521.6949642071189
2023-05-12 03:00:00,521.5130454329583
2023-05-12 04:00:00,545.5733852577068
2023-05-12 05:00:00,514.1343109073916
2023-05-12 06:00:00,633.679347818085
2023-05-12 07:00:00,885.2317119821022
2023-05-12 08:00:00,783.7204712271343
2023-05-12 09:00:00,585.0071177351277
2023-05-12 10:00:00,658.4582471662411
2023-05-12 11:00:00,634.7489673815621
2023-05-12 12:00:00,650.5029344710971
2023-05-12 13:00:00,704.3763388733188
2023-05-12 14:00:00,753.1456331299293
2023-05-12 15:00:00,712.5273789545992
2023-05-12 16:00:00,575.7398644713704
2023-05-12 17:00:00,868.2361678068281
2023-05-12 18:00:00,831.6363875912404
2023-05-12 19:00:00,622.2159852334742
2023-05-12 20:00:00,603.8254932706807
2023-05-12 21:00:00,579.9268477299313
2023-05-12 22:00:00,634.4030517376221
2023-05-12 23:00:00,556.3221395968053
2023-05-13 00:00:00,531.1350531994044
2023-05-13 01:00:00,518.3613228821057
2023-05-13 02:00:00,497.17015757212874
2023-05-13 03:00:00,559.3298476673988
2023-05-13 04:00:00,482.31472320213663
2023-05-13 05:00:00,566.041116553739
2023-05-13 06:00:00,529.911319242931
2023-05-13 07:00:00,749.9025905058786
2023-05-13 08:00:00,721.3285923753729
2023-05-13 09:00:00,549.9439141245746
2023-05-13 10:00:00,679.0124983391191
2023-05-13 11:00:00,660.6251235377582
2023-05-13 12:00:00,679.1368844811215
2023-05-13 13:00:00,660.8857018373575
2023-05-13 14:00:00,595.8532068587853
2023-05-13 15:00:00,626.7684310268977
2023-05-13 16:00:00,538.7920348353015
2023-05-13 17:00:00,798.2229961615616
2023-05-13 18:00:00,697.1284541429476
2023-05-13 19:00:00,640.7479075755645
2023-05-13 20:00:00,640.7181548043508
2023-05-13 21:00:00,678.1848080686435
2023-05-13 22:00:00,588.6125362948201
2023-05-13 23:00:00,563.4928863832065
2023-05-14 00:00:00,626.2660734615537
2023-05-14 01:00:00,510.29433292265213
2023-05-14 02:00:00,473.59839009870564
2023-05-14 03:00:00,459.7995986436895
2023-05-14 04:00:00,563.5084811544533
2023-05-14 05:00:00,459.67399167765666
2023-05-14 06:00:00,555.1072378824831
2023-05-14 07:00:00,797.4925274815585
2023-05-14 08:00:00,787.4070214731966
2023-05-14 09:00:00,587.0177945673669
2023-05-14 10:00:00,648.8915942320342
2023-05-14 11:00:00,691.1546325325357
2023-05-14 12:00:00,601.9073447704482
2023-05-14 13:00:00,612.9201944616588
2023-05-14 14:00:00,609.093622189167
2023-05-14 15:00:00,673.2076724745044
2023-05-14 16:00:00,606.0159435358025
2023-05-14 17:00:00,763.0490127727403
2023-05-14 18:00:00,792.3397466755971
2023-05-14 19:00:00,557.8783653049447
2023-05-14 20:00:00,671.6889644620455
2023-05-14 21:00:00,665.9295448684903
2023-05-14 22:00:00,634.4248798898299
2023-05-14 23:00:00,606.2719563508424
2023-05-15 00:00:00,483.73507169288905
2023-05-15 01:00:00,529.0220745494939
2023-05-15 02:00:00,520.5878615727219
2023-05-15 03:00:00,578.8591729502938
2023-05-15 04:00:00,507.9943704159142
2023-05-15 05:00:00,580.2998059734995
2023-05-15 06:00:00,654.8214457598685
2023-05-15 07:00:00,927.8081160033599
2023-05-15 08:00:00,911.35004094646
2023-05-15 09:00:00,560.4850663639701
2023-05-15 10:00:00,666.1259613549854
2023-05-15 11:00:00,749.9847562118666
2023-05-15 12:00:00,731.1739601562133
2023-05-15 13:00:00,698.4392192248982
2023-05-15 14:00:00,683.2836181693643
2023-05-15 15:00:00,618.967685075545
2023-05-15 16:00:00,557.1659032526225
2023-05-15 17:00:00,926.4567634855889
2023-05-15 18:00:00,798.7817771599014
2023-05-15 19:00:00,657.5791928488433
2023-05-15 20:00:00,690.297758927808
2023-05-15 21:00:00,599.8030932799084
2023-05-15 22:00:00,657.3884189912434
2023-05-15 23:00:00,587.5166215004263
2023-05-16 00:00:00,550.49997287629
2023-05-16 01:00:00,664.7361222266708
2023-05-16 02:00:00,483.25602964487217
2023-05-16 03:00:00,592.3491411953552
2023-05-16 04:00:00,543.0879305041415
2023-05-16 05:00:00,580.876806193467
2023-05-16 06:00:00,617.6522860679698
2023-05-16 07:00:00,870.6737521156001
2023-05-16 08:00:00,909.1598556983736
2023-05-16 09:00:00,525.6839419440685
2023-05-16 10:00:00,724.1299000228557
2023-05-16 11:00:00,711.926338639621
2023-05-16 12:00:00,725.5464067457241
2023-05-16 13:00:00,742.324733003486
2023-05-16 14:00:00,714.7047936083884
2023-05-16 15:00:00,705.923576791931
2023-05-16 16:00:00,564.7572665335483
2023-05-16 17:00:00,821.5111694540379
2023-05-16 18:00:00,897.4693848070932
2023-05-16 19:00:00,707.4534162282391
2023-05-16 20:00:00,640.4755825475179
2023-05-16 21:00:00,651.840109890131
2023-05-16 22:00:00,613.8154250002493
2023-05-16 23:00:00,596.9102738106978
2023-05-17 00:00:00,576.6166729476712
2023-05-17 01:00:00,627.6486974585499
2023-05-17 02:00:00,514.8670769128105
2023-05-17 03:00:00,534.8796840392713
2023-05-17 04:00:00,559.2578369010229
2023-05-17 05:00:00,575.8595815090308
2023-05-17 06:00:00,591.3732944980947
2023-05-17 07:00:00,865.081556381852
2023-05-17 08:00:00,935.2563011569429
2023-05-17 09:00:00,628.8454145018233
2023-05-17 10:00:00,663.349035977451
2023-05-17 11:00:00,754.2177120442199
2023-05-17 12:00:00,746.8079483678641
2023-05-17 13:00:00,705.3718598899117
2023-05-17 14:00:00,703.1839144950414
2023-05-17 15:00:00,722.1623108446363
2023-05-17 16:00:00,565.5318771897497
2023-05-17 17:00:00,851.2012591665633
2023-05-17 18:00:00,763.9046582156328
2023-05-17 19:00:00,685.0582258201174
2023-05-17 20:00:00,587.5402711023256
2023-05-17 21:00:00,710.13679313716
2023-05-17 22:00:00,636.795196241342
2023-05-17 23:00:00,541.5333207227529
2023-05-18 00:00:00,524.8906437566197
2023-05-18 01:00:00,538.478445043117
2023-05-18 02:00:00,606.7412538059215
2023-05-18 03:00:00,450.4876537385968
2023-05-18 04:00:00,601.0786154435275
2023-05-18 05:00:00,563.5209392440684
2023-05-18 06:00:00,551.7191340857114
2023-05-18 07:00:00,856.9875042780304
2023-05-18 08:00:00,967.0557210883281
2023-05-18 09:00:00,562.1797248022907
2023-05-18 10:00:00,653.8659795761616
2023-05-18 11:00:00,745.4925816945891
2023-05-18 12:00:00,713.5421150514366
2023-05-18 13:00:00,662.4829769385441
2023-05-18 14:00:00,708.6649990161848
2023-05-18 15:00:00,658.9698926543889
2023-05-18 16:00:00,644.0328559369042
2023-05-18 17:00:00,892.4548385949254
2023-05-18 18:00:00,871.2802479528777
2023-05-18 19:00:00,664.4664424498807
2023-05-18 20:00:00,720.447524994695
2023-05-18 21:00:00,649.987453095529
2023-05-18 22:00:00,602.7250349831679
2023-05-18 23:00:00,567.9789565132922
2023-05-19 00:00:00,633.4418819814846
2023-05-19 01:00:00,509.4096202725659
2023-05-19 02:00:00,535.5414893322405
2023-05-19 03:00:00,566.6578415240581
2023-05-19 04:00:00,547.8438060397705
2023-05-19 05:00:00,510.70785678490745
2023-05-19 06:00:00,644.8743142492189
2023-05-19 07:00:00,992.8016288806904
2023-05-19 08:00:00,907.8452583609563
2023-05-19 09:00:00,563.83726841056
2023-05-19 10:00:00,638.041578997861
2023-05-19 11:00:00,710.3190392488473
2023-05-19 12:00:00,744.1550937326504
2023-05-19 13:00:00,719.0067098598153
2023-05-19 14:00:00,699.9038463632459
2023-05-19 15:00:00,676.4291339284277
2023-05-19 16:00:00,556.3134546912764
2023-05-19 17:00:00,883.3900530529953
2023-05-19 18:00:00,886.5508648554235
2023-05-19 19:00:00,588.1708085323706
2023-05-19 20:00:00,713.5935591272273
2023-05-19 21:00:00,672.96284883576
2023-05-19 22:00:00,705.9837858058318
2023-05-19 23:00:00,496.3148900605954
2023-05-20 00:00:00,480.36703378338245
2023-05-20 01:00:00,529.0412276093082
2023-05-20 02:00:00,555.1113770758078
2023-05-20 03:00:00,606.8544329170785
2023-05-20 04:00:00,563.2431565526052
2023-05-20 05:00:00,525.2927489275187
2023-05-20 06:00:00,528.9452316933643
2023-05-20 07:00:00,829.200022908766
2023-05-20 08:00:00,741.4117829699715
2023-05-20 09:00:00,635.1387421908929
2023-05-20 10:00:00,628.6246140157397
2023-05-20 11:00:00,703.623282904714
2023-05-20 12:00:00,667.1572516023712
2023-05-20 13:00:00,634.5201804223017
2023-05-20 14:00:00,619.2241451269549
2023-05-20 15:00:00,626.3636849061568
2023-05-20 16:00:00,587.1326676950096
2023-05-20 17:00:00,748.0862598487087
2023-05-20 18:00:00,721.2475436772518
2023-05-20 19:00:00,598.3747435872947
2023-05-20 20:00:00,608.143081188766
2023-05-20 21:00:00,519.8506362234075
2023-05-20 22:00:00,623.326724591548
2023-05-20 23:00:00,495.81115101132775
2023-05-21 00:00:00,488.8667038717702
2023-05-21 01:00:00,467.5062261155716
2023-05-21 02:00:00,463.2443000852844
2023-05-21 03:00:00,480.78209987550844
2023-05-21 04:00:00,506.6391616947804
2023-05-21 05:00:00,613.1303655010627
2023-05-21 06:00:00,548.9648129641919
2023-05-21 07:00:00,787.1100042507212
2023-05-21 08:00:00,796.0192554602531
2023-05-21 09:00:00,575.242607448634
2023-05-21 10:00:00,636.9022615709603
2023-05-21 11:00:00,592.1882494560302
2023-05-21 12:00:00,698.0371019311685
2023-05-21 13:00:00,712.2878657455154
2023-05-21 14:00:00,572.6936522350926
2023-05-21 15:00:00,599.0388563645448
2023-05-21 16:00:00,558.8075863049197
2023-05-21 17:00:00,706.4184882035923
2023-05-21 18:00:00,765.2386221382346
2023-05-21 19:00:00,575.8691119037355
2023-05-21 20:00:00,691.6022427122641
2023-05-21 21:00:00,652.6219437737439
2023-05-21 22:00:00,613.5029612252886
2023-05-21 23:00:00,576.0794505327893
2023-05-22 00:00:00,594.2360169742924
2023-05-22 01:00:00,527.4421004776702
2023-05-22 02:00:00,517.3513102183214
2023-05-22 03:00:00,553.1257225187859
2023-05-22 04:00:00,584.4654449799177
2023-05-22 05:00:00,555.5624159461368
2023-05-22 06:00:00,536.9201407123601
2023-05-22 07:00:00,867.8870222419663
2023-05-22 08:00:00,897.0410854562249
2023-05-22 09:00:00,596.9733758269668
2023-05-22 10:00:00,778.9016870715923
2023-05-22 11:00:00,644.5604823040401
2023-05-22 12:00:00,720.223569673435
2023-05-22 13:00:00,759.5645243331315
2023-05-22 14:00:00,790.8579898169119
2023-05-22 15:00:00,683.8241030726415
2023-05-22 16:00:00,619.657178108808
2023-05-22 17:00:00,872.7904142879459
2023-05-22 18:00:00,857.8192692621317
2023-05-22 19:00:00,646.0461919504278
2023-05-22 20:00:00,667.4390155800019
2023-05-22 21:00:00,548.7101565912126
2023-05-22 22:00:00,677.2827796025052
2023-05-22 23:00:00,555.0471161464787
2023-05-23 00:00:00,541.1010041288694
2023-05-23 01:00:00,631.8744878287823
2023-05-23 02:00:00,523.0026392483779
2023-05-23 03:00:00,533.8769604373988
2023-05-23 04:00:00,629.6621320881893
2023-05-23 05:00:00,516.7175478060058
2023-05-23 06:00:00,577.9953886825384
2023-05-23 07:00:00,894.118983062766
2023-05-23 08:00:00,933.6293792851819
2023-05-23 09:00:00,608.3121002941325
2023-05-23 10:00:00,648.2949861139095
2023-05-23 11:00:00,678.7132574749124
2023-05-23 12:00:00,675.7058226715116
2023-05-23 13:00:00,696.9111581910781
2023-05-23 14:00:00,717.0337463451932
2023-05-23 15:00:00,716.7282302355189
2023-05-23 16:00:00,528.9595298380639
2023-05-23 17:00:00,892.5576395024342
2023-05-23 18:00:00,860.1027538398649
2023-05-23 19:00:00,705.3812819037562
2023-05-23 20:00:00,667.7679330916269
2023-05-23 21:00:00,694.0529183094305
2023-05-23 22:00:00,668.6618124580051
2023-05-23 23:00:00,603.8490302481099
2023-05-24 00:00:00,570.8900254407112
2023-05-24 01:00:00,546.0833901422839
2023-05-24 02:00:00,640.8973888178753
2023-05-24 03:00:00,585.5614848911957
2023-05-24 04:00:00,572.9497768401766
2023-05-24 05:00:00,498.94782333846655
2023-05-24 06:00:00,548.4676953014584
2023-05-24 07:00:00,911.7086192856741
2023-05-24 08:00:00,905.8208479107296
2023-05-24 09:00:00,575.4350973996674
2023-05-24 10:00:00,705.6393079844825
2023-05-24 11:00:00,763.5450771217438
2023-05-24 12:00:00,727.8160989820119
2023-05-24 13:00:00,654.3596596098905
2023-05-24 14:00:00,695.5396469142822
2023-05-24 15:00:00,667.8013407658975
2023-05-24 16:00:00,584.4920033436575
2023-05-24 17:00:00,833.4553733748143
2023-05-24 18:00:00,830.8941766958397
2023-05-24 19:00:00,599.7945851210642
2023-05-24 20:00:00,644.8938127392724
2023-05-24 21:00:00,627.5756945261076
2023-05-24 22:00:00,532.8220523999092
2023-05-24 23:00:00,632.1188809800665
2023-05-25 00:00:00,593.5507861686668
2023-05-25 01:00:00,534.9479710030001
2023-05-25 02:00:00,550.752761989624
2023-05-25 03:00:00,503.1338261072975
2023-05-25 04:00:00,617.8289151124346
2023-05-25 05:00:00,625.8915477909245
2023-05-25 06:00:00,606.2677491298609
2023-05-25 07:00:00,940.9412257674138
2023-05-25 08:00:00,907.0114711573569
2023-05-25 09:00:00,546.5309824449628
2023-05-25 10:00:00,683.5270652414537
2023-05-25 11:00:00,705.2771186708783
2023-05-25 12:00:00,681.8180912502622
2023-05-25 13:00:00,691.2538689025986
2023-05-25 14:00:00,696.3440176996354
2023-05-25 15:00:00,696.7648600853815
2023-05-25 16:00:00,602.0903396198993
2023-05-25 17:00:00,807.5757973441359
2023-05-25 18:00:00,821.3193540348825
2023-05-25 19:00:00,598.6166293720012
2023-05-25 20:00:00,689.112621987448
2023-05-25 21:00:00,565.774122326387
2023-05-25 22:00:00,696.1436137326771
2023-05-25 23:00:00,605.4539758905137
2023-05-26 00:00:00,537.9127765206952
2023-05-26 01:00:00,445.8745164869081
2023-05-26 02:00:00,535.5475775213084
2023-05-26 03:00:00,547.4326335484473
2023-05-26 04:00:00,509.5760712028435
2023-05-26 05:00:00,529.3912642476703
2023-05-26 06:00:00,661.207807954534
2023-05-26 07:00:00,926.5970864920696
2023-05-26 08:00:00,863.017435424876
2023-05-26 09:00:00,536.0960332161827
2023-05-26 10:00:00,686.9193072956092
2023-05-26 11:00:00,691.4617288259825
2023-05-26 12:00:00,719.8479674945327
2023-05-26 13:00:00,678.5873314972937
2023-05-26 14:00:00,720.4599830144745
2023-05-26 15:00:00,777.4061616024092
2023-05-26 16:00:00,632.6200408977705
2023-05-26 17:00:00,848.0764597067691
2023-05-26 18:00:00,842.6739811578682
2023-05-26 19:00:00,635.7330746328051
2023-05-26 20:00:00,697.2256364980858
2023-05-26 21:00:00,624.9074621619479
2023-05-26 22:00:00,651.8089083599994
2023-05-26 23:00:00,552.0479160752434
2023-05-27 00:00:00,514.9286322875387
2023-05-27 01:00:00,480.10137808463594
2023-05-27 02:00:00,547.9189801447068
2023-05-27 03:00:00,532.5598411257847
2023-05-27 04:00:00,555.0096187774628
2023-05-27 05:00:00,513.6559877424334
2023-05-27 06:00:00,618.8328519525219
2023-05-27 07:00:00,744.9290487515262
2023-05-27 08:00:00,848.4816113607158
2023-05-27 09:00:00,500.09453960686955
2023-05-27 10:00:00,657.3908025822757
2023-05-27 11:00:00,659.017227301065
2023-05-27 12:00:00,608.1777172823647
2023-05-27 13:00:00,656.9757575144405
2023-05-27 14:00:00,691.1807467904064
2023-05-27 15:00:00,551.3272464258374
2023-05-27 16:00:00,590.1097922996325
2023-05-27 17:00:00,645.269167186797
2023-05-27 18:00:00,706.3734078590717
2023-05-27 19:00:00,670.1666545960378
2023-05-27 20:00:00,581.7287186643179
2023-05-27 21:00:00,558.044801423641
2023-05-27 22:00:00,597.0824908406128
2023-05-27 23:00:00,617.7162535265421
2023-05-28 00:00:00,461.73271011175893
2023-05-28 01:00:00,492.9476035344262
2023-05-28 02:00:00,594.8972673271851
2023-05-28 03:00:00,609.3080937415093
2023-05-28 04:00:00,530.8627510283886
2023-05-28 05:00:00,485.4378918989343
2023-05-28 06:00:00,653.8337400723664
2023-05-28 07:00:00,843.7776956699679
2023-05-28 08:00:00,807.1578795104894
2023-05-28 09:00:00,537.5039060425032
2023-05-28 10:00:00,638.0388263664785
2023-05-28 11:00:00,633.5855967582067
2023-05-28 12:00:00,653.2340521846231
2023-05-28 13:00:00,698.0400575252535
2023-05-28 14:00:00,675.1766816454962
2023-05-28 15:00:00,596.9049569206097
2023-05-28 16:00:00,625.0598580007816
2023-05-28 17:00:00,757.5252856005262
2023-05-28 18:00:00,772.4826318343567
2023-05-28 19:00:00,663.6616343711441
2023-05-28 20:00:00,560.536790019458
2023-05-28 21:00:00,603.5669768517415
2023-05-28 22:00:00,583.7418179456314
2023-05-28 23:00:00,472.2856229853818
2023-05-29 00:00:00,563.8683991041968
2023-05-29 01:00:00,650.4622620633769
2023-05-29 02:00:00,476.3968902197699
2023-05-29 03:00:00,548.7087755580212
2023-05-29 04:00:00,575.621717402991
2023-05-29 05:00:00,554.9231280662473
2023-05-29 06:00:00,595.4748778993704
2023-05-29 07:00:00,848.031345462167
2023-05-29 08:00:00,909.3114697176065
2023-05-29 09:00:00,569.7294409193629
2023-05-29 10:00:00,612.4031318008579
2023-05-29 11:00:00,747.7836888205493
2023-05-29 12:00:00,738.3354327936817
2023-05-29 13:00:00,702.0664390740432
2023-05-29 14:00:00,709.1629875282281
2023-05-29 15:00:00,742.9727205086225
2023-05-29 16:00:00,608.9735862711233
2023-05-29 17:00:00,886.1607021904525
2023-05-29 18:00:00,838.100711965046
2023-05-29 19:00:00,702.4793495429578
2023-05-29 20:00:00,662.8314290373073
2023-05-29 21:00:00,657.762077744235
2023-05-29 22:00:00,599.1975564515187
2023-05-29 23:00:00,561.4782341720684
2023-05-30 00:00:00,516.721803300222
2023-05-30 01:00:00,524.4686909388603
2023-05-30 02:00:00,517.3849748673551
2023-05-30 03:00:00,507.350602724031
2023-05-30 04:00:00,634.9908561206785
2023-05-30 05:00:00,603.2535624795362
2023-05-30 06:00:00,676.8147000857705
2023-05-30 07:00:00,851.0841992177775
2023-05-30 08:00:00,902.8501499964357
2023-05-30 09:00:00,548.2596949918361
2023-05-30 10:00:00,672.1722049121174
2023-05-30 11:00:00,663.274920663337
2023-05-30 12:00:00,749.5833602576624
2023-05-30 13:00:00,684.1508128759297
2023-05-30 14:00:00,742.7351733477607
2023-05-30 15:00:00,724.1648355835407
2023-05-30 16:00:00,692.1455500841915
2023-05-30 17:00:00,790.8222310744111
2023-05-30 18:00:00,900.3693295914719
2023-05-30 19:00:00,695.8576348160291
2023-05-30 20:00:00,611.0648464789186
2023-05-30 21:00:00,690.2853334589264
2023-05-30 22:00:00,663.4457985210491
2023-05-30 23:00:00,540.9009496018637
2023-05-31 00:00:00,517.04258052112
2023-05-31 01:00:00,521.2356219420326
2023-05-31 02:00:00,631.9924838314371
2023-05-31 03:00:00,550.0273127582993
2023-05-31 04:00:00,581.2852000612584
2023-05-31 05:00:00,518.3640247332979
2023-05-31 06:00:00,568.8058821511345
2023-05-31 07:00:00,943.2793923699977
2023-05-31 08:00:00,846.0169515379387
2023-05-31 09:00:00,583.3914492837891
2023-05-31 10:00:00,701.3610964428893
2023-05-31 11:00:00,704.454904073602
2023-05-31 12:00:00,692.8362685993537
2023-05-31 13:00:00,715.8327912438369
2023-05-31 14:00:00,727.7142302327125
2023-05-31 15:00:00,729.3855018183732
2023-05-31 16:00:00,560.5678476532869
2023-05-31 17:00:00,838.6337960828481
2023-05-31 18:00:00,897.7905144750775
2023-05-31 19:00:00,685.7858875029549
2023-05-31 20:00:00,595.0856219407574
2023-05-31 21:00:00,664.0591960140881
2023-05-31 22:00:00,570.8709900250076
2023-05-31 23:00:00,551.8773960824147
2023-06-01 00:00:00,625.910680669839
2023-06-01 01:00:00,512.0842913092406
2023-06-01 02:00:00,516.6270781803368
2023-06-01 03:00:00,580.5611912629143
2023-06-01 04:00:00,488.28793939161415
2023-06-01 05:00:00,524.6897988045985
2023-06-01 06:00:00,623.8576455032701
2023-06-01 07:00:00,874.6285660924239
2023-06-01 08:00:00,890.5612005115611
2023-06-01 09:00:00,629.7674284126014
2023-06-01 10:00:00,716.8618433414624
2023-06-01 11:00:00,710.6727358518161
2023-06-01 12:00:00,686.4351088291985
2023-06-01 13:00:00,714.8024446107582
2023-06-01 14:00:00,695.0506927960097
2023-06-01 15:00:00,718.3122243970314
2023-06-01 16:00:00,580.1227189952808
2023-06-01 17:00:00,842.6972410248184
2023-06-01 18:00:00,810.4016882979195
2023-06-01 19:00:00,648.5996955997506
2023-06-01 20:00:00,617.5599654548462
2023-06-01 21:00:00,605.4381419935203
2023-06-01 22:00:00,660.3464459142156
2023-06-01 23:00:00,558.5095910343064
2023-06-02 00:00:00,581.3149493979429
2023-06-02 01:00:00,532.754977216996
2023-06-02 02:00:00,566.3221138734702
2023-06-02 03:00:00,572.0319028909465
2023-06-02 04:00:00,567.7909523132638
2023-06-02 05:00:00,516.9738526879144
2023-06-02 06:00:00,605.9745392908476
2023-06-02 07:00:00,914.5656118421864
2023-06-02 08:00:00,900.2871386763177
2023-06-02 09:00:00,516.5408936651567
2023-06-02 10:00:00,706.4195849589393
2023-06-02 11:00:00,788.5012415758897
2023-06-02 12:00:00,685.5984292497207
2023-06-02 13:00:00,670.8769160857871
2023-06-02 14:00:00,714.9339423884559
2023-06-02 15:00:00,712.4951284186628
2023-06-02 16:00:00,647.7094066166566
2023-06-02 17:00:00,799.6852737636445
2023-06-02 18:00:00,879.2552101029997
2023-06-02 19:00:00,673.6168824500585
2023-06-02 20:00:00,644.3141385223781
2023-06-02 21:00:00,663.5474927168676
2023-06-02 22:00:00,691.1782992639343
2023-06-02 23:00:00,584.892615201138
2023-06-03 00:00:00,489.27922751705086
2023-06-03 01:00:00,567.8063274702193
2023-06-03 02:00:00,532.4124557986993
2023-06-03 03:00:00,537.9149639206206
2023-06-03 04:00:00,537.9278796400678
2023-06-03 05:00:00,528.9902804480696
2023-06-03 06:00:00,617.6682998842826
2023-06-03 07:00:00,776.6512816060315
2023-06-03 08:00:00,735.2181548646732
2023-06-03 09:00:00,554.2588057612109
2023-06-03 10:00:00,647.147788672419
2023-06-03 11:00:00,689.168591371882
2023-06-03 12:00:00,664.1237873979534
2023-06-03 13:00:00,605.9785888501183
2023-06-03 14:00:00,739.4075966671556
2023-06-03 15:00:00,650.5910124391191
2023-06-03 16:00:00,621.0156295199606
2023-06-03 17:00:00,738.9314226569109
2023-06-03 18:00:00,766.3343697882179
2023-06-03 19:00:00,638.5787401807362
2023-06-03 20:00:00,653.7277884701703
2023-06-03 21:00:00,647.294732215129
2023-06-03 22:00:00,639.8878800029191
2023-06-03 23:00:00,522.3965307522357
2023-06-04 00:00:00,512.1301583217576
2023-06-04 01:00:00,548.3043004129679
2023-06-04 02:00:00,572.3251228936427
2023-06-04 03:00:00,526.0911719689357
2023-06-04 04:00:00,577.6068786285755
2023-06-04 05:00:00,593.1046698194472
2023-06-04 06:00:00,533.3471632370632
2023-06-04 07:00:00,746.5231718481488
2023-06-04 08:00:00,774.3849976437865
2023-06-04 09:00:00,582.3045067275679
2023-06-04 10:00:00,619.0173194493179
2023-06-04 11:00:00,694.0881071546858
2023-06-04 12:00:00,656.9626744607381
2023-06-04 13:00:00,641.5778819296296
2023-06-04 14:00:00,582.5636190452589
2023-06-04 15:00:00,587.3673673428997
2023-06-04 16:00:00,581.2403700112723
2023-06-04 17:00:00,659.6961749538066
2023-06-04 18:00:00,785.5054963857629
2023-06-04 19:00:00,598.6738462251072
2023-06-04 20:00:00,734.7237187837893
2023-06-04 21:00:00,697.3166500246444
2023-06-04 22:00:00,597.7420372300993
2023-06-04 23:00:00,530.7465198987474
2023-06-05 00:00:00,589.8232605600812
2023-06-05 01:00:00,618.1269043967216
2023-06-05 02:00:00,484.4788377025593
2023-06-05 03:00:00,478.54498138581255
2023-06-05 04:00:00,525.1186077778248
2023-06-05 05:00:00,573.3095033269545
2023-06-05 06:00:00,619.8749436203038
2023-06-05 07:00:00,942.790858199354
2023-06-05 08:00:00,852.0120988653877
2023-06-05 09:00:00,507.3542454812449
2023-06-05 10:00:00,734.3205678120858
2023-06-05 11:00:00,666.8721490813906
2023-06-05 12:00:00,619.2604854244545
2023-06-05 13:00:00,705.8025498383753
2023-06-05 14:00:00,731.727027528747
2023-06-05 15:00:00,695.117714715149
2023-06-05 16:00:00,581.6860645527004
2023-06-05 17:00:00,843.6255107141637
2023-06-05 18:00:00,835.1766895039686
2023-06-05 19:00:00,596.0781155223933
2023-06-05 20:00:00,621.4127729203827
2023-06-05 21:00:00,670.8511962005525
2023-06-05 22:00:00,662.86714165506
2023-06-05 23:00:00,556.7223922386728
2023-06-06 00:00:00,510.1940607258648
2023-06-06 01:00:00,542.7398735145733
2023-06-06 02:00:00,462.91739814228583
2023-06-06 03:00:00,557.1390665554156
2023-06-06 04:00:00,607.1543083125428
2023-06-06 05:00:00,491.03471471831574
2023-06-06 06:00:00,576.5628930672898
2023-06-06 07:00:00,913.1642711484052
2023-06-06 08:00:00,950.1137053770993
2023-06-06 09:00:00,582.071015347994
2023-06-06 10:00:00,672.3099868293641
2023-06-06 11:00:00,621.2430743033567
2023-06-06 12:00:00,704.1375251723242
2023-06-06 13:00:00,781.6830416057497
2023-06-06 14:00:00,711.094338478587
2023-06-06 15:00:00,699.1088408326515
2023-06-06 16:00:00,612.8832924306794
2023-06-06 17:00:00,849.5563198420559
2023-06-06 18:00:00,817.4794251095948
2023-06-06 19:00:00,682.9311966271082
2023-06-06 20:00:00,659.0304609244702
2023-06-06 21:00:00,650.7045300773462
2023-06-06 22:00:00,610.98535890887
2023-06-06 23:00:00,602.1403172773904
2023-06-07 00:00:00,576.5881098133244
2023-06-07 01:00:00,527.8831665053079
2023-06-07 02:00:00,590.0729941472775
2023-06-07 03:00:00,530.0971664645917
2023-06-07 04:00:00,518.7198602995585
2023-06-07 05:00:00,519.6118753007885
2023-06-07 06:00:00,529.1572578764764
2023-06-07 07:00:00,918.8616952167282
2023-06-07 08:00:00,826.754204866466
2023-06-07 09:00:00,550.8622467493695
2023-06-07 10:00:00,616.9764796368587
2023-06-07 11:00:00,696.5572122883643
2023-06-07 12:00:00,693.9871815891252
2023-06-07 13:00:00,686.9321514725455
2023-06-07 14:00:00,658.296892213177
2023-06-07 15:00:00,653.1106498625344
2023-06-07 16:00:00,618.574794541863
2023-06-07 17:00:00,827.9779227316604
2023-06-07 18:00:00,862.6543328614458
2023-06-07 19:00:00,614.5900525550311
2023-06-07 20:00:00,657.2425097108433
2023-06-07 21:00:00,702.1311214926426
2023-06-07 22:00:00,673.4466320157113
2023-06-07 23:00:00,533.5034472713407
2023-06-08 00:00:00,560.2879588142371
2023-06-08 01:00:00,540.3733930187915
2023-06-08 02:00:00,550.3152073877891
2023-06-08 03:00:00,536.9755579140599
2023-06-08 04:00:00,543.4265917645844
2023-06-08 05:00:00,558.483734122967
2023-06-08 06:00:00,560.265652016722
2023-06-08 07:00:00,859.3648469204009
2023-06-08 08:00:00,844.4582978467515
2023-06-08 09:00:00,535.9891558198516
2023-06-08 10:00:00,651.3086923111808
2023-06-08 11:00:00,706.3785002721652
2023-06-08 12:00:00,664.2884993803247
2023-06-08 13:00:00,720.5445785692439
2023-06-08 14:00:00,701.3885499501025
2023-06-08 15:00:00,621.2598314624779
2023-06-08 16:00:00,626.1990233688676
2023-06-08 17:00:00,882.4319458236683
2023-06-08 18:00:00,810.2454930066059
2023-06-08 19:00:00,666.8076617157997
2023-06-08 20:00:00,615.7400705036321
2023-06-08 21:00:00,653.9068150699334
2023-06-08 22:00:00,599.4200637218014
2023-06-08 23:00:00,478.27574189861696
2023-06-09 00:00:00,534.6873124154813
2023-06-09 01:00:00,545.0508421490066
2023-06-09 02:00:00,534.0928122554159
2023-06-09 03:00:00,502.6387776710976
2023-06-09 04:00:00,534.0040375147545
2023-06-09 05:00:00,560.7717901032294
2023-06-09 06:00:00,598.2042787950985
2023-06-09 07:00:00,907.3000412239685
2023-06-09 08:00:00,873.1953919818307
2023-06-09 09:00:00,646.8687165886464
2023-06-09 10:00:00,652.9530665378088
2023-06-09 11:00:00,719.5024118834688
2023-06-09 12:00:00,747.2756437183984
2023-06-09 13:00:00,719.2363237099559
2023-06-09 14:00:00,691.8990309174068
2023-06-09 15:00:00,678.8681181334808
2023-06-09 16:00:00,641.4435060418502
2023-06-09 17:00:00,793.0810029895331
2023-06-09 18:00:00,811.1950295848143
2023-06-09 19:00:00,634.0976893803312
2023-06-09 20:00:00,699.5061503004799
2023-06-09 21:00:00,665.1907054416358
2023-06-09 22:00:00,611.2781696595902
2023-06-09 23:00:00,537.5876917846039
2023-06-10 00:00:00,510.4270742361482
2023-06-10 01:00:00,506.6084403106586
2023-06-10 02:00:00,574.1555823422711
2023-06-10 03:00:00,480.1302748294598
2023-06-10 04:00:00,599.351234229375
2023-06-10 05:00:00,568.1291876073849
2023-06-10 06:00:00,613.6344668241479
2023-06-10 07:00:00,761.4824195189897
2023-06-10 08:00:00,774.0023712368356
2023-06-10 09:00:00,512.6739274190115
2023-06-10 10:00:00,619.0135037173279
2023-06-10 11:00:00,659.746193905726
2023-06-10 12:00:00,691.8425224712558
2023-06-10 13:00:00,595.7137273279019
2023-06-10 14:00:00,625.3797625205893
2023-06-10 15:00:00,633.9480311906991
2023-06-10 16:00:00,514.1684319123005
2023-06-10 17:00:00,768.653969670336
2023-06-10 18:00:00,716.0403867302956
2023-06-10 19:00:00,597.184385952919
2023-06-10 20:00:00,586.9220251235249
2023-06-10 21:00:00,573.426459771213
2023-06-10 22:00:00,604.7182005807778
2023-06-10 23:00:00,526.375616857279
2023-06-11 00:00:00,520.1256847088533
2023-06-11 01:00:00,505.8615351327863
2023-06-11 02:00:00,547.7809868313182
2023-06-11 03:00:00,601.1446907396914
2023-06-11 04:00:00,540.595489313565
2023-06-11 05:00:00,574.8447285964452
2023-06-11 06:00:00,514.3911229938615
2023-06-11 07:00:00,786.3104575717508
2023-06-11 08:00:00,736.1052672411573
2023-06-11 09:00:00,510.92300289872395
2023-06-11 10:00:00,610.4251437016385
2023-06-11 11:00:00,687.675973376543
2023-06-11 12:00:00,678.0006331467858
2023-06-11 13:00:00,649.720188882176
2023-06-11 14:00:00,578.6919776044027
2023-06-11 15:00:00,632.1487739444825
2023-06-11 16:00:00,582.0680003560694
2023-06-11 17:00:00,752.0214491831439
2023-06-11 18:00:00,671.2482566607702
2023-06-11 19:00:00,569.3872860792051
2023-06-11 20:00:00,602.4368894340513
2023-06-11 21:00:00,626.4516363806875
2023-06-11 22:00:00,517.1548871560021
2023-06-11 23:00:00,528.5150409808057
2023-06-12 00:00:00,555.7219507951581
2023-06-12 01:00:00,583.9844795406485
2023-06-12 02:00:00,577.7143033694974
2023-06-12 03:00:00,573.3028527523522
2023-06-12 04:00:00,518.0023797319226
2023-06-12 05:00:00,473.6799145150677
2023-06-12 06:00:00,584.277889717544
2023-06-12 07:00:00,940.0652730083424
2023-06-12 08:00:00,955.7381811009773
2023-06-12 09:00:00,628.4219640919114
2023-06-12 10:00:00,717.1736329120694
2023-06-12 11:00:00,715.1855859354387
2023-06-12 12:00:00,677.7552501295688
2023-06-12 13:00:00,694.7975882578552
2023-06-12 14:00:00,766.7627810330532
2023-06-12 15:00:00,662.297679768325
2023-06-12 16:00:00,664.5911516283941
2023-06-12 17:00:00,837.1188738203176
2023-06-12 18:00:00,903.0172843638031
2023-06-12 19:00:00,593.7273996200985
2023-06-12 20:00:00,673.436168046586
2023-06-12 21:00:00,620.5291945620951
2023-06-12 22:00:00,593.3893123230325
2023-06-12 23:00:00,558.7413616964378
2023-06-13 00:00:00,590.3788715438387
2023-06-13 01:00:00,516.2023424562601
2023-06-13 02:00:00,490.03936158166397
2023-06-13 03:00:00,546.3262094266018
2023-06-13 04:00:00,546.5025868489128
2023-06-13 05:00:00,571.93278510218
2023-06-13 06:00:00,637.9837828545795
2023-06-13 07:00:00,897.6233927491003
2023-06-13 08:00:00,974.2201325917705
2023-06-13 09:00:00,608.9693897814117
2023-06-13 10:00:00,686.142939759724
2023-06-13 11:00:00,635.5373056358869
2023-06-13 12:00:00,689.4936191873533
2023-06-13 13:00:00,686.5445221835546
2023-06-13 14:00:00,738.4121918512589
2023-06-13 15:00:00,718.4993449626742
2023-06-13 16:00:00,552.8252351346953
2023-06-13 17:00:00,856.8901754564415
2023-06-13 18:00:00,876.8612468691622
2023-06-13 19:00:00,711.1212543755133
2023-06-13 20:00:00,685.5001586965624
2023-06-13 21:00:00,680.4338661724591
2023-06-13 22:00:00,652.4034397846066
2023-06-13 23:00:00,565.532480216938
2023-06-14 00:00:00,599.9801960282464
2023-06-14 01:00:00,496.688904100814
2023-06-14 02:00:00,536.0224269113218
2023-06-14 03:00:00,519.0972500497504
2023-06-14 04:00:00,565.1661247490449
2023-06-14 05:00:00,599.2088870260316
2023-06-14 06:00:00,576.1210285311571
2023-06-14 07:00:00,804.3878253012225
2023-06-14 08:00:00,883.5111701990212
2023-06-14 09:00:00,636.5389492806962
2023-06-14 10:00:00,721.5051961179952
2023-06-14 11:00:00,717.127449912423
2023-06-14 12:00:00,688.8002679250208
2023-06-14 13:00:00,648.8387705512085
2023-06-14 14:00:00,720.6117728649787
2023-06-14 15:00:00,666.628727598615
2023-06-14 16:00:00,687.3638693352183
2023-06-14 17:00:00,872.8202883341806
2023-06-14 18:00:00,826.774067897842
2023-06-14 19:00:00,625.5445901044549
2023-06-14 20:00:00,646.2822317354564
2023-06-14 21:00:00,640.41992311913
2023-06-14 22:00:00,694.6733510211982
2023-06-14 23:00:00,557.4566467897619
2023-06-15 00:00:00,520.7347304436589
2023-06-15 01:00:00,625.6176274062313
2023-06-15 02:00:00,551.9723332608089
2023-06-15 03:00:00,580.7535870387559
2023-06-15 04:00:00,525.6709397022096
2023-06-15 05:00:00,564.5246251097809
2023-06-15 06:00:00,612.4443996457278
2023-06-15 07:00:00,824.4140283161539
2023-06-15 08:00:00,980.6110044184256
2023-06-15 09:00:00,651.6257784369019
2023-06-15 10:00:00,684.1121873541605
2023-06-15 11:00:00,655.9092103817658
2023-06-15 12:00:00,713.9024645521421
2023-06-15 13:00:00,703.4679079765758
2023-06-15 14:00:00,714.2267579425292
2023-06-15 15:00:00,707.6630958477635
2023-06-15 16:00:00,620.249639572237
2023-06-15 17:00:00,907.8922279756723
2023-06-15 18:00:00,872.7241282051458
2023-06-15 19:00:00,608.0137800436023
2023-06-15 20:00:00,704.5025141084981
2023-06-15 21:00:00,715.6245825395315
2023-06-15 22:00:00,776.0822693804834
2023-06-15 23:00:00,505.0602386704161
2023-06-16 00:00:00,559.715280526011
2023-06-16 01:00:00,466.7160518724405
2023-06-16 02:00:00,572.1259662551684
2023-06-16 03:00:00,528.0719880733291
2023-06-16 04:00:00,626.9378317929982
2023-06-16 05:00:00,519.0154011992568
2023-06-16 06:00:00,532.4326784813095
2023-06-16 07:00:00,881.1494503718992
2023-06-16 08:00:00,820.9804891513145
2023-06-16 09:00:00,630.0439781802924
2023-06-16 10:00:00,617.3966781497472
2023-06-16 11:00:00,701.1383032473263
2023-06-16 12:00:00,616.8875272057521
2023-06-16 13:00:00,687.1880878185343
2023-06-16 14:00:00,765.7351262321813
2023-06-16 15:00:00,714.4259156574318
2023-06-16 16:00:00,565.4602558014026
2023-06-16 17:00:00,848.7518604424366
2023-06-16 18:00:00,850.7206748817779
2023-06-16 19:00:00,668.9052138337362
2023-06-16 20:00:00,595.3256654687669
2023-06-16 21:00:00,673.7026909538932
2023-06-16 22:00:00,541.824334735889
2023-06-16 23:00:00,524.8046179054476
2023-06-17 00:00:00,515.4690463019382
2023-06-17 01:00:00,560.3330730428495
2023-06-17 02:00:00,535.9052341070748
2023-06-17 03:00:00,478.77747784574854
2023-06-17 04:00:00,495.60027496731936
2023-06-17 05:00:00,542.9472003818963
2023-06-17 06:00:00,566.8373063254178
2023-06-17 07:00:00,756.8350356145702
2023-06-17 08:00:00,760.7666484195208
2023-06-17 09:00:00,597.8467198863716
2023-06-17 10:00:00,619.2922970852314
2023-06-17 11:00:00,636.4763502388371
2023-06-17 12:00:00,726.7974635232217
2023-06-17 13:00:00,583.0526945246431
2023-06-17 14:00:00,565.9262907370137
2023-06-17 15:00:00,671.3435865919442
2023-06-17 16:00:00,542.8542775482358
2023-06-17 17:00:00,732.2704988902952
2023-06-17 18:00:00,713.7537448747554
2023-06-17 19:00:00,594.6079943692995
2023-06-17 20:00:00,668.9415244838536
2023-06-17 21:00:00,637.0851383447248
2023-06-17 22:00:00,639.4889404754791
2023-06-17 23:00:00,478.35091776829415
2023-06-18 00:00:00,488.9538505378852
2023-06-18 01:00:00,421.43685362058295
2023-06-18 02:00:00,502.6247671566898
2023-06-18 03:00:00,573.2681274554263
2023-06-18 04:00:00,555.6778606299348
2023-06-18 05:00:00,526.1394694819151
2023-06-18 06:00:00,569.1079886512779
2023-06-18 07:00:00,752.4445782969838
2023-06-18 08:00:00,788.1903552960714
2023-06-18 09:00:00,600.6351311792246
2023-06-18 10:00:00,575.3645285035811
2023-06-18 11:00:00,651.9859075134939
2023-06-18 12:00:00,677.2973948381867
2023-06-18 13:00:00,623.3959884414652
2023-06-18 14:00:00,668.0280244848234
2023-06-18 15:00:00,752.5861777789021
2023-06-18 16:00:00,565.8262882805243
2023-06-18 17:00:00,760.732282000213
2023-06-18 18:00:00,715.4777166535443
2023-06-18 19:00:00,612.250046504082
2023-06-18 20:00:00,623.4108649992921
2023-06-18 21:00:00,612.7936936108056
2023-06-18 22:00:00,564.2121872116458
2023-06-18 23:00:00,543.254470853018
2023-06-19 00:00:00,608.4878375487054
2023-06-19 01:00:00,567.945430580581
2023-06-19 02:00:00,588.4794875628736
2023-06-19 03:00:00,540.5195211994949
2023-06-19 04:00:00,579.9960095769484
2023-06-19 05:00:00,561.170713528661
2023-06-19 06:00:00,561.9635708125107
2023-06-19 07:00:00,912.7408401919549
2023-06-19 08:00:00,860.3321334623876
2023-06-19 09:00:00,574.6847890046083
2023-06-19 10:00:00,707.573132291695
2023-06-19 11:00:00,711.889770935205
2023-06-19 12:00:00,652.4307013969149
2023-06-19 13:00:00,742.1594308473151
2023-06-19 14:00:00,722.8802511320189
2023-06-19 15:00:00,671.8108625755647
2023-06-19 16:00:00,538.496608142033
2023-06-19 17:00:00,844.2038168367427
2023-06-19 18:00:00,832.1622514455536
2023-06-19 19:00:00,654.525618282121
2023-06-19 20:00:00,635.4753335537773
2023-06-19 21:00:00,569.7017255701996
2023-06-19 22:00:00,634.4661224679537
2023-06-19 23:00:00,537.7752355572675
2023-06-20 00:00:00,575.3464409909624
2023-06-20 01:00:00,522.072013015558
2023-06-20 02:00:00,617.1469869349027
2023-06-20 03:00:00,473.53437797392974
2023-06-20 04:00:00,602.446699912105
2023-06-20 05:00:00,541.0272411648758
2023-06-20 06:00:00,634.3833948937422
2023-06-20 07:00:00,903.1920593623494
2023-06-20 08:00:00,945.5822214410188
2023-06-20 09:00:00,584.5055214178875
2023-06-20 10:00:00,656.0551829928875
2023-06-20 11:00:00,756.8201714908425
2023-06-20 12:00:00,695.4607741647144
2023-06-20 13:00:00,708.8623389449684
2023-06-20 14:00:00,749.3900765617918
2023-06-20 15:00:00,658.7217903162226
2023-06-20 16:00:00,623.8196359055703
2023-06-20 17:00:00,826.4042097414844
2023-06-20 18:00:00,844.7132257742252
2023-06-20 19:00:00,652.8911586153715
2023-06-20 20:00:00,589.9911255421225
2023-06-20 21:00:00,618.8465182871826
2023-06-20 22:00:00,704.0429156965256
2023-06-20 23:00:00,585.4476475433918
2023-06-21 00:00:00,547.4944169069106
2023-06-21 01:00:00,559.7249383405157
2023-06-21 02:00:00,538.2302997745417
2023-06-21 03:00:00,604.2633354331193
2023-06-21 04:00:00,541.9858968882335
2023-06-21 05:00:00,559.273683685394
2023-06-21 06:00:00,645.8412057656826
2023-06-21 07:00:00,868.9051406061637
2023-06-21 08:00:00,962.3515673798757
2023-06-21 09:00:00,538.781543610265
2023-06-21 10:00:00,765.1856852445119
2023-06-21 11:00:00,685.092976641921
2023-06-21 12:00:00,690.2920500869888
2023-06-21 13:00:00,624.3995931526823
2023-06-21 14:00:00,681.8082113048923
2023-06-21 15:00:00,658.4077387589247
2023-06-21 16:00:00,575.6941461850611
2023-06-21 17:00:00,844.5075613684448
2023-06-21 18:00:00,888.3116645789162
2023-06-21 19:00:00,658.3041340560251
2023-06-21 20:00:00,662.3070661360446
2023-06-21 21:00:00,606.1792244461775
2023-06-21 22:00:00,614.7698364158908
2023-06-21 23:00:00,621.9490007340524
2023-06-22 00:00:00,520.5919586094701
2023-06-22 01:00:00,616.2483300822919
2023-06-22 02:00:00,540.2775520447653
2023-06-22 03:00:00,550.0915174457401
2023-06-22 04:00:00,592.8146064091972
2023-06-22 05:00:00,600.8756968775463
2023-06-22 06:00:00,595.5674975888365
2023-06-22 07:00:00,884.4702778591385
2023-06-22 08:00:00,897.7631820591115
2023-06-22 09:00:00,613.5183011292847
2023-06-22 10:00:00,735.6521474747902
2023-06-22 11:00:00,700.169194359766
2023-06-22 12:00:00,724.7554519209261
2023-06-22 13:00:00,765.5343892908377
2023-06-22 14:00:00,715.2523844905913
2023-06-22 15:00:00,712.4661142401911
2023-06-22 16:00:00,539.2435669963972
2023-06-22 17:00:00,744.7707945268374
2023-06-22 18:00:00,865.5350291692067
2023-06-22 19:00:00,646.2070307487651
2023-06-22 20:00:00,629.4086930034103
2023-06-22 21:00:00,659.7412081674538
2023-06-22 22:00:00,647.5838508321236
2023-06-22 23:00:00,595.111210025356
2023-06-23 00:00:00,553.4444347303591
2023-06-23 01:00:00,520.1230685971933
2023-06-23 02:00:00,589.6066495583716
2023-06-23 03:00:00,541.3147570021519
2023-06-23 04:00:00,571.0614673468923
2023-06-23 05:00:00,530.903571752288
2023-06-23 06:00:00,574.0069245801026
2023-06-23 07:00:00,903.3667292074279
2023-06-23 08:00:00,900.5131457417474
2023-06-23 09:00:00,619.1930814146733
2023-06-23 10:00:00,689.2541698676102
2023-06-23 11:00:00,626.5456086491841
2023-06-23 12:00:00,682.6890446564645
2023-06-23 13:00:00,731.7527386857527
2023-06-23 14:00:00,688.1049568302758
2023-06-23 15:00:00,690.1446638994181
2023-06-23 16:00:00,639.4550602362375
2023-06-23 17:00:00,821.5210709096431
2023-06-23 18:00:00,788.287871270284
2023-06-23 19:00:00,643.5747552189803
2023-06-23 20:00:00,630.6330419500505
2023-06-23 21:00:00,611.3501472098699
2023-06-23 22:00:00,642.9848617640524
2023-06-23 23:00:00,569.6602258898713
2023-06-24 00:00:00,534.6284575372873
2023-06-24 01:00:00,547.2792429074495
2023-06-24 02:00:00,607.5363079406169
2023-06-24 03:00:00,521.2848455376975
2023-06-24 04:00:00,546.1339453857868
2023-06-24 05:00:00,514.6314654960346
2023-06-24 06:00:00,536.1456112045211
2023-06-24 07:00:00,756.6036938632892
2023-06-24 08:00:00,760.8496571391324
2023-06-24 09:00:00,584.379031901885
2023-06-24 10:00:00,733.9630314680303
2023-06-24 11:00:00,611.3582625489664
2023-06-24 12:00:00,623.3349877753815
2023-06-24 13:00:00,637.47507947555
2023-06-24 14:00:00,655.8319539483899
2023-06-24 15:00:00,650.5420324781913
2023-06-24 16:00:00,621.3638317579247
2023-06-24 17:00:00,647.9443171785916
2023-06-24 18:00:00,649.5228051921731
2023-06-24 19:00:00,585.1648731195941
2023-06-24 20:00:00,648.8920075017484
2023-06-24 21:00:00,542.3740787357762
2023-06-24 22:00:00,484.69470641224973
2023-06-24 23:00:00,557.8471762487684
2023-06-25 00:00:00,544.7462889481086
2023-06-25 01:00:00,491.3916637280228
2023-06-25 02:00:00,495.5784159711628
2023-06-25 03:00:00,496.21025121461304
2023-06-25 04:00:00,539.4214126989576
2023-06-25 05:00:00,509.9473889526797
2023-06-25 06:00:00,589.7625567590208
2023-06-25 07:00:00,665.8149334838243
2023-06-25 08:00:00,745.725925394888
2023-06-25 09:00:00,524.957841563558
2023-06-25 10:00:00,629.7463728651003
2023-06-25 11:00:00,618.4780896603945
2023-06-25 12:00:00,671.9137511958306
2023-06-25 13:00:00,565.6265291335977
2023-06-25 14:00:00,641.8196590532301
2023-06-25 15:00:00,662.3334569284682
2023-06-25 16:00:00,644.2658974624782
2023-06-25 17:00:00,725.729361156261
2023-06-25 18:00:00,757.9783441741007
2023-06-25 19:00:00,532.8454882975054
2023-06-25 20:00:00,509.32175182747903
2023-06-25 21:00:00,638.790975031268
2023-06-25 22:00:00,604.7775882540772
2023-06-25 23:00:00,582.140507591937
2023-06-26 00:00:00,495.06388444121
2023-06-26 01:00:00,570.7960855811501
2023-06-26 02:00:00,624.7527136217541
2023-06-26 03:00:00,566.7882243342906
2023-06-26 04:00:00,561.0632602236419
2023-06-26 05:00:00,550.3422432329739
2023-06-26 06:00:00,537.1647417149635
2023-06-26 07:00:00,954.2229174284139
2023-06-26 08:00:00,875.5656944077973
2023-06-26 09:00:00,620.1793302553207
2023-06-26 10:00:00,637.4786277371498
2023-06-26 11:00:00,652.8216134196888
2023-06-26 12:00:00,757.4034959688894
2023-06-26 13:00:00,686.1079084416863
2023-06-26 14:00:00,758.1310190417017
2023-06-26 15:00:00,696.8707736376593
2023-06-26 16:00:00,526.3240890816857
2023-06-26 17:00:00,885.6827039892688
2023-06-26 18:00:00,826.4043072897757
2023-06-26 19:00:00,677.9475525406817
2023-06-26 20:00:00,651.0084347016033
2023-06-26 21:00:00,588.2752708822852
2023-06-26 22:00:00,656.5717906148228
2023-06-26 23:00:00,637.848925686112
2023-06-27 00:00:00,569.7194583405784
2023-06-27 01:00:00,547.6992898797815
2023-06-27 02:00:00,593.0137360782759
2023-06-27 03:00:00,558.4267386081244
2023-06-27 04:00:00,558.3813692105118
2023-06-27 05:00:00,506.3349931136359
2023-06-27 06:00:00,609.3539210315839
2023-06-27 07:00:00,941.4177366566778
2023-06-27 08:00:00,866.557513915999
2023-06-27 09:00:00,656.9798328498779
2023-06-27 10:00:00,696.331759034195
2023-06-27 11:00:00,664.4892195384584
2023-06-27 12:00:00,739.9052830768098
2023-06-27 13:00:00,688.5282305704692
2023-06-27 14:00:00,730.3805954994443
2023-06-27 15:00:00,688.3296547096585
2023-06-27 16:00:00,597.6069542588039
2023-06-27 17:00:00,869.7424081733717
2023-06-27 18:00:00,861.6358823036003
2023-06-27 19:00:00,570.1787287819304
2023-06-27 20:00:00,605.1502503962244
2023-06-27 21:00:00,687.1763993916326
2023-06-27 22:00:00,644.7145364439381
2023-06-27 23:00:00,529.0507478891432
2023-06-28 00:00:00,495.657039389701
2023-06-28 01:00:00,506.81054714896607
2023-06-28 02:00:00,469.1280544015221
2023-06-28 03:00:00,545.9487712519386
2023-06-28 04:00:00,526.0624967767582
2023-06-28 05:00:00,511.3364843605874
2023-06-28 06:00:00,597.2750629932818
2023-06-28 07:00:00,914.5588252341096
2023-06-28 08:00:00,983.7279172883977
2023-06-28 09:00:00,539.5246632174715
2023-06-28 10:00:00,746.3752417320209
2023-06-28 11:00:00,738.9240624406029
2023-06-28 12:00:00,668.836290424932
2023-06-28 13:00:00,708.1294381834413
2023-06-28 14:00:00,681.6946700264954
2023-06-28 15:00:00,707.4275432167495
2023-06-28 16:00:00,660.365240536182
2023-06-28 17:00:00,874.2242493052526
2023-06-28 18:00:00,870.3443349293377
2023-06-28 19:00:00,632.7876272018143
2023-06-28 20:00:00,590.6377334030266
2023-06-28 21:00:00,641.6612715783837
2023-06-28 22:00:00,698.2643261945566
2023-06-28 23:00:00,488.9132857364141
2023-06-29 00:00:00,507.7964252729322
2023-06-29 01:00:00,555.0507094493627
2023-06-29 02:00:00,510.6138086061095
2023-06-29 03:00:00,518.2990621153915
2023-06-29 04:00:00,533.0560567308729
2023-06-29 05:00:00,495.375303832394
2023-06-29 06:00:00,561.0351261513453
2023-06-29 07:00:00,928.1371166714923
2023-06-29 08:00:00,847.7052087107614
2023-06-29 09:00:00,536.0851146202065
2023-06-29 10:00:00,674.7990008186442
2023-06-29 11:00:00,729.2782201003938
2023-06-29 12:00:00,692.1231276801244
2023-06-29 13:00:00,681.4167568753753
2023-06-29 14:00:00,701.7743519006243
2023-06-29 15:00:00,630.1717026856139
2023-06-29 16:00:00,619.7882261510013
2023-06-29 17:00:00,865.3374012561458
2023-06-29 18:00:00,833.6276610361712
2023-06-29 19:00:00,690.2369804718567
2023-06-29 20:00:00,604.9001560418784
2023-06-29 21:00:00,695.1163597301428
2023-06-29 22:00:00,656.17974662381
2023-06-29 23:00:00,536.5378964048731
2023-06-30 00:00:00,549.2050545852676
2023-06-30 01:00:00,545.7094093675623
2023-06-30 02:00:00,598.8113158567087
2023-06-30 03:00:00,506.9328349011595
2023-06-30 04:00:00,519.499230434136
2023-06-30 05:00:00,591.4521156828991
2023-06-30 06:00:00,576.1786025926456
2023-06-30 07:00:00,936.0213230932636
2023-06-30 08:00:00,967.9774393203484
2023-06-30 09:00:00,583.9281989223347
2023-06-30 10:00:00,727.2544930630122
2023-06-30 11:00:00,653.8523087464057
2023-06-30 12:00:00,730.1893319227124
2023-06-30 13:00:00,707.9769594394706
2023-06-30 14:00:00,718.9215312864086
2023-06-30 15:00:00,674.1771171185842
2023-06-30 16:00:00,533.556663377313
2023-06-30 17:00:00,870.1300825899802
2023-06-30 18:00:00,767.4638739008218
2023-06-30 19:00:00,637.3059803102987
2023-06-30 20:00:00,687.6472746567988
2023-06-30 21:00:00,657.6759094349214
2023-06-30 22:00:00,727.9337057915925
2023-06-30 23:00:00,591.004366103271
2023-07-01 00:00:00,508.84406446697693
2023-07-01 01:00:00,536.0925351940575
2023-07-01 02:00:00,533.1051718982226
2023-07-01 03:00:00,471.7129294661549
2023-07-01 04:00:00,497.38404334062585
2023-07-01 05:00:00,512.5695637208056
2023-07-01 06:00:00,488.5511798857625
2023-07-01 07:00:00,781.8997387300657
2023-07-01 08:00:00,770.0371262138784
2023-07-01 09:00:00,503.08424394753706
2023-07-01 10:00:00,656.1685146110933
2023-07-01 11:00:00,668.6349097876384
2023-07-01 12:00:00,649.0813791545955
2023-07-01 13:00:00,627.0372729916412
2023-07-01 14:00:00,663.6576860700742
2023-07-01 15:00:00,667.2088144190676
2023-07-01 16:00:00,582.2961427887875
2023-07-01 17:00:00,712.0155099826096
2023-07-01 18:00:00,756.0640306204473
2023-07-01 19:00:00,652.8192260330192
2023-07-01 20:00:00,581.1348376555308
2023-07-01 21:00:00,688.9175735652973
2023-07-01 22:00:00,583.9747626405846
2023-07-01 23:00:00,536.2962805336055
2023-07-02 00:00:00,508.10057615974654
2023-07-02 01:00:00,543.9308334368104
2023-07-02 02:00:00,465.311132294589
2023-07-02 03:00:00,513.1583280473311
2023-07-02 04:00:00,491.31515198605734
2023-07-02 05:00:00,540.4135339156917
2023-07-02 06:00:00,609.7778950203563
2023-07-02 07:00:00,805.840247484582
2023-07-02 08:00:00,685.1336255656443
2023-07-02 09:00:00,651.6827861171153
2023-07-02 10:00:00,651.8111976248348
2023-07-02 11:00:00,608.9400343802799
2023-07-02 12:00:00,646.2851167596376
2023-07-02 13:00:00,647.0475929001077
2023-07-02 14:00:00,613.3260513219375
2023-07-02 15:00:00,647.916666693683
2023-07-02 16:00:00,545.7011084951877
2023-07-02 17:00:00,728.8255202923991
2023-07-02 18:00:00,717.5488345697967
2023-07-02 19:00:00,547.6931484104139
2023-07-02 20:00:00,610.8334588086153
2023-07-02 21:00:00,628.4119774606535
2023-07-02 22:00:00,625.5953438430549
2023-07-02 23:00:00,567.7970101054094
2023-07-03 00:00:00,562.9736084005947
2023-07-03 01:00:00,528.6909800713239
2023-07-03 02:00:00,583.5865545772475
2023-07-03 03:00:00,495.6992984063226
2023-07-03 04:00:00,513.9731446995008
2023-07-03 05:00:00,511.4319971430702
2023-07-03 06:00:00,643.2022423655724
2023-07-03 07:00:00,937.7115405656031
2023-07-03 08:00:00,919.4922094817998
2023-07-03 09:00:00,642.8771946084719
2023-07-03 10:00:00,664.8286887035205
2023-07-03 11:00:00,713.9438047944392
2023-07-03 12:00:00,694.9930228646734
2023-07-03 13:00:00,733.8752841553966
2023-07-03 14:00:00,695.3910306979121
2023-07-03 15:00:00,684.6022844635968
2023-07-03 16:00:00,621.6363407424396
2023-07-03 17:00:00,885.0467666876493
2023-07-03 18:00:00,823.2661922061279
2023-07-03 19:00:00,647.556973145905
2023-07-03 20:00:00,607.6623746543339
2023-07-03 21:00:00,550.0775593002825
2023-07-03 22:00:00,658.0183852565492
2023-07-03 23:00:00,574.3562142501853
2023-07-04 00:00:00,560.482672363469
2023-07-04 01:00:00,472.01753128982534
2023-07-04 02:00:00,535.966022796941
2023-07-04 03:00:00,461.26608959795675
2023-07-04 04:00:00,604.7880443061674
2023-07-04 05:00:00,506.55781671527654
2023-07-04 06:00:00,650.2161443783958
2023-07-04 07:00:00,937.8347857473658
2023-07-04 08:00:00,863.9763858985575
2023-07-04 09:00:00,554.6886019492902
2023-07-04 10:00:00,714.0148086554535
2023-07-04 11:00:00,666.2270385126772
2023-07-04 12:00:00,704.0993856863283
2023-07-04 13:00:00,680.6868963677233
2023-07-04 14:00:00,628.7536634213747
2023-07-04 15:00:00,610.7812792350217
2023-07-04 16:00:00,609.0673699397839
2023-07-04 17:00:00,827.5376901467749
2023-07-04 18:00:00,827.8764073234347
2023-07-04 19:00:00,677.8345535637515
2023-07-04 20:00:00,696.9376910652978
2023-07-04 21:00:00,639.0982111455277
2023-07-04 22:00:00,636.3760517236055
2023-07-04 23:00:00,570.0057213245553
2023-07-05 00:00:00,495.722577212017
2023-07-05 01:00:00,558.9261221899079
2023-07-05 02:00:00,572.0754388728861
2023-07-05 03:00:00,577.2092083367052
2023-07-05 04:00:00,472.5298918999014
2023-07-05 05:00:00,519.5457892076424
2023-07-05 06:00:00,564.8694698870613
2023-07-05 07:00:00,903.9954781763685
2023-07-05 08:00:00,919.2297831907193
2023-07-05 09:00:00,659.8684162978393
2023-07-05 10:00:00,680.201380785277
2023-07-05 11:00:00,680.0971000676315
2023-07-05 12:00:00,745.9868807551499
2023-07-05 13:00:00,711.8630775412122
2023-07-05 14:00:00,750.7060604475189
2023-07-05 15:00:00,711.5491201203935
2023-07-05 16:00:00,553.7153352514691
2023-07-05 17:00:00,796.6748658088877
2023-07-05 18:00:00,787.9395100376429
2023-07-05 19:00:00,676.4820733903389
2023-07-05 20:00:00,697.5438729234803
2023-07-05 21:00:00,723.9744856554553
2023-07-05 22:00:00,683.7242132929296
2023-07-05 23:00:00,596.5135431013995
2023-07-06 00:00:00,526.7993466938526
2023-07-06 01:00:00,503.74336733024575
2023-07-06 02:00:00,584.0031732967021
2023-07-06 03:00:00,566.707230089576
2023-07-06 04:00:00,554.2977749736357
2023-07-06 05:00:00,565.4948592253196
2023-07-06 06:00:00,612.9274192983282
2023-07-06 07:00:00,951.3526743941425
2023-07-06 08:00:00,951.7994233926782
2023-07-06 09:00:00,621.7688140936139
2023-07-06 10:00:00,733.8321149025171
2023-07-06 11:00:00,720.562502096991
2023-07-06 12:00:00,681.5532107186152
2023-07-06 13:00:00,730.2625869965256
2023-07-06 14:00:00,644.2201972456295
2023-07-06 15:00:00,742.1556620918353
2023-07-06 16:00:00,552.2190824093586
2023-07-06 17:00:00,861.4321314717893
2023-07-06 18:00:00,816.1938416629537
2023-07-06 19:00:00,672.1355593229771
2023-07-06 20:00:00,648.6429909628837
2023-07-06 21:00:00,586.2097616734667
2023-07-06 22:00:00,666.8279852407392
2023-07-06 23:00:00,526.8831689266916
2023-07-07 00:00:00,585.2458688325347
2023-07-07 01:00:00,550.0530275493763
2023-07-07 02:00:00,565.8168394155215
2023-07-07 03:00:00,511.6972417993915
2023-07-07 04:00:00,526.4267107429055
2023-07-07 05:00:00,531.6544545559566
2023-07-07 06:00:00,634.2680992097022
2023-07-07 07:00:00,967.0950835122196
2023-07-07 08:00:00,867.793129930285
2023-07-07 09:00:00,643.0739257863072
2023-07-07 10:00:00,613.2129032909719
2023-07-07 11:00:00,652.2324239563084
2023-07-07 12:00:00,661.648861752529
2023-07-07 13:00:00,645.8996524223711
2023-07-07 14:00:00,636.6564644084968
2023-07-07 15:00:00,716.5199564855119
2023-07-07 16:00:00,591.4372920908855
2023-07-07 17:00:00,865.1762159042044
2023-07-07 18:00:00,877.6189074448605
2023-07-07 19:00:00,660.6246797269014
2023-07-07 20:00:00,676.310527046015
2023-07-07 21:00:00,647.2187085503092
2023-07-07 22:00:00,602.5202644677702
2023-07-07 23:00:00,592.3125672328318
2023-07-08 00:00:00,511.4355146887549
2023-07-08 01:00:00,497.576148049503
2023-07-08 02:00:00,527.8832849678241
2023-07-08 03:00:00,498.4875632281395
2023-07-08 04:00:00,518.3027847204227
2023-07-08 05:00:00,548.7621568625386
2023-07-08 06:00:00,583.933669569845
2023-07-08 07:00:00,744.0867973429748
2023-07-08 08:00:00,760.4917850820502
2023-07-08 09:00:00,612.9733201908098
2023-07-08 10:00:00,659.8560047093576
2023-07-08 11:00:00,723.0026015739417
2023-07-08 12:00:00,687.2051269496611
2023-07-08 13:00:00,685.7717227423975
2023-07-08 14:00:00,584.485257981768
2023-07-08 15:00:00,670.5544140653369
2023-07-08 16:00:00,567.8757279321236
2023-07-08 17:00:00,722.96072785847
2023-07-08 18:00:00,751.7206136213011
2023-07-08 19:00:00,642.8084613844593
2023-07-08 20:00:00,625.0332636401685
2023-07-08 21:00:00,569.8610479463176
2023-07-08 22:00:00,634.6983565437048
2023-07-08 23:00:00,509.49649831696144
2023-07-09 00:00:00,543.6673247585715
2023-07-09 01:00:00,522.8659973009146
2023-07-09 02:00:00,526.245349930575
2023-07-09 03:00:00,565.6497190016204
2023-07-09 04:00:00,493.3922512073641
2023-07-09 05:00:00,612.8078029710773
2023-07-09 06:00:00,497.15655722822015
2023-07-09 07:00:00,756.0932926698057
2023-07-09 08:00:00,794.8084755976696
2023-07-09 09:00:00,593.3725666574124
2023-07-09 10:00:00,635.9809711771318
2023-07-09 11:00:00,637.7043718799383
2023-07-09 12:00:00,656.4220034131047
2023-07-09 13:00:00,630.7572209016928
2023-07-09 14:00:00,695.7272503173963
2023-07-09 15:00:00,673.573964569264
2023-07-09 16:00:00,604.9129740402254
2023-07-09 17:00:00,706.3537310651833
2023-07-09 18:00:00,741.8244630237718
2023-07-09 19:00:00,592.9813620511718
2023-07-09 20:00:00,564.7759449724214
2023-07-09 21:00:00,619.4065673578307
2023-07-09 22:00:00,583.4941696888073
2023-07-09 23:00:00,561.2161531940095
2023-07-10 00:00:00,507.19233748422675
2023-07-10 01:00:00,618.7616245136728
2023-07-10 02:00:00,514.1466936563176
2023-07-10 03:00:00,558.7720934880174
2023-07-10 04:00:00,581.6743724155227
2023-07-10 05:00:00,527.1743827919955
2023-07-10 06:00:00,634.098745737318
2023-07-10 07:00:00,850.8326560879833
2023-07-10 08:00:00,958.0847079673024
2023-07-10 09:00:00,600.5659705986303
2023-07-10 10:00:00,676.1435436812449
2023-07-10 11:00:00,688.0327291029026
2023-07-10 12:00:00,732.3567707757088
2023-07-10 13:00:00,676.6217883259825
2023-07-10 14:00:00,670.0256924230889
2023-07-10 15:00:00,691.1385360966505
2023-07-10 16:00:00,552.9215154892013
2023-07-10 17:00:00,922.8217563176727
2023-07-10 18:00:00,827.3442163514111
2023-07-10 19:00:00,683.2646714472162
2023-07-10 20:00:00,658.3788033459109
2023-07-10 21:00:00,610.6186379807212
2023-07-10 22:00:00,649.7618116314908
2023-07-10 23:00:00,581.3601111724299
2023-07-11 00:00:00,542.4695465965477
2023-07-11 01:00:00,597.7245178340411
2023-07-11 02:00:00,590.8606157112746
2023-07-11 03:00:00,586.7565941863331
2023-07-11 04:00:00,531.6137291090802
2023-07-11 05:00:00,506.8063020887405
2023-07-11 06:00:00,575.4564957854882
2023-07-11 07:00:00,907.8496376266688
2023-07-11 08:00:00,921.8314685412943
2023-07-11 09:00:00,513.1371438095821
2023-07-11 10:00:00,699.67547193553
2023-07-11 11:00:00,706.3235690129274
2023-07-11 12:00:00,688.898229747378
2023-07-11 13:00:00,751.6509535606351
2023-07-11 14:00:00,716.8712029700348
2023-07-11 15:00:00,752.4076763232359
2023-07-11 16:00:00,591.3615791859908
2023-07-11 17:00:00,887.499099700277
2023-07-11 18:00:00,915.4026557811007
2023-07-11 19:00:00,702.4677379709065
2023-07-11 20:00:00,606.3143362628507
2023-07-11 21:00:00,639.8529568983048
2023-07-11 22:00:00,636.1934117820082
2023-07-11 23:00:00,569.5701814030531
2023-07-12 00:00:00,577.4541422005814
2023-07-12 01:00:00,516.4442930389705
2023-07-12 02:00:00,552.7135405566775
2023-07-12 03:00:00,469.20290671375454
2023-07-12 04:00:00,607.6778002320756
2023-07-12 05:00:00,529.5050303729323
2023-07-12 06:00:00,602.2345575937799
2023-07-12 07:00:00,887.6140114404775
2023-07-12 08:00:00,945.8411030005366
2023-07-12 09:00:00,486.49974234410485
2023-07-12 10:00:00,699.3355863069636
2023-07-12 11:00:00,695.7672497000921
2023-07-12 12:00:00,681.8545444963327
2023-07-12 13:00:00,769.0490618254253
2023-07-12 14:00:00,664.5068216457692
2023-07-12 15:00:00,730.8718470894264
2023-07-12 16:00:00,614.2501115482434
2023-07-12 17:00:00,900.4607701014206
2023-07-12 18:00:00,823.3124366088998
2023-07-12 19:00:00,620.6812440350496
2023-07-12 20:00:00,693.8427962990959
2023-07-12 21:00:00,667.0128523332044
2023-07-12 22:00:00,588.2025061329297
2023-07-12 23:00:00,528.4277994214692
2023-07-13 00:00:00,565.4553061539225
2023-07-13 01:00:00,583.5105688618636
2023-07-13 02:00:00,522.8307738722818
2023-07-13 03:00:00,433.42976040732236
2023-07-13 04:00:00,570.9289274294813
2023-07-13 05:00:00,501.18717240224095
2023-07-13 06:00:00,519.3064480751035
2023-07-13 07:00:00,786.7069630006343
2023-07-13 08:00:00,932.5592344079097
2023-07-13 09:00:00,605.1446980161986
2023-07-13 10:00:00,690.9737447715099
2023-07-13 11:00:00,755.5609745185104
2023-07-13 12:00:00,725.4929873209229
2023-07-13 13:00:00,764.6520017088767
2023-07-13 14:00:00,644.2905811133202
2023-07-13 15:00:00,698.6179750418414
2023-07-13 16:00:00,535.3314650020794
2023-07-13 17:00:00,840.8247067257813
2023-07-13 18:00:00,840.0553658493329
2023-07-13 19:00:00,675.0645454905228
2023-07-13 20:00:00,651.822555245676
2023-07-13 21:00:00,674.9362855311966
2023-07-13 22:00:00,678.1376053255558
2023-07-13 23:00:00,636.1971470953257
2023-07-14 00:00:00,537.388133788555
2023-07-14 01:00:00,512.3590919733448
2023-07-14 02:00:00,559.8433446126563
2023-07-14 03:00:00,517.9087989144183
2023-07-14 04:00:00,609.2784307374615
2023-07-14 05:00:00,538.6712784421907
2023-07-14 06:00:00,577.3769452850404
2023-07-14 07:00:00,881.1473711539553
2023-07-14 08:00:00,928.7366969388656
2023-07-14 09:00:00,593.6901206707406
2023-07-14 10:00:00,674.3333271947847
2023-07-14 11:00:00,766.6140767049412
2023-07-14 12:00:00,665.75320637353
2023-07-14 13:00:00,701.4226429613198
2023-07-14 14:00:00,726.0922460644092
2023-07-14 15:00:00,634.7465955833171
2023-07-14 16:00:00,619.210420056237
2023-07-14 17:00:00,807.7956929807821
2023-07-14 18:00:00,882.91131123336
2023-07-14 19:00:00,611.493959523241
2023-07-14 20:00:00,677.7107612739544
2023-07-14 21:00:00,694.2333226517885
2023-07-14 22:00:00,684.4574610253122
2023-07-14 23:00:00,560.0526659295241
2023-07-15 00:00:00,525.7479622828121
2023-07-15 01:00:00,511.94321694660624
2023-07-15 02:00:00,593.8413876326841
2023-07-15 03:00:00,507.0201911932943
2023-07-15 04:00:00,493.5173570572002
2023-07-15 05:00:00,561.6147574013132
2023-07-15 06:00:00,538.1545278725401
2023-07-15 07:00:00,741.9974601013549
2023-07-15 08:00:00,722.2558295132094
2023-07-15 09:00:00,550.6836064215793
2023-07-15 10:00:00,636.6913990441403
2023-07-15 11:00:00,649.7236691064279
2023-07-15 12:00:00,678.0522497719793
2023-07-15 13:00:00,661.0759169466318
2023-07-15 14:00:00,632.3651112178728
2023-07-15 15:00:00,632.0721729448112
2023-07-15 16:00:00,590.4062987566074
2023-07-15 17:00:00,795.9028065171428
2023-07-15 18:00:00,750.052567979328
2023-07-15 19:00:00,586.2347658315837
2023-07-15 20:00:00,565.2853599565782
2023-07-15 21:00:00,547.191789423511
2023-07-15 22:00:00,631.6507868817409
2023-07-15 23:00:00,558.1191409455823
2023-07-16 00:00:00,558.0945410042665
2023-07-16 01:00:00,529.8536221459177
2023-07-16 02:00:00,591.2773898356701
2023-07-16 03:00:00,515.6352602166073
2023-07-16 04:00:00,573.2107694882882
2023-07-16 05:00:00,533.4502842004183
2023-07-16 06:00:00,545.6659694128265
2023-07-16 07:00:00,803.7012122927105
2023-07-16 08:00:00,796.3854447473598
2023-07-16 09:00:00,584.2789103706771
2023-07-16 10:00:00,643.2511368822479
2023-07-16 11:00:00,638.4842767313268
2023-07-16 12:00:00,735.5348797148175
2023-07-16 13:00:00,687.3702658078469
2023-07-16 14:00:00,668.9130757994205
2023-07-16 15:00:00,644.4719663281355
2023-07-16 16:00:00,610.2862880238667
2023-07-16 17:00:00,765.7197910556581
2023-07-16 18:00:00,746.0481901109614
2023-07-16 19:00:00,592.8574269893634
2023-07-16 20:00:00,601.7633064934925
2023-07-16 21:00:00,478.1829705648778
2023-07-16 22:00:00,613.4240335719056
2023-07-16 23:00:00,515.4609567955856
2023-07-17 00:00:00,613.7067999313153
2023-07-17 01:00:00,550.7737628324702
2023-07-17 02:00:00,502.44146321860154
2023-07-17 03:00:00,548.0047938348753
2023-07-17 04:00:00,508.15515659749985
2023-07-17 05:00:00,568.9362966284987
2023-07-17 06:00:00,611.6378945735794
2023-07-17 07:00:00,938.3135852443307
2023-07-17 08:00:00,868.3647283322174
2023-07-17 09:00:00,601.3603238491258
2023-07-17 10:00:00,645.3991281829346
2023-07-17 11:00:00,728.0597912769886
2023-07-17 12:00:00,720.7548472176048
2023-07-17 13:00:00,719.8322008411028
2023-07-17 14:00:00,700.0647612542776
2023-07-17 15:00:00,716.5909156315516
2023-07-17 16:00:00,664.1735643323439
2023-07-17 17:00:00,838.5962297183195
2023-07-17 18:00:00,855.5458073484034
2023-07-17 19:00:00,606.5549480327436
2023-07-17 20:00:00,615.2695615360667
2023-07-17 21:00:00,653.9125317237323
2023-07-17 22:00:00,694.1573418680763
2023-07-17 23:00:00,539.7487670299371
2023-07-18 00:00:00,540.563338827515
2023-07-18 01:00:00,533.724590219825
2023-07-18 02:00:00,528.6097331662271
2023-07-18 03:00:00,561.7988582283529
2023-07-18 04:00:00,490.10969419285425
2023-07-18 05:00:00,601.2375830666691
2023-07-18 06:00:00,573.3831080748216
2023-07-18 07:00:00,928.8761394175257
2023-07-18 08:00:00,849.2000561042449
2023-07-18 09:00:00,626.7536052218487
2023-07-18 10:00:00,726.8777843125799
2023-07-18 11:00:00,715.3680828802359
2023-07-18 12:00:00,660.2228591280083
2023-07-18 13:00:00,709.981927583923
2023-07-18 14:00:00,652.6777526106245
2023-07-18 15:00:00,689.8894697961526
2023-07-18 16:00:00,641.1765240382131
2023-07-18 17:00:00,881.8680770828297
2023-07-18 18:00:00,850.6073177016174
2023-07-18 19:00:00,611.0077369630864
2023-07-18 20:00:00,675.8235084869677
2023-07-18 21:00:00,650.775249507921
2023-07-18 22:00:00,557.1873760707831
2023-07-18 23:00:00,581.3051930526607
2023-07-19 00:00:00,549.0306866452123
2023-07-19 01:00:00,598.0980499193229
2023-07-19 02:00:00,506.18917924628784
2023-07-19 03:00:00,422.93184747216
2023-07-19 04:00:00,561.1633543338074
2023-07-19 05:00:00,561.6625470672789
2023-07-19 06:00:00,532.3731348957419
2023-07-19 07:00:00,860.8600181653358
2023-07-19 08:00:00,1010.2087097487961
2023-07-19 09:00:00,587.7755754338478
2023-07-19 10:00:00,729.2383590550486
2023-07-19 11:00:00,673.9736069052647
2023-07-19 12:00:00,616.3878840458738
2023-07-19 13:00:00,693.1896701281638
2023-07-19 14:00:00,689.3758175885558
2023-07-19 15:00:00,684.0048704532651
2023-07-19 16:00:00,595.4143665797443
2023-07-19 17:00:00,860.5707308658255
2023-07-19 18:00:00,843.9953219498477
2023-07-19 19:00:00,599.4397532821055
2023-07-19 20:00:00,669.4473916624776
2023-07-19 21:00:00,572.0251297871031
2023-07-19 22:00:00,567.985701708632
2023-07-19 23:00:00,579.5672197880627
2023-07-20 00:00:00,570.2808108854143
2023-07-20 01:00:00,547.7041853970386
2023-07-20 02:00:00,494.1820598097971
2023-07-20 03:00:00,521.683562373037
2023-07-20 04:00:00,539.4901300925399
2023-07-20 05:00:00,486.1642412570355
2023-07-20 06:00:00,570.4388536790707
2023-07-20 07:00:00,926.0932135270672
2023-07-20 08:00:00,957.0922145715687
2023-07-20 09:00:00,583.2226098936579
2023-07-20 10:00:00,730.259534172644
2023-07-20 11:00:00,623.4375971765013
2023-07-20 12:00:00,726.3780496445445
2023-07-20 13:00:00,667.8420634109008
2023-07-20 14:00:00,712.2938246683188
2023-07-20 15:00:00,690.0899032704116
2023-07-20 16:00:00,652.8165603913534
2023-07-20 17:00:00,815.0225740664033
2023-07-20 18:00:00,875.1042519024733
2023-07-20 19:00:00,638.8197014681386
2023-07-20 20:00:00,643.6677808796135
2023-07-20 21:00:00,642.6458442736316
2023-07-20 22:00:00,616.1730758202355
2023-07-20 23:00:00,549.4360413637331
2023-07-21 00:00:00,547.4940711151271
2023-07-21 01:00:00,559.6496099362691
2023-07-21 02:00:00,553.3802058277145
2023-07-21 03:00:00,581.9197819844894
2023-07-21 04:00:00,586.9403446418947
2023-07-21 05:00:00,507.97506712688795
2023-07-21 06:00:00,634.7509000236308
2023-07-21 07:00:00,852.5465429156059
2023-07-21 08:00:00,923.5142355255094
2023-07-21 09:00:00,624.7895513881148
2023-07-21 10:00:00,623.5473243334998
2023-07-21 11:00:00,703.7191698611764
2023-07-21 12:00:00,681.2601554655873
2023-07-21 13:00:00,669.649389682585
2023-07-21 14:00:00,754.0340932279602
2023-07-21 15:00:00,673.8528343745032
2023-07-21 16:00:00,567.744922835278
2023-07-21 17:00:00,853.0277976002037
2023-07-21 18:00:00,877.4235898519366
2023-07-21 19:00:00,644.334056559595
2023-07-21 20:00:00,696.6548218267701
2023-07-21 21:00:00,671.2390264785636
2023-07-21 22:00:00,562.8715472107428
2023-07-21 23:00:00,528.8213214597197
2023-07-22 00:00:00,512.526316025932
2023-07-22 01:00:00,554.1744381371769
2023-07-22 02:00:00,430.0073177450355
2023-07-22 03:00:00,636.9603883487089
2023-07-22 04:00:00,556.2410437957684
2023-07-22 05:00:00,540.9550721567076
2023-07-22 06:00:00,617.2627086567659
2023-07-22 07:00:00,873.746162112505
2023-07-22 08:00:00,814.8298657835361
2023-07-22 09:00:00,607.9525238588648
2023-07-22 10:00:00,645.2276009785753
2023-07-22 11:00:00,634.338969865322
2023-07-22 12:00:00,620.9681822398039
2023-07-22 13:00:00,606.9555203314183
2023-07-22 14:00:00,612.5194360120202
2023-07-22 15:00:00,585.9777614262807
2023-07-22 16:00:00,566.9651419725991
2023-07-22 17:00:00,677.6132969109445
2023-07-22 18:00:00,752.6366609657484
2023-07-22 19:00:00,603.5467756783063
2023-07-22 20:00:00,610.8774119354675
2023-07-22 21:00:00,584.1147371992002
2023-07-22 22:00:00,728.0744148072201
2023-07-22 23:00:00,589.4046360072125
2023-07-23 00:00:00,485.2182999966111
2023-07-23 01:00:00,544.3147234970759
2023-07-23 02:00:00,510.6797542825071
2023-07-23 03:00:00,494.42081093170344
2023-07-23 04:00:00,481.3971171550426
2023-07-23 05:00:00,552.2886676303701
2023-07-23 06:00:00,542.744790597217
2023-07-23 07:00:00,818.7130409610081
2023-07-23 08:00:00,819.7512885812175
2023-07-23 09:00:00,624.956575408458
2023-07-23 10:00:00,605.9045293570358
2023-07-23 11:00:00,659.0146244276804
2023-07-23 12:00:00,665.2981686656921
2023-07-23 13:00:00,621.0328729958414
2023-07-23 14:00:00,609.129121704285
2023-07-23 15:00:00,704.3808266310389
2023-07-23 16:00:00,579.0998350292822
2023-07-23 17:00:00,770.4387100284695
2023-07-23 18:00:00,712.1169595268829
2023-07-23 19:00:00,556.2286213391122
2023-07-23 20:00:00,582.2220090203156
2023-07-23 21:00:00,600.0391445044002
2023-07-23 22:00:00,562.4311997273061
2023-07-23 23:00:00,534.6062076539847
2023-07-24 00:00:00,482.45979247726
2023-07-24 01:00:00,505.1981031012051
2023-07-24 02:00:00,576.836449931075
2023-07-24 03:00:00,574.1516208111158
2023-07-24 04:00:00,534.3249293845254
2023-07-24 05:00:00,509.28942763692186
2023-07-24 06:00:00,558.9038579389596
2023-07-24 07:00:00,885.0692701623475
2023-07-24 08:00:00,925.7807396658117
2023-07-24 09:00:00,637.129827653773
2023-07-24 10:00:00,680.1387305807212
2023-07-24 11:00:00,653.8603029606087
2023-07-24 12:00:00,710.7137455146533
2023-07-24 13:00:00,667.058601174966
2023-07-24 14:00:00,679.2698944455519
2023-07-24 15:00:00,753.0110436174815
2023-07-24 16:00:00,633.0846171426307
2023-07-24 17:00:00,856.3189724900581
2023-07-24 18:00:00,799.123239955491
2023-07-24 19:00:00,658.4558626988263
2023-07-24 20:00:00,692.5062916315011
2023-07-24 21:00:00,634.9746533693785
2023-07-24 22:00:00,704.0445635994686
2023-07-24 23:00:00,601.7098115807282
2023-07-25 00:00:00,616.5493132857389
2023-07-25 01:00:00,562.2097250612541
2023-07-25 02:00:00,573.4956679922404
2023-07-25 03:00:00,606.5674915332436
2023-07-25 04:00:00,567.895757482759
2023-07-25 05:00:00,529.9506356883915
2023-07-25 06:00:00,582.0582865388856
2023-07-25 07:00:00,909.5421981509496
2023-07-25 08:00:00,848.3775431221512
2023-07-25 09:00:00,594.2696433854323
2023-07-25 10:00:00,743.8618847292101
2023-07-25 11:00:00,612.3498459533887
2023-07-25 12:00:00,761.3792840717806
2023-07-25 13:00:00,744.8949687481264
2023-07-25 14:00:00,681.6094153667809
2023-07-25 15:00:00,721.7356331148724
2023-07-25 16:00:00,600.125909076253
2023-07-25 17:00:00,899.1996147375473
2023-07-25 18:00:00,889.3073257107976
2023-07-25 19:00:00,593.9971710726796
2023-07-25 20:00:00,673.4904965385671
2023-07-25 21:00:00,641.7748858542701
2023-07-25 22:00:00,653.313302820724
2023-07-25 23:00:00,520.8731239612074
2023-07-26 00:00:00,619.9254827648334
2023-07-26 01:00:00,591.602472796103
2023-07-26 02:00:00,520.4091534410813
2023-07-26 03:00:00,496.6155757235907
2023-07-26 04:00:00,534.5730947608861
2023-07-26 05:00:00,567.3801058436522
2023-07-26 06:00:00,609.6082337578489
2023-07-26 07:00:00,950.1253129907298
2023-07-26 08:00:00,931.5967888872341
2023-07-26 09:00:00,638.7827610301163
2023-07-26 10:00:00,713.0742160244175
2023-07-26 11:00:00,644.4280507915604
2023-07-26 12:00:00,692.1720587541239
2023-07-26 13:00:00,742.4035895963466
2023-07-26 14:00:00,697.9390828590142
2023-07-26 15:00:00,720.1236147449499
2023-07-26 16:00:00,587.2500673901546
2023-07-26 17:00:00,808.8075260583262
2023-07-26 18:00:00,845.0662374381556
2023-07-26 19:00:00,662.3618977213061
2023-07-26 20:00:00,623.7724912215423
2023-07-26 21:00:00,640.5715502057333
2023-07-26 22:00:00,612.4214703205607
2023-07-26 23:00:00,594.7697967025638
2023-07-27 00:00:00,538.2217696964786
2023-07-27 01:00:00,608.1102218050473
2023-07-27 02:00:00,611.1499140216363
2023-07-27 03:00:00,546.7581614111302
2023-07-27 04:00:00,509.662050698106
2023-07-27 05:00:00,466.5640848906665
2023-07-27 06:00:00,541.1185170789283
2023-07-27 07:00:00,845.0466070040536
2023-07-27 08:00:00,955.1387850984602
2023-07-27 09:00:00,604.6329834890778
2023-07-27 10:00:00,715.5841809636795
2023-07-27 11:00:00,611.183159642595
2023-07-27 12:00:00,652.0813428313095
2023-07-27 13:00:00,735.4831910578515
2023-07-27 14:00:00,711.4709644953034
2023-07-27 15:00:00,694.1117888525761
2023-07-27 16:00:00,622.5936943440049
2023-07-27 17:00:00,915.4319122454326
2023-07-27 18:00:00,841.1583014585179
2023-07-27 19:00:00,652.7747921063228
2023-07-27 20:00:00,657.7038767492522
2023-07-27 21:00:00,745.6843854109597
2023-07-27 22:00:00,566.025749423239
2023-07-27 23:00:00,577.3289205915523
2023-07-28 00:00:00,545.4079100496375
2023-07-28 01:00:00,572.6708690473672
2023-07-28 02:00:00,523.705097840211
2023-07-28 03:00:00,548.0413987656619
2023-07-28 04:00:00,578.4564231786198
2023-07-28 05:00:00,674.5164080417536
2023-07-28 06:00:00,632.3214475760828
2023-07-28 07:00:00,866.0773760787797
2023-07-28 08:00:00,883.0496127190919
2023-07-28 09:00:00,581.8634356646459
2023-07-28 10:00:00,628.1742730947994
2023-07-28 11:00:00,686.7963923319425
2023-07-28 12:00:00,729.3131632728698
2023-07-28 13:00:00,649.0307152369282
2023-07-28 14:00:00,741.9393060420236
2023-07-28 15:00:00,719.5109928433735
2023-07-28 16:00:00,570.6306671211585
2023-07-28 17:00:00,844.3388145064861
2023-07-28 18:00:00,913.9328723056414
2023-07-28 19:00:00,679.3419125402346
2023-07-28 20:00:00,650.3513461959259
2023-07-28 21:00:00,640.4926673215606
2023-07-28 22:00:00,653.0643628180663
2023-07-28 23:00:00,529.5294576823079
2023-07-29 00:00:00,450.8100197712394
2023-07-29 01:00:00,616.6871164213892
2023-07-29 02:00:00,541.2129999679761
2023-07-29 03:00:00,550.9258906049015
2023-07-29 04:00:00,532.6836900049236
2023-07-29 05:00:00,505.5953279710165
2023-07-29 06:00:00,562.5630207620492
2023-07-29 07:00:00,716.0242095122276
2023-07-29 08:00:00,871.0834599221322
2023-07-29 09:00:00,520.6195200631041
2023-07-29 10:00:00,598.7213486461128
2023-07-29 11:00:00,622.389631824544
2023-07-29 12:00:00,691.5230289940951
2023-07-29 13:00:00,640.5803599705062
2023-07-29 14:00:00,590.5545681587815
2023-07-29 15:00:00,690.1735344302936
2023-07-29 16:00:00,599.2400250714193
2023-07-29 17:00:00,766.5373982886581
2023-07-29 18:00:00,773.6293696468337
2023-07-29 19:00:00,700.774476023298
2023-07-29 20:00:00,692.4037958014445
2023-07-29 21:00:00,577.5313862798682
2023-07-29 22:00:00,669.9553997124461
2023-07-29 23:00:00,550.326727590356
2023-07-30 00:00:00,554.96383264551
2023-07-30 01:00:00,467.30916673426685
2023-07-30 02:00:00,528.1845693844722
2023-07-30 03:00:00,502.4870563865374
2023-07-30 04:00:00,568.1223525957323
2023-07-30 05:00:00,577.8432200161122
2023-07-30 06:00:00,487.02054595934754
2023-07-30 07:00:00,779.1186054398291
2023-07-30 08:00:00,824.8744601917701
2023-07-30 09:00:00,562.5328415074622
2023-07-30 10:00:00,669.1625458000946
2023-07-30 11:00:00,654.0466187050833
2023-07-30 12:00:00,653.6664092781051
2023-07-30 13:00:00,629.1474008772681
2023-07-30 14:00:00,591.3367678345717
2023-07-30 15:00:00,595.1387941029989
2023-07-30 16:00:00,598.3741005782127
2023-07-30 17:00:00,745.7783302207554
2023-07-30 18:00:00,739.459510215711
2023-07-30 19:00:00,588.0443983071059
2023-07-30 20:00:00,592.79244618077
2023-07-30 21:00:00,646.8764717795256
2023-07-30 22:00:00,591.5902367252789
2023-07-30 23:00:00,481.35741146793725
2023-07-31 00:00:00,579.7460710216069
2023-07-31 01:00:00,541.8049334454113
2023-07-31 02:00:00,551.255834621311
2023-07-31 03:00:00,614.3031322559805
2023-07-31 04:00:00,549.1775777059797
2023-07-31 05:00:00,561.567346924749
2023-07-31 06:00:00,552.843060348067
2023-07-31 07:00:00,891.2132219059616
2023-07-31 08:00:00,924.3810418083441
2023-07-31 09:00:00,537.7850506463503
2023-07-31 10:00:00,708.0338037246283
2023-07-31 11:00:00,704.0316429057923
2023-07-31 12:00:00,701.6514982234976
2023-07-31 13:00:00,741.4863559463297
2023-07-31 14:00:00,713.3775405939408
2023-07-31 15:00:00,759.1228759342578
2023-07-31 16:00:00,560.2564193762386
2023-07-31 17:00:00,855.4369826887339
2023-07-31 18:00:00,853.3786714555979
2023-07-31 19:00:00,607.2298202497968
2023-07-31 20:00:00,688.2518000836538
2023-07-31 21:00:00,742.9869322341127
2023-07-31 22:00:00,649.3197570206468
2023-07-31 23:00:00,570.2008435309507
2023-08-01 00:00:00,553.3807390326131
2023-08-01 01:00:00,521.456613203713
2023-08-01 02:00:00,477.16958888791936
2023-08-01 03:00:00,521.7690606761854
2023-08-01 04:00:00,494.3216647619307
2023-08-01 05:00:00,618.1640831223647
2023-08-01 06:00:00,595.3956122430704
2023-08-01 07:00:00,886.1632268381131
2023-08-01 08:00:00,935.5661529915122
2023-08-01 09:00:00,555.1299558857645
2023-08-01 10:00:00,669.3254384798179
2023-08-01 11:00:00,702.7228907699448
2023-08-01 12:00:00,741.1507596569393
2023-08-01 13:00:00,720.0674018067515
2023-08-01 14:00:00,709.9330057006352
2023-08-01 15:00:00,703.1247094094407
2023-08-01 16:00:00,616.009434221071
2023-08-01 17:00:00,858.0661162051701
2023-08-01 18:00:00,808.8011090089226
2023-08-01 19:00:00,651.8431688653261
2023-08-01 20:00:00,607.0524536432899
2023-08-01 21:00:00,653.243301716033
2023-08-01 22:00:00,630.7740823404704
2023-08-01 23:00:00,651.5752649113144
2023-08-02 00:00:00,548.4042246499315
2023-08-02 01:00:00,493.83041734953645
2023-08-02 02:00:00,544.632791572923
2023-08-02 03:00:00,570.7743498255155
2023-08-02 04:00:00,616.9345578461009
2023-08-02 05:00:00,526.4219040024512
2023-08-02 06:00:00,536.7028810390544
2023-08-02 07:00:00,932.6734804572393
2023-08-02 08:00:00,844.7760517640139
2023-08-02 09:00:00,582.5537823397005
2023-08-02 10:00:00,689.6951805795602
2023-08-02 11:00:00,697.2146618679957
2023-08-02 12:00:00,727.5665782829734
2023-08-02 13:00:00,672.6546287085445
2023-08-02 14:00:00,689.0508299133296
2023-08-02 15:00:00,699.4291858820245
2023-08-02 16:00:00,605.9839183007515
2023-08-02 17:00:00,853.9130869883169
2023-08-02 18:00:00,867.4402310089032
2023-08-02 19:00:00,683.7535803856695
2023-08-02 20:00:00,665.7053646260388
2023-08-02 21:00:00,668.1434209403687
2023-08-02 22:00:00,586.7110733301408
2023-08-02 23:00:00,552.0091079666272
2023-08-03 00:00:00,569.1803019200644
2023-08-03 01:00:00,579.157647782818
2023-08-03 02:00:00,522.3059690306483
2023-08-03 03:00:00,523.6384290044542
2023-08-03 04:00:00,527.0359729886561
2023-08-03 05:00:00,571.4565559956537
2023-08-03 06:00:00,641.3552421969683
2023-08-03 07:00:00,883.701595708336
2023-08-03 08:00:00,936.318492545082
2023-08-03 09:00:00,604.9391923665837
2023-08-03 10:00:00,695.0285689135026
2023-08-03 11:00:00,691.5446308072812
2023-08-03 12:00:00,729.8644545840863
2023-08-03 13:00:00,713.0231126714827
2023-08-03 14:00:00,791.0330171059055
2023-08-03 15:00:00,665.911014280107
2023-08-03 16:00:00,620.724068081199
2023-08-03 17:00:00,828.8319596075395
2023-08-03 18:00:00,815.2285205204543
2023-08-03 19:00:00,649.5653145186011
2023-08-03 20:00:00,655.4940991762815
2023-08-03 21:00:00,766.7269422024037
2023-08-03 22:00:00,642.6341673726719
2023-08-03 23:00:00,504.79285082061267
2023-08-04 00:00:00,560.9204286997755
2023-08-04 01:00:00,467.0143984981453
2023-08-04 02:00:00,546.3217286958294
2023-08-04 03:00:00,550.6410112918064
2023-08-04 04:00:00,581.7840153178084
2023-08-04 05:00:00,588.9448899771139
2023-08-04 06:00:00,579.8572152436913
2023-08-04 07:00:00,893.9754394148026
2023-08-04 08:00:00,869.3551667755731
2023-08-04 09:00:00,554.8774978076923
2023-08-04 10:00:00,712.3957911752253
2023-08-04 11:00:00,649.056578056136
2023-08-04 12:00:00,683.4149239771255
2023-08-04 13:00:00,660.1930416040306
2023-08-04 14:00:00,721.9873274516104
2023-08-04 15:00:00,772.0572039706595
2023-08-04 16:00:00,547.9364806878667
2023-08-04 17:00:00,775.8792606840973
2023-08-04 18:00:00,845.0045245859973
2023-08-04 19:00:00,650.6279118383103
2023-08-04 20:00:00,658.7463722702919
2023-08-04 21:00:00,632.1471793906262
2023-08-04 22:00:00,641.9744280469828
2023-08-04 23:00:00,564.7004164216241
2023-08-05 00:00:00,576.6172357057935
2023-08-05 01:00:00,456.7980491872687
2023-08-05 02:00:00,520.2424224387415
2023-08-05 03:00:00,543.5523517576426
2023-08-05 04:00:00,498.28095581557056
2023-08-05 05:00:00,604.246785270692
2023-08-05 06:00:00,544.5836047908505
2023-08-05 07:00:00,778.3482925197087
2023-08-05 08:00:00,802.2408838736916
2023-08-05 09:00:00,546.3486084479242
2023-08-05 10:00:00,566.1370780878233
2023-08-05 11:00:00,622.8538189233386
2023-08-05 12:00:00,681.1776222370817
2023-08-05 13:00:00,626.5241949285945
2023-08-05 14:00:00,606.1426279416409
2023-08-05 15:00:00,677.0268883801089
2023-08-05 16:00:00,556.7690041590779
2023-08-05 17:00:00,724.5935674539913
2023-08-05 18:00:00,750.9782435865324
2023-08-05 19:00:00,635.8300083847515
2023-08-05 20:00:00,700.2685412693019
2023-08-05 21:00:00,638.089444306297
2023-08-05 22:00:00,651.3935986555338
2023-08-05 23:00:00,514.7613520404858
2023-08-06 00:00:00,493.96527576122094
2023-08-06 01:00:00,537.4932539847649
2023-08-06 02:00:00,539.2867966103838
2023-08-06 03:00:00,491.85949034541613
2023-08-06 04:00:00,527.9882188038395
2023-08-06 05:00:00,550.9727040687652
2023-08-06 06:00:00,584.4157358007232
2023-08-06 07:00:00,800.1715141353709
2023-08-06 08:00:00,791.6385892054977
2023-08-06 09:00:00,549.7196536291978
2023-08-06 10:00:00,619.4439749340463
2023-08-06 11:00:00,592.041944080245
2023-08-06 12:00:00,711.3910015674038
2023-08-06 13:00:00,640.5380145847718
2023-08-06 14:00:00,631.0058777682059
2023-08-06 15:00:00,602.8483167419016
2023-08-06 16:00:00,687.4263160931112
2023-08-06 17:00:00,702.0668787110842
2023-08-06 18:00:00,727.8460829757571
2023-08-06 19:00:00,621.6334734514425
2023-08-06 20:00:00,629.0085186297711
2023-08-06 21:00:00,643.3172822086274
2023-08-06 22:00:00,677.3043403107705
2023-08-06 23:00:00,555.2463062184285
2023-08-07 00:00:00,507.7587680013333
2023-08-07 01:00:00,539.7221949951287
2023-08-07 02:00:00,562.3132949005554
2023-08-07 03:00:00,632.729041660233
2023-08-07 04:00:00,494.0877808630281
2023-08-07 05:00:00,598.1030602090091
2023-08-07 06:00:00,607.1965747818567
2023-08-07 07:00:00,933.5132214091792
2023-08-07 08:00:00,895.9202113345627
2023-08-07 09:00:00,566.302694794947
2023-08-07 10:00:00,730.0349111760532
2023-08-07 11:00:00,726.1772410842249
2023-08-07 12:00:00,738.8822786295889
2023-08-07 13:00:00,699.4678145848546
2023-08-07 14:00:00,676.0071190672061
2023-08-07 15:00:00,637.6485201990463
2023-08-07 16:00:00,632.7749307255763
2023-08-07 17:00:00,866.9555792977594
2023-08-07 18:00:00,811.3686946854416
2023-08-07 19:00:00,628.457053068135
2023-08-07 20:00:00,631.3296475219424
2023-08-07 21:00:00,590.6806227207032
2023-08-07 22:00:00,617.2927041357947
2023-08-07 23:00:00,504.64678572774585
2023-08-08 00:00:00,533.5008395244826
2023-08-08 01:00:00,520.4521000668175
2023-08-08 02:00:00,484.91980316533005
2023-08-08 03:00:00,630.9036092227792
2023-08-08 04:00:00,600.1016292411692
2023-08-08 05:00:00,518.8392231392006
2023-08-08 06:00:00,610.8968558661444
2023-08-08 07:00:00,916.6986035928518
2023-08-08 08:00:00,947.643434190939
2023-08-08 09:00:00,567.2557989335969
2023-08-08 10:00:00,743.6842713592971
2023-08-08 11:00:00,678.0837878317226
2023-08-08 12:00:00,646.5655038332554
2023-08-08 13:00:00,728.9654623725799
2023-08-08 14:00:00,751.6303369648971
2023-08-08 15:00:00,803.5163589412274
2023-08-08 16:00:00,552.0109893963914
2023-08-08 17:00:00,877.9567874032316
2023-08-08 18:00:00,833.6079502482587
2023-08-08 19:00:00,681.3343484209613
2023-08-08 20:00:00,591.18041795075
2023-08-08 21:00:00,599.4892089720574
2023-08-08 22:00:00,618.9650070733406
2023-08-08 23:00:00,553.1585618267234
2023-08-09 00:00:00,524.3567493384658
2023-08-09 01:00:00,576.3621737565368
2023-08-09 02:00:00,591.0757847303166
2023-08-09 03:00:00,573.9831016498142
2023-08-09 04:00:00,614.7515055864347
2023-08-09 05:00:00,566.6330651782138
2023-08-09 06:00:00,551.3241315863933
2023-08-09 07:00:00,954.5350605415335
2023-08-09 08:00:00,875.7937505757601
2023-08-09 09:00:00,636.4167399874228
2023-08-09 10:00:00,762.9493686622043
2023-08-09 11:00:00,718.267520429216
2023-08-09 12:00:00,640.153647473414
2023-08-09 13:00:00,663.2715133396083
2023-08-09 14:00:00,752.9097786754054
2023-08-09 15:00:00,693.2350925742874
2023-08-09 16:00:00,603.1829413976866
2023-08-09 17:00:00,880.3529766465443
2023-08-09 18:00:00,877.8529144832129
2023-08-09 19:00:00,661.1519924954184
2023-08-09 20:00:00,641.6532651511814
2023-08-09 21:00:00,637.4932621707057
2023-08-09 22:00:00,684.3159530116537
2023-08-09 23:00:00,572.1427812427117
2023-08-10 00:00:00,539.7079999752884
2023-08-10 01:00:00,593.2844925197256
2023-08-10 02:00:00,544.8386353948086
2023-08-10 03:00:00,515.9335130266243
2023-08-10 04:00:00,519.6411720438662
2023-08-10 05:00:00,510.8503665476094
2023-08-10 06:00:00,589.1035993358526
2023-08-10 07:00:00,949.3489711334478
2023-08-10 08:00:00,867.7961927587796
2023-08-10 09:00:00,607.5390304407241
2023-08-10 10:00:00,673.7324261749035
2023-08-10 11:00:00,689.5876383491425
2023-08-10 12:00:00,639.5983515205899
2023-08-10 13:00:00,691.1784708337385
2023-08-10 14:00:00,692.2517848078015
2023-08-10 15:00:00,721.6115177614278
2023-08-10 16:00:00,608.9312365302148
2023-08-10 17:00:00,802.0643150019182
2023-08-10 18:00:00,893.3679297617417
2023-08-10 19:00:00,658.4121216088798
2023-08-10 20:00:00,657.9357406870995
2023-08-10 21:00:00,649.6327058645944
2023-08-10 22:00:00,629.2897021111112
2023-08-10 23:00:00,558.7120935899491
2023-08-11 00:00:00,569.0235374371433
2023-08-11 01:00:00,480.12417234617783
2023-08-11 02:00:00,528.4495665061562
2023-08-11 03:00:00,539.8021211838565
2023-08-11 04:00:00,560.2468242277711
2023-08-11 05:00:00,597.732440237085
2023-08-11 06:00:00,569.1303674161287
2023-08-11 07:00:00,880.0815261272863
2023-08-11 08:00:00,879.498635574138
2023-08-11 09:00:00,567.9388963958183
2023-08-11 10:00:00,686.1125401955095
2023-08-11 11:00:00,730.8320887995188
2023-08-11 12:00:00,657.8465801854262
2023-08-11 13:00:00,717.1125758061162
2023-08-11 14:00:00,631.9239107992665
2023-08-11 15:00:00,677.5464801423118
2023-08-11 16:00:00,586.8204279912806
2023-08-11 17:00:00,916.9943869165626
2023-08-11 18:00:00,839.0079078098925
2023-08-11 19:00:00,561.9502610619633
2023-08-11 20:00:00,570.04444372555
2023-08-11 21:00:00,651.3611834538673
2023-08-11 22:00:00,674.5508342315964
2023-08-11 23:00:00,565.0182343050901
2023-08-12 00:00:00,541.7028042320396
2023-08-12 01:00:00,581.4903839002267
2023-08-12 02:00:00,513.4163511705148
2023-08-12 03:00:00,570.7964222410731
2023-08-12 04:00:00,469.7194045989433
2023-08-12 05:00:00,498.80208668247735
2023-08-12 06:00:00,497.71834420272734
2023-08-12 07:00:00,769.0061879732083
2023-08-12 08:00:00,778.1495513093463
2023-08-12 09:00:00,574.5640596890607
2023-08-12 10:00:00,642.4753341154855
2023-08-12 11:00:00,602.8978667675309
2023-08-12 12:00:00,632.3903662234713
2023-08-12 13:00:00,580.10213325577
2023-08-12 14:00:00,694.52915900529
2023-08-12 15:00:00,627.85495708408
2023-08-12 16:00:00,550.4445552382524
2023-08-12 17:00:00,808.5576131377633
2023-08-12 18:00:00,695.3101386580308
2023-08-12 19:00:00,559.9765154387212
2023-08-12 20:00:00,561.1511870052574
2023-08-12 21:00:00,602.2851447320207
2023-08-12 22:00:00,622.265265185504
2023-08-12 23:00:00,564.5870187247133
2023-08-13 00:00:00,637.8798126997988
2023-08-13 01:00:00,445.02270183196947
2023-08-13 02:00:00,559.3494235649766
2023-08-13 03:00:00,512.7147770971108
2023-08-13 04:00:00,511.5433940444491
2023-08-13 05:00:00,510.2091148698449
2023-08-13 06:00:00,533.6492131676811
2023-08-13 07:00:00,847.380993384138
2023-08-13 08:00:00,813.6918930805562
2023-08-13 09:00:00,570.9278391422949
2023-08-13 10:00:00,694.04063009948
2023-08-13 11:00:00,579.498841388045
2023-08-13 12:00:00,586.7717947467629
2023-08-13 13:00:00,552.8812907122125
2023-08-13 14:00:00,612.0234183950685
2023-08-13 15:00:00,646.4679410681902
2023-08-13 16:00:00,574.1143431172934
2023-08-13 17:00:00,750.9736764423952
2023-08-13 18:00:00,688.5577267573567
2023-08-13 19:00:00,637.1261897045608
2023-08-13 20:00:00,614.5851007295599
2023-08-13 21:00:00,634.32217125864
2023-08-13 22:00:00,529.2895128963979
2023-08-13 23:00:00,547.4596343519116
2023-08-14 00:00:00,502.4893904032989
2023-08-14 01:00:00,534.1070698979455
2023-08-14 02:00:00,571.3745959454553
2023-08-14 03:00:00,553.6437442502365
2023-08-14 04:00:00,515.9384008088273
2023-08-14 05:00:00,550.2509262473767
2023-08-14 06:00:00,538.7385873902542
2023-08-14 07:00:00,946.0106958359319
2023-08-14 08:00:00,891.78863922015
2023-08-14 09:00:00,644.7419977702131
2023-08-14 10:00:00,678.9387325161583
2023-08-14 11:00:00,679.0569604637367
2023-08-14 12:00:00,669.4325285344861
2023-08-14 13:00:00,735.046957267723
2023-08-14 14:00:00,671.622753706861
2023-08-14 15:00:00,725.783817296607
2023-08-14 16:00:00,584.7019040932283
2023-08-14 17:00:00,770.9614680043352
2023-08-14 18:00:00,827.1874372885413
2023-08-14 19:00:00,602.8356714254861
2023-08-14 20:00:00,651.3561089472935
2023-08-14 21:00:00,602.3836905730204
2023-08-14 22:00:00,687.0390040285847
2023-08-14 23:00:00,546.3569655858789
2023-08-15 00:00:00,542.8961602096505
2023-08-15 01:00:00,576.2356855115033
2023-08-15 02:00:00,588.5562773630345
2023-08-15 03:00:00,549.1960499292139
2023-08-15 04:00:00,519.1519880180284
2023-08-15 05:00:00,479.04121535551485
2023-08-15 06:00:00,572.5580097185928
2023-08-15 07:00:00,875.3115101340816
2023-08-15 08:00:00,904.2822981196919
2023-08-15 09:00:00,586.1941247544789
2023-08-15 10:00:00,727.5173188820571
2023-08-15 11:00:00,675.4806691491724
2023-08-15 12:00:00,697.7183533258823
2023-08-15 13:00:00,747.3594977278756
2023-08-15 14:00:00,713.6730085581987
2023-08-15 15:00:00,697.5984983324574
2023-08-15 16:00:00,575.9222223225929
2023-08-15 17:00:00,824.670744131401
2023-08-15 18:00:00,815.9754698819221
2023-08-15 19:00:00,628.359725368684
2023-08-15 20:00:00,680.2266335497726
2023-08-15 21:00:00,641.1244691483092
2023-08-15 22:00:00,596.0090772247507
2023-08-15 23:00:00,620.7267717223913
2023-08-16 00:00:00,562.7986076458066
2023-08-16 01:00:00,493.7222639794732
2023-08-16 02:00:00,532.326042910367
2023-08-16 03:00:00,554.4354553131367
2023-08-16 04:00:00,618.1836837318951
2023-08-16 05:00:00,505.6755016696452
2023-08-16 06:00:00,639.0416287742379
2023-08-16 07:00:00,955.9794570788937
2023-08-16 08:00:00,874.8538277970172
2023-08-16 09:00:00,588.8994552455906
2023-08-16 10:00:00,658.5476301050492
2023-08-16 11:00:00,691.8615543567878
2023-08-16 12:00:00,698.5364010262828
2023-08-16 13:00:00,726.3859999232948
2023-08-16 14:00:00,743.6073388408179
2023-08-16 15:00:00,670.0761574151342
2023-08-16 16:00:00,521.3069974309602
2023-08-16 17:00:00,849.1502088289503
2023-08-16 18:00:00,861.7415011987456
2023-08-16 19:00:00,659.9767075074017
2023-08-16 20:00:00,636.9330700996383
2023-08-16 21:00:00,654.9900839865574
2023-08-16 22:00:00,710.6177923340899
2023-08-16 23:00:00,565.2693667585004
2023-08-17 00:00:00,535.0652629998766
2023-08-17 01:00:00,529.9920873161602
2023-08-17 02:00:00,543.2059056928907
2023-08-17 03:00:00,615.4695984732256
2023-08-17 04:00:00,542.6679716189522
2023-08-17 05:00:00,549.2082262191717
2023-08-17 06:00:00,580.7074571625478
2023-08-17 07:00:00,943.9593342976785
2023-08-17 08:00:00,978.393490189787
2023-08-17 09:00:00,618.0245219772555
2023-08-17 10:00:00,703.310916151417
2023-08-17 11:00:00,701.4713133269694
2023-08-17 12:00:00,604.6277284485702
2023-08-17 13:00:00,729.8060345713927
2023-08-17 14:00:00,705.3666566398338
2023-08-17 15:00:00,717.133682026429
2023-08-17 16:00:00,571.5415122366518
2023-08-17 17:00:00,834.6217248409164
2023-08-17 18:00:00,833.5590025398731
2023-08-17 19:00:00,690.8649193629216
2023-08-17 20:00:00,634.8496065358763
2023-08-17 21:00:00,733.3064128843919
2023-08-17 22:00:00,667.2344967606015
2023-08-17 23:00:00,498.9726936001707
2023-08-18 00:00:00,544.8581482699217
2023-08-18 01:00:00,523.9329951137433
2023-08-18 02:00:00,462.224701207199
2023-08-18 03:00:00,613.9788376045516
2023-08-18 04:00:00,578.1257016888002
2023-08-18 05:00:00,571.3282927159725
2023-08-18 06:00:00,606.6161464119882
2023-08-18 07:00:00,844.7192972523025
2023-08-18 08:00:00,880.6553144177825
2023-08-18 09:00:00,633.6712309913605
2023-08-18 10:00:00,657.9511988086999
2023-08-18 11:00:00,598.7292273499675
2023-08-18 12:00:00,690.9157596887629
2023-08-18 13:00:00,694.3296978388985
2023-08-18 14:00:00,705.4225366565884
2023-08-18 15:00:00,729.1407457405815
2023-08-18 16:00:00,625.5042324892484
2023-08-18 17:00:00,860.3507922097568
2023-08-18 18:00:00,897.8212555234684
2023-08-18 19:00:00,589.2412087674675
2023-08-18 20:00:00,670.1832725790956
2023-08-18 21:00:00,675.0615345334777
2023-08-18 22:00:00,600.4175085567904
2023-08-18 23:00:00,489.88517565270445
2023-08-19 00:00:00,505.16231494097593
2023-08-19 01:00:00,508.5383422993883
2023-08-19 02:00:00,565.1367785400972
2023-08-19 03:00:00,510.41844865235623
2023-08-19 04:00:00,500.7460592687518
2023-08-19 05:00:00,510.53465053221765
2023-08-19 06:00:00,614.7452933661684
2023-08-19 07:00:00,780.5217349750781
2023-08-19 08:00:00,772.8299589857236
2023-08-19 09:00:00,565.599780051958
2023-08-19 10:00:00,691.6824133730609
2023-08-19 11:00:00,610.0331309358703
2023-08-19 12:00:00,692.6203316376042
2023-08-19 13:00:00,648.4198519568602
2023-08-19 14:00:00,633.5832247209861
2023-08-19 15:00:00,740.0360199173713
2023-08-19 16:00:00,527.7744204080561
2023-08-19 17:00:00,730.8525696173198
2023-08-19 18:00:00,695.70275043344
2023-08-19 19:00:00,643.0984788214467
2023-08-19 20:00:00,672.5675573460671
2023-08-19 21:00:00,671.7969112561856
2023-08-19 22:00:00,653.9579501258402
2023-08-19 23:00:00,527.0951812881614
2023-08-20 00:00:00,520.3903609004061
2023-08-20 01:00:00,468.1532091002374
2023-08-20 02:00:00,616.4349414072717
2023-08-20 03:00:00,553.7591231259387
2023-08-20 04:00:00,515.3217238052207
2023-08-20 05:00:00,588.1222755594787
2023-08-20 06:00:00,531.0894193296
2023-08-20 07:00:00,796.2648813689069
2023-08-20 08:00:00,773.0948346283666
2023-08-20 09:00:00,595.547085595212
2023-08-20 10:00:00,637.4570584325552
2023-08-20 11:00:00,581.9628843555511
2023-08-20 12:00:00,643.0230549068015
2023-08-20 13:00:00,681.9545656750145
2023-08-20 14:00:00,638.8313437658406
2023-08-20 15:00:00,671.0046048635635
2023-08-20 16:00:00,528.1788205730379
2023-08-20 17:00:00,743.9495682692059
2023-08-20 18:00:00,720.0195817964569
2023-08-20 19:00:00,634.8792336041884
2023-08-20 20:00:00,606.2596624904799
2023-08-20 21:00:00,632.6029470534645
2023-08-20 22:00:00,648.5084170463147
2023-08-20 23:00:00,562.6647430048555
2023-08-21 00:00:00,560.9247373717458
2023-08-21 01:00:00,510.0715096595438
2023-08-21 02:00:00,549.888555573324
2023-08-21 03:00:00,528.6763839193667
2023-08-21 04:00:00,536.2374417318309
2023-08-21 05:00:00,535.01863396999
2023-08-21 06:00:00,560.8029770087102
2023-08-21 07:00:00,821.7064564346404
2023-08-21 08:00:00,873.2742780668893
2023-08-21 09:00:00,607.7351780769663
2023-08-21 10:00:00,646.0729181829004
2023-08-21 11:00:00,700.627289458865
2023-08-21 12:00:00,776.0107369724386
2023-08-21 13:00:00,740.9222622100896
2023-08-21 14:00:00,765.7416603648212
2023-08-21 15:00:00,715.645115077309
2023-08-21 16:00:00,646.7003929194578
2023-08-21 17:00:00,821.0414107812885
2023-08-21 18:00:00,824.2263893191206
2023-08-21 19:00:00,540.4343917545011
2023-08-21 20:00:00,697.445818961692
2023-08-21 21:00:00,711.6129591927954
2023-08-21 22:00:00,627.8729101861092
2023-08-21 23:00:00,539.8419317441106
2023-08-22 00:00:00,519.8455154523615
2023-08-22 01:00:00,565.3061420590997
2023-08-22 02:00:00,594.9973018121296
2023-08-22 03:00:00,480.28912104475836
2023-08-22 04:00:00,566.37754122569
2023-08-22 05:00:00,538.9331291312342
2023-08-22 06:00:00,604.5357756786676
2023-08-22 07:00:00,918.3597600669716
2023-08-22 08:00:00,892.4719024490871
2023-08-22 09:00:00,595.8565258637688
2023-08-22 10:00:00,691.4449932978144
2023-08-22 11:00:00,738.8126480715313
2023-08-22 12:00:00,716.7503984050999
2023-08-22 13:00:00,708.8233415094944
2023-08-22 14:00:00,649.1619311563087
2023-08-22 15:00:00,684.8568102714738
2023-08-22 16:00:00,635.9467664135669
2023-08-22 17:00:00,851.507862924957
2023-08-22 18:00:00,876.3812587835655
2023-08-22 19:00:00,720.6604720131054
2023-08-22 20:00:00,691.5442427683527
2023-08-22 21:00:00,653.7263335079897
2023-08-22 22:00:00,629.5604331921709
2023-08-22 23:00:00,447.85801615776404
2023-08-23 00:00:00,543.2646031010859
2023-08-23 01:00:00,536.959500167326
2023-08-23 02:00:00,565.614647775815
2023-08-23 03:00:00,543.8437909210124
2023-08-23 04:00:00,537.1845976225283
2023-08-23 05:00:00,478.8240427797112
2023-08-23 06:00:00,562.4012868339973
2023-08-23 07:00:00,919.0660416320223
2023-08-23 08:00:00,968.6363052453078
2023-08-23 09:00:00,596.0989846501751
2023-08-23 10:00:00,713.1124429429649
2023-08-23 11:00:00,738.0991262781122
2023-08-23 12:00:00,667.56424255199
2023-08-23 13:00:00,714.6725617314177
2023-08-23 14:00:00,670.3803957467137
2023-08-23 15:00:00,734.5929775396404
2023-08-23 16:00:00,606.0561219180693
2023-08-23 17:00:00,861.9380725592575
2023-08-23 18:00:00,818.6960561032564
2023-08-23 19:00:00,678.2812943844314
2023-08-23 20:00:00,733.3885168492407
2023-08-23 21:00:00,609.6835321828718
2023-08-23 22:00:00,636.409639694099
2023-08-23 23:00:00,559.2642989667237
2023-08-24 00:00:00,581.4562484798327
2023-08-24 01:00:00,527.6181485884213
2023-08-24 02:00:00,436.6787883942904
2023-08-24 03:00:00,604.367579766561
2023-08-24 04:00:00,580.4202447833657
2023-08-24 05:00:00,480.2820987805334
2023-08-24 06:00:00,575.6972483288178
2023-08-24 07:00:00,962.727297181093
2023-08-24 08:00:00,957.9118567383147
2023-08-24 09:00:00,637.5456009071578
2023-08-24 10:00:00,692.9555026416054
2023-08-24 11:00:00,703.3194967525004
2023-08-24 12:00:00,694.762967794955
2023-08-24 13:00:00,745.1295913307536
2023-08-24 14:00:00,664.9663037401956
2023-08-24 15:00:00,667.7680138046318
2023-08-24 16:00:00,640.4109834734406
2023-08-24 17:00:00,848.2255417795375
2023-08-24 18:00:00,905.1386942181523
2023-08-24 19:00:00,623.1395117207782
2023-08-24 20:00:00,647.808865586447
2023-08-24 21:00:00,613.1034806062419
2023-08-24 22:00:00,650.2945072569427
2023-08-24 23:00:00,490.858122520048
2023-08-25 00:00:00,530.4946631618014
2023-08-25 01:00:00,492.5498454028753
2023-08-25 02:00:00,577.7569293276504
2023-08-25 03:00:00,578.663573590386
2023-08-25 04:00:00,480.7894907806262
2023-08-25 05:00:00,603.3554298200229
2023-08-25 06:00:00,699.8966050567942
2023-08-25 07:00:00,901.8402554694536
2023-08-25 08:00:00,874.3554295910142
2023-08-25 09:00:00,712.9732236401219
2023-08-25 10:00:00,647.2412600678996
2023-08-25 11:00:00,700.8042586747639
2023-08-25 12:00:00,707.1848909052769
2023-08-25 13:00:00,753.8059048180966
2023-08-25 14:00:00,714.3895590050715
2023-08-25 15:00:00,680.0546441684619
2023-08-25 16:00:00,561.9526251844818
2023-08-25 17:00:00,836.3271271901546
2023-08-25 18:00:00,809.7229055621942
2023-08-25 19:00:00,651.9130127913874
2023-08-25 20:00:00,627.4321528055806
2023-08-25 21:00:00,590.2384882684099
2023-08-25 22:00:00,700.2058315349962
2023-08-25 23:00:00,530.0930990628384
2023-08-26 00:00:00,484.27452780098747
2023-08-26 01:00:00,528.2696346204983
2023-08-26 02:00:00,537.7348626387063
2023-08-26 03:00:00,465.1413309768387
2023-08-26 04:00:00,548.2659066850305
2023-08-26 05:00:00,493.11369725238944
2023-08-26 06:00:00,638.4411523676315
2023-08-26 07:00:00,800.9584204830694
2023-08-26 08:00:00,764.0040003956274
2023-08-26 09:00:00,540.1932891873059
2023-08-26 10:00:00,635.8012916974551
2023-08-26 11:00:00,664.5116296633316
2023-08-26 12:00:00,638.980234856592
2023-08-26 13:00:00,631.3136477145257
2023-08-26 14:00:00,642.3348116327159
2023-08-26 15:00:00,615.8456427505218
2023-08-26 16:00:00,556.2717629262785
2023-08-26 17:00:00,661.5683024437999
2023-08-26 18:00:00,783.9490492340947
2023-08-26 19:00:00,616.9519112128705
2023-08-26 20:00:00,574.0617662386628
2023-08-26 21:00:00,680.9493992542095
2023-08-26 22:00:00,608.4806592156955
2023-08-26 23:00:00,493.55425712099213
2023-08-27 00:00:00,569.2694968588183
2023-08-27 01:00:00,550.9219286603706
2023-08-27 02:00:00,550.7831994193688
2023-08-27 03:00:00,517.9697758139364
2023-08-27 04:00:00,553.0198289511214
2023-08-27 05:00:00,524.5296683911562
2023-08-27 06:00:00,592.2376580658337
2023-08-27 07:00:00,703.8022218395745
2023-08-27 08:00:00,762.6450614808324
2023-08-27 09:00:00,638.8862039123278
2023-08-27 10:00:00,609.317301783988
2023-08-27 11:00:00,615.8464681002725
2023-08-27 12:00:00,622.081546462001
2023-08-27 13:00:00,591.4077545644543
2023-08-27 14:00:00,551.6687689508699
2023-08-27 15:00:00,630.7765440590555
2023-08-27 16:00:00,575.4343769632662
2023-08-27 17:00:00,742.8997972584539
2023-08-27 18:00:00,739.2048575220846
2023-08-27 19:00:00,606.7216348340155
2023-08-27 20:00:00,645.9136588620306
2023-08-27 21:00:00,597.3821525628314
2023-08-27 22:00:00,582.0366969165092
2023-08-27 23:00:00,523.7549806044766
2023-08-28 00:00:00,573.1738703902711
2023-08-28 01:00:00,606.48107514173
2023-08-28 02:00:00,524.8742504332329
2023-08-28 03:00:00,553.9573514811553
2023-08-28 04:00:00,563.5342976774384
2023-08-28 05:00:00,510.2968797308471
2023-08-28 06:00:00,600.8166866885167
2023-08-28 07:00:00,841.3730457063162
2023-08-28 08:00:00,829.237987850424
2023-08-28 09:00:00,614.6698563156903
2023-08-28 10:00:00,684.6450103467687
2023-08-28 11:00:00,708.0912163048488
2023-08-28 12:00:00,699.284200919666
2023-08-28 13:00:00,660.9439980534481
2023-08-28 14:00:00,698.1898279214265
2023-08-28 15:00:00,650.6759477994058
2023-08-28 16:00:00,655.638894320056
2023-08-28 17:00:00,795.7611862056015
2023-08-28 18:00:00,842.1685891612567
2023-08-28 19:00:00,608.3091364781101
2023-08-28 20:00:00,672.8168469344319
2023-08-28 21:00:00,636.7427451487399
2023-08-28 22:00:00,629.2533312151515
2023-08-28 23:00:00,584.1280618020621
2023-08-29 00:00:00,551.1772236671021
2023-08-29 01:00:00,570.6657778374387
2023-08-29 02:00:00,510.7469625393014
2023-08-29 03:00:00,493.8073222428997
2023-08-29 04:00:00,554.2883184816053
2023-08-29 05:00:00,537.2461457802108
2023-08-29 06:00:00,625.0573868981578
2023-08-29 07:00:00,896.803661893498
2023-08-29 08:00:00,908.2030135693852
2023-08-29 09:00:00,535.0646988023502
2023-08-29 10:00:00,775.5374775845703
2023-08-29 11:00:00,693.4303205987187
2023-08-29 12:00:00,727.903478813568
2023-08-29 13:00:00,666.5563331912149
2023-08-29 14:00:00,712.3203960886937
2023-08-29 15:00:00,647.8862094590102
2023-08-29 16:00:00,618.0827135303869
2023-08-29 17:00:00,835.7610366245667
2023-08-29 18:00:00,851.1676201574227
2023-08-29 19:00:00,677.9189612052039
2023-08-29 20:00:00,600.6983875511888
2023-08-29 21:00:00,622.6203307754881
2023-08-29 22:00:00,668.2929712434707
2023-08-29 23:00:00,633.9288589818699
2023-08-30 00:00:00,544.4767066135407
2023-08-30 01:00:00,573.6454447169573
2023-08-30 02:00:00,545.7211412056608
2023-08-30 03:00:00,627.6898237902519
2023-08-30 04:00:00,480.1111333213898
2023-08-30 05:00:00,553.7848417867743
2023-08-30 06:00:00,534.9782386575175
2023-08-30 07:00:00,799.7371371785314
2023-08-30 08:00:00,911.8984821247127
2023-08-30 09:00:00,605.5799118458983
2023-08-30 10:00:00,688.6065224903119
2023-08-30 11:00:00,695.7522363984099
2023-08-30 12:00:00,823.9319773628503
2023-08-30 13:00:00,689.6729944787427
2023-08-30 14:00:00,720.404974450003
2023-08-30 15:00:00,674.0254072154447
2023-08-30 16:00:00,611.8093030016241
2023-08-30 17:00:00,840.4706529977753
2023-08-30 18:00:00,833.5792606908108
2023-08-30 19:00:00,722.755941288013
2023-08-30 20:00:00,697.0873985273736
2023-08-30 21:00:00,655.4698658959692
2023-08-30 22:00:00,557.8315225622414
2023-08-30 23:00:00,535.5596310698973
2023-08-31 00:00:00,658.1211025762034
2023-08-31 01:00:00,540.7735333344117
2023-08-31 02:00:00,594.1287028821463
2023-08-31 03:00:00,607.6776960781041
2023-08-31 04:00:00,558.758556634239
2023-08-31 05:00:00,516.3271347252739
2023-08-31 06:00:00,502.58750672868445
2023-08-31 07:00:00,927.3665283443581
2023-08-31 08:00:00,867.409759887058
2023-08-31 09:00:00,607.0460180755077
2023-08-31 10:00:00,650.0071864164254
2023-08-31 11:00:00,689.390498381192
2023-08-31 12:00:00,701.3487621960421
2023-08-31 13:00:00,710.7437432417719
2023-08-31 14:00:00,655.4071125059035
2023-08-31 15:00:00,747.8764379504541
2023-08-31 16:00:00,576.1242086107211
2023-08-31 17:00:00,783.0212215818702
2023-08-31 18:00:00,845.6390632014615
2023-08-31 19:00:00,651.3750123610585
2023-08-31 20:00:00,656.4235773268704
2023-08-31 21:00:00,704.4852961474031
2023-08-31 22:00:00,640.5420465305656
2023-08-31 23:00:00,545.2152150252491
2023-09-01 00:00:00,505.87262475067627
2023-09-01 01:00:00,582.8221401155158
2023-09-01 02:00:00,557.3723625631242
2023-09-01 03:00:00,533.1988909082335
2023-09-01 04:00:00,473.81301226138146
2023-09-01 05:00:00,607.7764878022035
2023-09-01 06:00:00,550.8928014217577
2023-09-01 07:00:00,876.3488796252118
2023-09-01 08:00:00,914.3337804430402
2023-09-01 09:00:00,552.1376828553325
2023-09-01 10:00:00,640.2596088698742
2023-09-01 11:00:00,615.0420966919734
2023-09-01 12:00:00,728.8398781162255
2023-09-01 13:00:00,678.1925502109472
2023-09-01 14:00:00,817.0908036989332
2023-09-01 15:00:00,660.2257973747651
2023-09-01 16:00:00,563.1419590628432
2023-09-01 17:00:00,827.3842811885839
2023-09-01 18:00:00,859.7253862055395
2023-09-01 19:00:00,631.1918664485876
2023-09-01 20:00:00,674.4932885601005
2023-09-01 21:00:00,610.8564644004538
2023-09-01 22:00:00,594.7363312614567
2023-09-01 23:00:00,478.0714104236357
2023-09-02 00:00:00,446.0570332825121
2023-09-02 01:00:00,514.2772392209977
2023-09-02 02:00:00,522.9607875042711
2023-09-02 03:00:00,509.7425189006727
2023-09-02 04:00:00,584.7362318874865
2023-09-02 05:00:00,584.1212083843254
2023-09-02 06:00:00,556.6078805022199
2023-09-02 07:00:00,708.2431554723215
2023-09-02 08:00:00,757.3317956777979
2023-09-02 09:00:00,546.0071442433175
2023-09-02 10:00:00,613.7146015088776
2023-09-02 11:00:00,612.0912438440702
2023-09-02 12:00:00,613.8614841710078
2023-09-02 13:00:00,624.5383353640896
2023-09-02 14:00:00,614.5783560473777
2023-09-02 15:00:00,648.3329003450236
2023-09-02 16:00:00,584.4147486361944
2023-09-02 17:00:00,708.5741965127004
2023-09-02 18:00:00,795.8426130402813
2023-09-02 19:00:00,565.7975079263754
2023-09-02 20:00:00,540.2879754473865
2023-09-02 21:00:00,620.2311228546021
2023-09-02 22:00:00,572.3036746234264
2023-09-02 23:00:00,547.8516588302955
2023-09-03 00:00:00,438.8532559559788
2023-09-03 01:00:00,590.6982376593227
2023-09-03 02:00:00,561.8917363216161
2023-09-03 03:00:00,474.9809380334799
2023-09-03 04:00:00,475.8489150461486
2023-09-03 05:00:00,601.8906361639011
2023-09-03 06:00:00,540.5048038600817
2023-09-03 07:00:00,746.632606050695
2023-09-03 08:00:00,689.3579162340287
2023-09-03 09:00:00,555.9688717759378
2023-09-03 10:00:00,630.8912154065699
2023-09-03 11:00:00,668.6197238707794
2023-09-03 12:00:00,584.036862872621
2023-09-03 13:00:00,579.1885283103757
2023-09-03 14:00:00,658.0385053910591
2023-09-03 15:00:00,680.2692028490826
2023-09-03 16:00:00,507.1539059552847
2023-09-03 17:00:00,788.2605634519897
2023-09-03 18:00:00,746.5016736594729
2023-09-03 19:00:00,648.6722135629858
2023-09-03 20:00:00,602.1911855392954
2023-09-03 21:00:00,504.108883300482
2023-09-03 22:00:00,598.9213047073584
2023-09-03 23:00:00,577.4057527468508
2023-09-04 00:00:00,514.2501592366514
2023-09-04 01:00:00,534.481401243702
2023-09-04 02:00:00,542.9546598579609
2023-09-04 03:00:00,434.0194448052607
2023-09-04 04:00:00,616.8539030174991
2023-09-04 05:00:00,513.944972804113
2023-09-04 06:00:00,620.2294172989119
2023-09-04 07:00:00,896.5319545540716
2023-09-04 08:00:00,950.3047622543744
2023-09-04 09:00:00,616.2422448971232
2023-09-04 10:00:00,690.603029139161
2023-09-04 11:00:00,664.2593962992288
2023-09-04 12:00:00,731.9140280552856
2023-09-04 13:00:00,625.0623478418154
2023-09-04 14:00:00,725.8356168110357
2023-09-04 15:00:00,656.038209937805
2023-09-04 16:00:00,650.0913464782656
2023-09-04 17:00:00,856.4519817065078
2023-09-04 18:00:00,875.7649507140044
2023-09-04 19:00:00,653.2795525529888
2023-09-04 20:00:00,579.9049161943601
2023-09-04 21:00:00,615.5708334641864
2023-09-04 22:00:00,676.8955735044553
2023-09-04 23:00:00,556.6662326943938
2023-09-05 00:00:00,597.2395962122268
2023-09-05 01:00:00,566.1309825214869
2023-09-05 02:00:00,511.3319243718936
2023-09-05 03:00:00,518.1574344911746
2023-09-05 04:00:00,554.1166956209295
2023-09-05 05:00:00,457.4382373599958
2023-09-05 06:00:00,666.9376754249195
2023-09-05 07:00:00,917.6698694551023
2023-09-05 08:00:00,949.0813838819549
2023-09-05 09:00:00,536.7758423676332
2023-09-05 10:00:00,749.7826064142102
2023-09-05 11:00:00,789.2599564411099
2023-09-05 12:00:00,647.1648657849073
2023-09-05 13:00:00,730.8560717961507
2023-09-05 14:00:00,700.0443977874917
2023-09-05 15:00:00,638.2226460700703
2023-09-05 16:00:00,619.7153588740748
2023-09-05 17:00:00,883.3441281934939
2023-09-05 18:00:00,825.9549378932461
2023-09-05 19:00:00,696.6366608102089
2023-09-05 20:00:00,583.3294637284321
2023-09-05 21:00:00,590.2097541420143
2023-09-05 22:00:00,655.46389582355
2023-09-05 23:00:00,551.0154111188908
2023-09-06 00:00:00,521.3370604630358
2023-09-06 01:00:00,582.3837774388754
2023-09-06 02:00:00,571.235772568638
2023-09-06 03:00:00,584.3255628373606
2023-09-06 04:00:00,545.0745425859093
2023-09-06 05:00:00,574.1032107191336
2023-09-06 06:00:00,582.1739878788002
2023-09-06 07:00:00,982.1527476034638
2023-09-06 08:00:00,867.4981691951206
2023-09-06 09:00:00,684.2118971783325
2023-09-06 10:00:00,701.3955178835763
2023-09-06 11:00:00,644.9795644172503
2023-09-06 12:00:00,754.7231740195441
2023-09-06 13:00:00,705.0360555357984
2023-09-06 14:00:00,734.0449639352095
2023-09-06 15:00:00,748.9542367417038
2023-09-06 16:00:00,613.518222165801
2023-09-06 17:00:00,826.3103662074874
2023-09-06 18:00:00,889.02853510677
2023-09-06 19:00:00,650.0302202981838
2023-09-06 20:00:00,677.4343127443368
2023-09-06 21:00:00,563.8507770483416
2023-09-06 22:00:00,667.879268680394
2023-09-06 23:00:00,524.4565669941987
2023-09-07 00:00:00,616.1323854871412
2023-09-07 01:00:00,574.9234939155638
2023-09-07 02:00:00,559.5943098339719
2023-09-07 03:00:00,569.4523997340088
2023-09-07 04:00:00,510.0623658849313
2023-09-07 05:00:00,614.9302676211222
2023-09-07 06:00:00,679.6548167366761
2023-09-07 07:00:00,915.7165404219287
2023-09-07 08:00:00,963.6161427429455
2023-09-07 09:00:00,577.2340720530987
2023-09-07 10:00:00,668.1154573510007
2023-09-07 11:00:00,701.6369899491569
2023-09-07 12:00:00,717.397641534716
2023-09-07 13:00:00,684.2405327502752
2023-09-07 14:00:00,721.5107276147394
2023-09-07 15:00:00,712.2555792829365
2023-09-07 16:00:00,560.0677289883578
2023-09-07 17:00:00,870.7517206980689
2023-09-07 18:00:00,884.5411297008609
2023-09-07 19:00:00,656.8587727036156
2023-09-07 20:00:00,696.1059241304677
2023-09-07 21:00:00,601.3038482601219
2023-09-07 22:00:00,668.7180168852741
2023-09-07 23:00:00,503.188771744129
2023-09-08 00:00:00,505.4367456706765
2023-09-08 01:00:00,524.7627666504884
2023-09-08 02:00:00,512.3175926570302
2023-09-08 03:00:00,528.0801672503545
2023-09-08 04:00:00,541.4339875715525
2023-09-08 05:00:00,583.4861794532553
2023-09-08 06:00:00,587.1536384517719
2023-09-08 07:00:00,836.5749717292163
2023-09-08 08:00:00,945.6027138598064
2023-09-08 09:00:00,566.5163946553985
2023-09-08 10:00:00,697.6511829158148
2023-09-08 11:00:00,717.8614602776285
2023-09-08 12:00:00,707.9844167361113
2023-09-08 13:00:00,743.767181900859
2023-09-08 14:00:00,719.1601257357104
2023-09-08 15:00:00,665.5476168121156
2023-09-08 16:00:00,687.1424869596665
2023-09-08 17:00:00,857.7733385335293
2023-09-08 18:00:00,844.1063909351398
2023-09-08 19:00:00,688.5570169222228
2023-09-08 20:00:00,659.9780378372029
2023-09-08 21:00:00,665.9691277175731
2023-09-08 22:00:00,749.6873599440274
2023-09-08 23:00:00,538.9951428697981
2023-09-09 00:00:00,522.2895642393041
2023-09-09 01:00:00,539.6631404804986
2023-09-09 02:00:00,577.8606374232415
2023-09-09 03:00:00,474.73863879238405
2023-09-09 04:00:00,456.3777643409398
2023-09-09 05:00:00,511.5153891751941
2023-09-09 06:00:00,504.6430816376285
2023-09-09 07:00:00,763.0067460989744
2023-09-09 08:00:00,800.0999878451717
2023-09-09 09:00:00,534.3700454579094
2023-09-09 10:00:00,582.9269369287463
2023-09-09 11:00:00,642.7734864686139
2023-09-09 12:00:00,674.5017393846068
2023-09-09 13:00:00,572.2010624593355
2023-09-09 14:00:00,672.8092959322394
2023-09-09 15:00:00,672.692248149533
2023-09-09 16:00:00,608.1634040862651
2023-09-09 17:00:00,793.7392085948675
2023-09-09 18:00:00,833.0805569863846
2023-09-09 19:00:00,590.7563180552378
2023-09-09 20:00:00,609.3828632031143
2023-09-09 21:00:00,588.3424626700789
2023-09-09 22:00:00,605.0790737902324
2023-09-09 23:00:00,596.3149342254525
2023-09-10 00:00:00,481.19942064277325
2023-09-10 01:00:00,500.558013113377
2023-09-10 02:00:00,590.0872374601825
2023-09-10 03:00:00,575.8014602760836
2023-09-10 04:00:00,520.4747341273169
2023-09-10 05:00:00,569.1760800448288
2023-09-10 06:00:00,583.6486336996813
2023-09-10 07:00:00,840.0109843600395
2023-09-10 08:00:00,782.9803837530709
2023-09-10 09:00:00,611.0252845549032
2023-09-10 10:00:00,745.6804764197047
2023-09-10 11:00:00,663.9239662018987
2023-09-10 12:00:00,641.9731266317938
2023-09-10 13:00:00,668.8978794088391
2023-09-10 14:00:00,625.3887656718446
2023-09-10 15:00:00,735.5187082209893
2023-09-10 16:00:00,577.2028415078393
2023-09-10 17:00:00,734.0826671909795
2023-09-10 18:00:00,711.5724397991986
2023-09-10 19:00:00,648.8888076642576
2023-09-10 20:00:00,639.6874965131095
2023-09-10 21:00:00,585.1058251434363
2023-09-10 22:00:00,628.0580538048969
2023-09-10 23:00:00,474.65776127148575
2023-09-11 00:00:00,557.3988230029263
2023-09-11 01:00:00,568.1102540830677
2023-09-11 02:00:00,618.2931923823689
2023-09-11 03:00:00,519.1672478908524
2023-09-11 04:00:00,498.86589484790704
2023-09-11 05:00:00,514.1828815629983
2023-09-11 06:00:00,546.5372599874032
2023-09-11 07:00:00,953.4662943103593
2023-09-11 08:00:00,961.9455718009615
2023-09-11 09:00:00,612.8086631179532
2023-09-11 10:00:00,748.8517978274059
2023-09-11 11:00:00,705.3583352232095
2023-09-11 12:00:00,696.1955340919693
2023-09-11 13:00:00,686.6784952378496
2023-09-11 14:00:00,687.5843603448974
2023-09-11 15:00:00,638.0879377476388
2023-09-11 16:00:00,610.5701905442936
2023-09-11 17:00:00,848.3866435914382
2023-09-11 18:00:00,879.814428963115
2023-09-11 19:00:00,653.7409398575444
2023-09-11 20:00:00,643.4918519372363
2023-09-11 21:00:00,615.1522787996947
2023-09-11 22:00:00,652.8861294728705
2023-09-11 23:00:00,579.5294892326465
2023-09-12 00:00:00,504.2664403566456
2023-09-12 01:00:00,553.4989501472296
2023-09-12 02:00:00,559.3217180611794
2023-09-12 03:00:00,521.2774086552695
2023-09-12 04:00:00,526.4857478036799
2023-09-12 05:00:00,559.2244339506486
2023-09-12 06:00:00,554.6631592682951
2023-09-12 07:00:00,913.9969486099757
2023-09-12 08:00:00,864.185825053632
2023-09-12 09:00:00,642.5141477213286
2023-09-12 10:00:00,793.513109815532
2023-09-12 11:00:00,665.5697279319272
2023-09-12 12:00:00,721.368314494987
2023-09-12 13:00:00,670.9303238047193
2023-09-12 14:00:00,741.6381669519116
2023-09-12 15:00:00,649.3896636365914
2023-09-12 16:00:00,619.2234703371086
2023-09-12 17:00:00,815.0804413244259
2023-09-12 18:00:00,841.7206164360653
2023-09-12 19:00:00,608.7589889941078
2023-09-12 20:00:00,682.8940188358301
2023-09-12 21:00:00,616.5207858224165
2023-09-12 22:00:00,672.0785703732731
2023-09-12 23:00:00,536.2360788695066
2023-09-13 00:00:00,545.4211051280455
2023-09-13 01:00:00,555.9102362960051
2023-09-13 02:00:00,519.527013133646
2023-09-13 03:00:00,558.4146845416354
2023-09-13 04:00:00,611.2133825741764
2023-09-13 05:00:00,518.8762085666914
2023-09-13 06:00:00,646.8724057309538
2023-09-13 07:00:00,959.9239053395114
2023-09-13 08:00:00,867.3538004388782
2023-09-13 09:00:00,541.7978157963779
2023-09-13 10:00:00,712.0784360068706
2023-09-13 11:00:00,678.1036990893251
2023-09-13 12:00:00,774.7441287665201
2023-09-13 13:00:00,701.3923016199933
2023-09-13 14:00:00,667.9120236785928
2023-09-13 15:00:00,654.1136195595316
2023-09-13 16:00:00,643.5961983636332
2023-09-13 17:00:00,827.1526410366325
2023-09-13 18:00:00,851.7531519784171
2023-09-13 19:00:00,688.2321098044993
2023-09-13 20:00:00,630.6296659227668
2023-09-13 21:00:00,648.1628468503935
2023-09-13 22:00:00,649.3372636070992
2023-09-13 23:00:00,577.3329804606436
2023-09-14 00:00:00,573.629773420413
2023-09-14 01:00:00,541.1954507498068
2023-09-14 02:00:00,552.5459624598607
2023-09-14 03:00:00,535.1288395390604
2023-09-14 04:00:00,490.8955037232222
2023-09-14 05:00:00,560.3040342959251
2023-09-14 06:00:00,675.6876704333228
2023-09-14 07:00:00,864.6512343723575
2023-09-14 08:00:00,869.0788116158919
2023-09-14 09:00:00,565.1708891342504
2023-09-14 10:00:00,728.9836711489249
2023-09-14 11:00:00,717.9394181678576
2023-09-14 12:00:00,693.6584923033417
2023-09-14 13:00:00,663.2792375344414
2023-09-14 14:00:00,703.695071665597
2023-09-14 15:00:00,637.4151149065679
2023-09-14 16:00:00,605.7370626742998
2023-09-14 17:00:00,884.8609754435174
2023-09-14 18:00:00,799.9520345346529
2023-09-14 19:00:00,588.6992689268135
2023-09-14 20:00:00,713.1775156677944
2023-09-14 21:00:00,625.5296144198167
2023-09-14 22:00:00,695.4379138377528
2023-09-14 23:00:00,543.8400933920867
2023-09-15 00:00:00,543.521807322347
2023-09-15 01:00:00,567.5365079798659
2023-09-15 02:00:00,514.6400457301423
2023-09-15 03:00:00,555.2998857398259
2023-09-15 04:00:00,534.7404234070362
2023-09-15 05:00:00,497.18026226379874
2023-09-15 06:00:00,613.4992829890559
2023-09-15 07:00:00,889.4676877248834
2023-09-15 08:00:00,893.7190068622117
2023-09-15 09:00:00,551.5935622634337
2023-09-15 10:00:00,763.6560147105122
2023-09-15 11:00:00,735.0685674554446
2023-09-15 12:00:00,738.5662353668791
2023-09-15 13:00:00,687.7822119023327
2023-09-15 14:00:00,630.8326844198632
2023-09-15 15:00:00,778.1166952995804
2023-09-15 16:00:00,597.5560996797652
2023-09-15 17:00:00,820.0480081591978
2023-09-15 18:00:00,866.6720629793246
2023-09-15 19:00:00,696.6848315201319
2023-09-15 20:00:00,649.0779777565814
2023-09-15 21:00:00,701.143006717575
2023-09-15 22:00:00,693.3199975406748
2023-09-15 23:00:00,506.9447525039177
2023-09-16 00:00:00,508.04839577362094
2023-09-16 01:00:00,573.3014865311907
2023-09-16 02:00:00,426.49549744758247
2023-09-16 03:00:00,529.0217722734004
2023-09-16 04:00:00,477.76675193501313
2023-09-16 05:00:00,515.937847942659
2023-09-16 06:00:00,558.0471964388319
2023-09-16 07:00:00,765.6702248836997
2023-09-16 08:00:00,757.9095499154956
2023-09-16 09:00:00,526.1142540148475
2023-09-16 10:00:00,731.6764506727475
2023-09-16 11:00:00,714.698480166454
2023-09-16 12:00:00,593.5173671897487
2023-09-16 13:00:00,703.2846700521427
2023-09-16 14:00:00,624.0213803810859
2023-09-16 15:00:00,645.1674989332685
2023-09-16 16:00:00,567.4690416041234
2023-09-16 17:00:00,718.6100543498413
2023-09-16 18:00:00,784.3540937442459
2023-09-16 19:00:00,610.0354612230664
2023-09-16 20:00:00,585.9379430712304
2023-09-16 21:00:00,552.8164222479811
2023-09-16 22:00:00,569.2561994512351
2023-09-16 23:00:00,469.34479537591614
2023-09-17 00:00:00,535.4889419366068
2023-09-17 01:00:00,487.1333763086242
2023-09-17 02:00:00,524.3775794992583
2023-09-17 03:00:00,589.8040741444148
2023-09-17 04:00:00,582.9719829168635
2023-09-17 05:00:00,533.7089242358953
2023-09-17 06:00:00,566.516610954274
2023-09-17 07:00:00,855.1949819768404
2023-09-17 08:00:00,800.8302448143485
2023-09-17 09:00:00,556.887741604939
2023-09-17 10:00:00,582.9592753151819
2023-09-17 11:00:00,655.7549287265897
2023-09-17 12:00:00,673.1729509033145
2023-09-17 13:00:00,614.7339390194543
2023-09-17 14:00:00,651.6481102055213
2023-09-17 15:00:00,625.4570682033989
2023-09-17 16:00:00,562.6387040320399
2023-09-17 17:00:00,645.4871176975067
2023-09-17 18:00:00,736.1287438513546
2023-09-17 19:00:00,643.7747720963222
2023-09-17 20:00:00,579.7438977773377
2023-09-17 21:00:00,607.1010547286127
2023-09-17 22:00:00,574.7619717323232
2023-09-17 23:00:00,549.417667051711
2023-09-18 00:00:00,541.3390720985531
2023-09-18 01:00:00,512.4303383727197
2023-09-18 02:00:00,603.3020587066051
2023-09-18 03:00:00,587.1572805412886
2023-09-18 04:00:00,525.803729442873
2023-09-18 05:00:00,569.9115323767111
2023-09-18 06:00:00,621.4964801128152
2023-09-18 07:00:00,925.692049400447
2023-09-18 08:00:00,832.2297641601969
2023-09-18 09:00:00,640.2642616413051
2023-09-18 10:00:00,677.2120414829708
2023-09-18 11:00:00,685.6868826623494
2023-09-18 12:00:00,805.515270090408
2023-09-18 13:00:00,712.0749352288404
2023-09-18 14:00:00,684.547100982113
2023-09-18 15:00:00,611.7882250897637
2023-09-18 16:00:00,655.5905653578542
2023-09-18 17:00:00,796.1916131676559
2023-09-18 18:00:00,809.8624438600199
2023-09-18 19:00:00,636.7459080364861
2023-09-18 20:00:00,706.6564716680117
2023-09-18 21:00:00,680.9295994666304
2023-09-18 22:00:00,643.6864996063896
2023-09-18 23:00:00,562.3316825455529
2023-09-19 00:00:00,525.9845722851558
2023-09-19 01:00:00,555.586147582614
2023-09-19 02:00:00,552.9334697911255
2023-09-19 03:00:00,588.7507958272541
2023-09-19 04:00:00,588.687124897558
2023-09-19 05:00:00,569.7590952882258
2023-09-19 06:00:00,585.5060976981559
2023-09-19 07:00:00,929.6728917756051
2023-09-19 08:00:00,896.3212613518781
2023-09-19 09:00:00,556.7234252514747
2023-09-19 10:00:00,683.8684883235625
2023-09-19 11:00:00,703.3810793513729
2023-09-19 12:00:00,736.4086313465898
2023-09-19 13:00:00,692.6588731137139
2023-09-19 14:00:00,651.6320515504158
2023-09-19 15:00:00,702.2696673318728
2023-09-19 16:00:00,604.5382416022621
2023-09-19 17:00:00,857.4335051561101
2023-09-19 18:00:00,886.7948606381772
2023-09-19 19:00:00,690.756929603596
2023-09-19 20:00:00,626.2315651047334
2023-09-19 21:00:00,625.3542616780422
2023-09-19 22:00:00,608.392051561781
2023-09-19 23:00:00,577.952626811219
2023-09-20 00:00:00,607.9528043335087
2023-09-20 01:00:00,537.3967228836431
2023-09-20 02:00:00,540.3427774110003
2023-09-20 03:00:00,608.6713022759591
2023-09-20 04:00:00,570.2223141286003
2023-09-20 05:00:00,567.4494281920422
2023-09-20 06:00:00,552.363339761051
2023-09-20 07:00:00,927.1491227711767
2023-09-20 08:00:00,862.8345463796097
2023-09-20 09:00:00,554.6391925626017
2023-09-20 10:00:00,686.1291369293315
2023-09-20 11:00:00,676.5682910620524
2023-09-20 12:00:00,691.1360122245984
2023-09-20 13:00:00,642.3607346190032
2023-09-20 14:00:00,738.3526522587069
2023-09-20 15:00:00,745.1074517806571
2023-09-20 16:00:00,522.1063010343674
2023-09-20 17:00:00,889.138312226662
2023-09-20 18:00:00,817.5788548071349
2023-09-20 19:00:00,684.2790214793115
2023-09-20 20:00:00,647.2621402933434
2023-09-20 21:00:00,651.15102256324
2023-09-20 22:00:00,642.5960940231513
2023-09-20 23:00:00,598.4851681693394
2023-09-21 00:00:00,500.41647949899885
2023-09-21 01:00:00,574.3136135494003
2023-09-21 02:00:00,594.053206595582
2023-09-21 03:00:00,578.6536032216164
2023-09-21 04:00:00,642.9879565729367
2023-09-21 05:00:00,528.8421294910121
2023-09-21 06:00:00,638.2921929037412
2023-09-21 07:00:00,895.7563745863432
2023-09-21 08:00:00,949.3362430541068
2023-09-21 09:00:00,599.6924401711452
2023-09-21 10:00:00,684.4849687255012
2023-09-21 11:00:00,752.2428881548651
2023-09-21 12:00:00,680.3375224392428
2023-09-21 13:00:00,643.4909696439778
2023-09-21 14:00:00,679.3261246730468
2023-09-21 15:00:00,724.7613178635413
2023-09-21 16:00:00,655.6815500634837
2023-09-21 17:00:00,854.4451750118604
2023-09-21 18:00:00,902.727882689361
2023-09-21 19:00:00,595.6730031408963
2023-09-21 20:00:00,632.2694614072839
2023-09-21 21:00:00,638.4569953138359
2023-09-21 22:00:00,645.4176229010992
2023-09-21 23:00:00,553.3637755300078
2023-09-22 00:00:00,577.6364382956878
2023-09-22 01:00:00,532.2077264731804
2023-09-22 02:00:00,555.561147478125
2023-09-22 03:00:00,548.1950843870379
2023-09-22 04:00:00,512.964403844354
2023-09-22 05:00:00,545.4533324367426
2023-09-22 06:00:00,594.2536188041153
2023-09-22 07:00:00,893.3967773998781
2023-09-22 08:00:00,901.2703782632581
2023-09-22 09:00:00,603.0269416245354
2023-09-22 10:00:00,682.7081928357068
2023-09-22 11:00:00,750.9085893588506
2023-09-22 12:00:00,653.2207748318793
2023-09-22 13:00:00,671.1611956612041
2023-09-22 14:00:00,811.1985449689422
2023-09-22 15:00:00,658.4803458004308
2023-09-22 16:00:00,545.8498130116096
2023-09-22 17:00:00,879.3790698000487
2023-09-22 18:00:00,766.915205849045
2023-09-22 19:00:00,640.5890436011024
2023-09-22 20:00:00,735.8329970030595
2023-09-22 21:00:00,588.202563113864
2023-09-22 22:00:00,570.7214205704515
2023-09-22 23:00:00,490.03275192169207
2023-09-23 00:00:00,570.9343827338794
2023-09-23 01:00:00,579.9910687994325
2023-09-23 02:00:00,514.4964481208597
2023-09-23 03:00:00,562.3284961600427
2023-09-23 04:00:00,590.6102131004795
2023-09-23 05:00:00,606.493856577193
2023-09-23 06:00:00,560.1465887528061
2023-09-23 07:00:00,687.9411312932006
2023-09-23 08:00:00,747.1648431036125
2023-09-23 09:00:00,552.9278322025897
2023-09-23 10:00:00,629.6424481368643
2023-09-23 11:00:00,632.4856239596512
2023-09-23 12:00:00,684.7557839172267
2023-09-23 13:00:00,690.9771370675032
2023-09-23 14:00:00,633.1330538430086
2023-09-23 15:00:00,683.9393950420728
2023-09-23 16:00:00,584.3064546652436
2023-09-23 17:00:00,747.5802389145028
2023-09-23 18:00:00,781.2617662843985
2023-09-23 19:00:00,607.8900819295167
2023-09-23 20:00:00,687.3124470839105
2023-09-23 21:00:00,547.4635533282176
2023-09-23 22:00:00,584.3931640363193
2023-09-23 23:00:00,529.939244121842
2023-09-24 00:00:00,552.5781076183197
2023-09-24 01:00:00,585.7184194841236
2023-09-24 02:00:00,534.0240573105538
2023-09-24 03:00:00,478.11081401975173
2023-09-24 04:00:00,568.7005558582002
2023-09-24 05:00:00,565.1983506456786
2023-09-24 06:00:00,492.32565362482376
2023-09-24 07:00:00,779.847834653168
2023-09-24 08:00:00,716.3943267727881
2023-09-24 09:00:00,543.4139560999175
2023-09-24 10:00:00,603.887642921488
2023-09-24 11:00:00,672.3705879296795
2023-09-24 12:00:00,644.6732069668874
2023-09-24 13:00:00,588.5763599697589
2023-09-24 14:00:00,675.2026385182937
2023-09-24 15:00:00,582.6477670428634
2023-09-24 16:00:00,583.2045516188377
2023-09-24 17:00:00,712.4395732283377
2023-09-24 18:00:00,730.3729166987792
2023-09-24 19:00:00,625.1708299215354
2023-09-24 20:00:00,625.8579759623811
2023-09-24 21:00:00,658.4787629422384
2023-09-24 22:00:00,601.7098520131419
2023-09-24 23:00:00,547.2580345185336
2023-09-25 00:00:00,532.490507103827
2023-09-25 01:00:00,557.2795953049119
2023-09-25 02:00:00,567.5794419203405
2023-09-25 03:00:00,546.0676061018249
2023-09-25 04:00:00,477.84998063630013
2023-09-25 05:00:00,563.2588358532358
2023-09-25 06:00:00,614.5824590942183
2023-09-25 07:00:00,872.7930609460819
2023-09-25 08:00:00,848.6245185570995
2023-09-25 09:00:00,659.0351660201586
2023-09-25 10:00:00,719.6578204357761
2023-09-25 11:00:00,690.8367587631316
2023-09-25 12:00:00,654.5186846741005
2023-09-25 13:00:00,667.1274068631461
2023-09-25 14:00:00,752.1036158714493
2023-09-25 15:00:00,705.5064776347218
2023-09-25 16:00:00,577.9765173199718
2023-09-25 17:00:00,870.3875692489862
2023-09-25 18:00:00,817.424072502147
2023-09-25 19:00:00,710.0337212112152
2023-09-25 20:00:00,704.112021395869
2023-09-25 21:00:00,631.3370371518889
2023-09-25 22:00:00,624.8531901187656
2023-09-25 23:00:00,445.2746720523088
2023-09-26 00:00:00,490.73676913794526
2023-09-26 01:00:00,496.42120900168976
2023-09-26 02:00:00,555.4076136394955
2023-09-26 03:00:00,536.9506518223457
2023-09-26 04:00:00,496.18658050339036
2023-09-26 05:00:00,538.7534383014178
2023-09-26 06:00:00,620.2134859058939
2023-09-26 07:00:00,921.1135739966235
2023-09-26 08:00:00,824.0131887656447
2023-09-26 09:00:00,594.8694607806468
2023-09-26 10:00:00,644.6663689211356
2023-09-26 11:00:00,736.069147885611
2023-09-26 12:00:00,731.36585665414
2023-09-26 13:00:00,664.0789109470217
2023-09-26 14:00:00,669.358191903984
2023-09-26 15:00:00,681.5493179800677
2023-09-26 16:00:00,509.88826421074646
2023-09-26 17:00:00,863.4387269376231
2023-09-26 18:00:00,839.0862181463948
2023-09-26 19:00:00,688.8070033027144
2023-09-26 20:00:00,606.0636312814979
2023-09-26 21:00:00,625.2350820700027
2023-09-26 22:00:00,589.7389896784354
2023-09-26 23:00:00,509.8283774602299
2023-09-27 00:00:00,502.7207201572712
2023-09-27 01:00:00,589.8389471538578
2023-09-27 02:00:00,522.0695260499443
2023-09-27 03:00:00,554.9670273897846
2023-09-27 04:00:00,534.7694638455279
2023-09-27 05:00:00,499.2213893594875
2023-09-27 06:00:00,593.2679830731342
2023-09-27 07:00:00,923.9641332745438
2023-09-27 08:00:00,851.6896242982659
2023-09-27 09:00:00,632.3645116292552
2023-09-27 10:00:00,666.0111631408921
2023-09-27 11:00:00,680.6806429570863
2023-09-27 12:00:00,721.2273249204019
2023-09-27 13:00:00,673.4625537112205
2023-09-27 14:00:00,701.5029943734346
2023-09-27 15:00:00,687.4123668484763
2023-09-27 16:00:00,605.1747202681528
2023-09-27 17:00:00,754.7704357790601
2023-09-27 18:00:00,776.8127273916767
2023-09-27 19:00:00,674.6386802418735
2023-09-27 20:00:00,691.487256225962
2023-09-27 21:00:00,613.5805318587392
2023-09-27 22:00:00,640.2388659131547
2023-09-27 23:00:00,561.7887701160921
2023-09-28 00:00:00,577.7287040663482
2023-09-28 01:00:00,468.8929091331661
2023-09-28 02:00:00,514.5583901208649
2023-09-28 03:00:00,536.696824806005
2023-09-28 04:00:00,578.125607889442
2023-09-28 05:00:00,649.9372193488598
2023-09-28 06:00:00,590.8797709276113
2023-09-28 07:00:00,843.7209015158404
2023-09-28 08:00:00,916.090723088052
2023-09-28 09:00:00,652.8398315816285
2023-09-28 10:00:00,704.3205648391801
2023-09-28 11:00:00,663.7340581938283
2023-09-28 12:00:00,738.3197576592007
2023-09-28 13:00:00,726.5418247399374
2023-09-28 14:00:00,658.956766232175
2023-09-28 15:00:00,715.2570247013737
2023-09-28 16:00:00,639.8906227063549
2023-09-28 17:00:00,897.2756017023557
2023-09-28 18:00:00,847.3420409876218
2023-09-28 19:00:00,635.6768221528273
2023-09-28 20:00:00,699.0909528832506
2023-09-28 21:00:00,601.5935798807645
2023-09-28 22:00:00,667.5431716368403
2023-09-28 23:00:00,495.19893490542285
2023-09-29 00:00:00,592.615050890384
2023-09-29 01:00:00,539.6781793755536
2023-09-29 02:00:00,600.7433294258988
2023-09-29 03:00:00,569.6565102542211
2023-09-29 04:00:00,501.07119079752283
2023-09-29 05:00:00,606.9851092830897
2023-09-29 06:00:00,662.0498106571092
2023-09-29 07:00:00,935.2914597039686
2023-09-29 08:00:00,869.5364853985512
2023-09-29 09:00:00,587.7594418257037
2023-09-29 10:00:00,705.8170886962304
2023-09-29 11:00:00,671.8515840267427
2023-09-29 12:00:00,767.6938628985282
2023-09-29 13:00:00,705.7730588690415
2023-09-29 14:00:00,591.8660781157057
2023-09-29 15:00:00,713.5742325102489
2023-09-29 16:00:00,586.0737041273075
2023-09-29 17:00:00,847.0029377552621
2023-09-29 18:00:00,835.255225368572
2023-09-29 19:00:00,682.2818566642675
2023-09-29 20:00:00,694.7875111421353
2023-09-29 21:00:00,661.3221264903461
2023-09-29 22:00:00,636.4275525144736
2023-09-29 23:00:00,548.3465118076332
2023-09-30 00:00:00,535.7839846631051
2023-09-30 01:00:00,502.90279840540654
2023-09-30 02:00:00,558.1571459428494
2023-09-30 03:00:00,553.4016929544186
2023-09-30 04:00:00,596.617649591067
2023-09-30 05:00:00,585.213991211539
2023-09-30 06:00:00,542.5730032963947
2023-09-30 07:00:00,812.8119349803586
2023-09-30 08:00:00,741.9618646762211
2023-09-30 09:00:00,597.8372840376339
2023-09-30 10:00:00,619.3354320495957
2023-09-30 11:00:00,599.0698710649766
2023-09-30 12:00:00,651.2018137078962
2023-09-30 13:00:00,533.0173148738344
2023-09-30 14:00:00,569.9609770237909
2023-09-30 15:00:00,632.9003246490287
2023-09-30 16:00:00,573.2976706653938
2023-09-30 17:00:00,730.2272491936725
2023-09-30 18:00:00,681.822548051296
2023-09-30 19:00:00,572.2843263144598
2023-09-30 20:00:00,620.6483730894957
2023-09-30 21:00:00,628.2712708251345
2023-09-30 22:00:00,604.3510752961623
2023-09-30 23:00:00,581.2733512414795
2023-10-01 00:00:00,550.8958809383694
2023-10-01 01:00:00,505.1017738416715
2023-10-01 02:00:00,523.7799178635353
2023-10-01 03:00:00,478.8853537116858
2023-10-01 04:00:00,530.6744403843434
2023-10-01 05:00:00,579.4840247688535
2023-10-01 06:00:00,597.4116033884387
2023-10-01 07:00:00,836.0803730367649
2023-10-01 08:00:00,767.8845902480402
2023-10-01 09:00:00,623.8439917805703
2023-10-01 10:00:00,632.2678309420812
2023-10-01 11:00:00,698.8634033027957
2023-10-01 12:00:00,639.1257301023151
2023-10-01 13:00:00,668.2892549521711
2023-10-01 14:00:00,699.0044945723943
2023-10-01 15:00:00,632.2628948567518
2023-10-01 16:00:00,578.7355595017669
2023-10-01 17:00:00,796.554537008252
2023-10-01 18:00:00,739.6798734427974
2023-10-01 19:00:00,552.1643086997535
2023-10-01 20:00:00,690.7202821833964
2023-10-01 21:00:00,586.2094214265145
2023-10-01 22:00:00,611.3502420375017
2023-10-01 23:00:00,581.2402667780451
2023-10-02 00:00:00,525.660243850752
2023-10-02 01:00:00,509.6852834711148
2023-10-02 02:00:00,560.1494918709933
2023-10-02 03:00:00,478.2769440835044
2023-10-02 04:00:00,538.4837569252832
2023-10-02 05:00:00,559.8015465726162
2023-10-02 06:00:00,589.2019241269934
2023-10-02 07:00:00,838.2619622725701
2023-10-02 08:00:00,963.7671182481605
2023-10-02 09:00:00,604.1415261579671
2023-10-02 10:00:00,757.2460847104696
2023-10-02 11:00:00,689.5985499927822
2023-10-02 12:00:00,664.7995207323695
2023-10-02 13:00:00,710.7672368102064
2023-10-02 14:00:00,691.3685149468712
2023-10-02 15:00:00,652.8895416803457
2023-10-02 16:00:00,658.7913703514998
2023-10-02 17:00:00,825.1091910842401
2023-10-02 18:00:00,776.3893446081772
2023-10-02 19:00:00,703.1266421582933
2023-10-02 20:00:00,629.8280793674951
2023-10-02 21:00:00,625.687044295375
2023-10-02 22:00:00,579.384496518801
2023-10-02 23:00:00,619.6376594638796
2023-10-03 00:00:00,498.42077651161253
2023-10-03 01:00:00,552.337979228226
2023-10-03 02:00:00,586.5048129016176
2023-10-03 03:00:00,566.8686773201239
2023-10-03 04:00:00,547.6138275203124
2023-10-03 05:00:00,481.93336566850337
2023-10-03 06:00:00,567.6110065693086
2023-10-03 07:00:00,907.5120135217009
2023-10-03 08:00:00,868.5130372005201
2023-10-03 09:00:00,608.1343783999507
2023-10-03 10:00:00,727.2697363526057
2023-10-03 11:00:00,738.5001154320041
2023-10-03 12:00:00,650.9528256874927
2023-10-03 13:00:00,787.8658421991581
2023-10-03 14:00:00,730.6991737821652
2023-10-03 15:00:00,699.9314338532374
2023-10-03 16:00:00,643.5814633230656
2023-10-03 17:00:00,944.616310879999
2023-10-03 18:00:00,792.4511959577252
2023-10-03 19:00:00,640.9894943003459
2023-10-03 20:00:00,554.8627336050669
2023-10-03 21:00:00,657.706061305921
2023-10-03 22:00:00,664.6157696770056
2023-10-03 23:00:00,548.4335153822897
2023-10-04 00:00:00,523.8186571600676
2023-10-04 01:00:00,468.019419352467
2023-10-04 02:00:00,564.9413473364707
2023-10-04 03:00:00,608.217379356613
2023-10-04 04:00:00,526.3592617706627
2023-10-04 05:00:00,567.6023971609258
2023-10-04 06:00:00,537.274227463198
2023-10-04 07:00:00,918.2885225477006
2023-10-04 08:00:00,884.2647080902137
2023-10-04 09:00:00,569.5032819758834
2023-10-04 10:00:00,669.5854543513548
2023-10-04 11:00:00,684.2555367186797
2023-10-04 12:00:00,715.2973326277014
2023-10-04 13:00:00,647.5134719521793
2023-10-04 14:00:00,684.1153867372859
2023-10-04 15:00:00,698.3411288800341
2023-10-04 16:00:00,556.0384310187256
2023-10-04 17:00:00,921.8666080670007
2023-10-04 18:00:00,815.8601807975464
2023-10-04 19:00:00,623.2225234546604
2023-10-04 20:00:00,610.8676820071
2023-10-04 21:00:00,721.9392034855247
2023-10-04 22:00:00,672.1162091439793
2023-10-04 23:00:00,512.5363197502543
2023-10-05 00:00:00,594.2492623543988
2023-10-05 01:00:00,558.0279477715551
2023-10-05 02:00:00,560.2901368444601
2023-10-05 03:00:00,536.2209116499018
2023-10-05 04:00:00,520.0233605217211
2023-10-05 05:00:00,563.5106439621841
2023-10-05 06:00:00,578.1965108001764
2023-10-05 07:00:00,972.6702251830042
2023-10-05 08:00:00,849.2283557902758
2023-10-05 09:00:00,661.4462709141978
2023-10-05 10:00:00,695.547246048088
2023-10-05 11:00:00,711.9634293608442
2023-10-05 12:00:00,733.3263106651774
2023-10-05 13:00:00,674.7900281998226
2023-10-05 14:00:00,734.5699353879454
2023-10-05 15:00:00,591.6982457847529
2023-10-05 16:00:00,571.2004186711224
2023-10-05 17:00:00,813.0374877063574
2023-10-05 18:00:00,799.8597595051295
2023-10-05 19:00:00,641.401806476842
2023-10-05 20:00:00,665.4299987272678
2023-10-05 21:00:00,678.1063999399722
2023-10-05 22:00:00,659.6350702880163
2023-10-05 23:00:00,523.3722614042581
2023-10-06 00:00:00,564.7606575130067
2023-10-06 01:00:00,554.9714277940341
2023-10-06 02:00:00,587.4422467174406
2023-10-06 03:00:00,581.0774681172607
2023-10-06 04:00:00,551.2190565568252
2023-10-06 05:00:00,514.1098797535498
2023-10-06 06:00:00,573.8819937667167
2023-10-06 07:00:00,878.0084256144787
2023-10-06 08:00:00,887.3893466433498
2023-10-06 09:00:00,610.7220171035901
2023-10-06 10:00:00,728.6069756051223
2023-10-06 11:00:00,697.9552522793849
2023-10-06 12:00:00,700.6449915160189
2023-10-06 13:00:00,705.7322522000002
2023-10-06 14:00:00,679.3637874747064
2023-10-06 15:00:00,662.9843096942817
2023-10-06 16:00:00,529.7824841075716
2023-10-06 17:00:00,822.1940256769251
2023-10-06 18:00:00,868.9258181307115
2023-10-06 19:00:00,621.8835424784173
2023-10-06 20:00:00,640.4877185029624
2023-10-06 21:00:00,668.6572514964927
2023-10-06 22:00:00,670.8275798569067
2023-10-06 23:00:00,506.8186859133584
2023-10-07 00:00:00,574.8823742581457
2023-10-07 01:00:00,580.0940035742194
2023-10-07 02:00:00,489.8060057112576
2023-10-07 03:00:00,502.04652521435384
2023-10-07 04:00:00,582.6436273258477
2023-10-07 05:00:00,529.125859149788
2023-10-07 06:00:00,481.20888210192595
2023-10-07 07:00:00,724.0127398106926
2023-10-07 08:00:00,770.0252149931008
2023-10-07 09:00:00,523.478293988616
2023-10-07 10:00:00,623.4630491745423
2023-10-07 11:00:00,641.2958485473431
2023-10-07 12:00:00,698.4901841613892
2023-10-07 13:00:00,628.3818433508884
2023-10-07 14:00:00,682.9016719829103
2023-10-07 15:00:00,697.1504064814708
2023-10-07 16:00:00,627.372386774083
2023-10-07 17:00:00,756.3901837354227
2023-10-07 18:00:00,666.468434086441
2023-10-07 19:00:00,623.4329946161546
2023-10-07 20:00:00,646.9359955125417
2023-10-07 21:00:00,601.7573157825833
2023-10-07 22:00:00,674.78335480301
2023-10-07 23:00:00,569.3933424586983
2023-10-08 00:00:00,557.7309350861113
2023-10-08 01:00:00,578.4552284482335
2023-10-08 02:00:00,548.3347940504351
2023-10-08 03:00:00,435.28758002418584
2023-10-08 04:00:00,515.0344419411854
2023-10-08 05:00:00,582.8867210899141
2023-10-08 06:00:00,537.6963463960682
2023-10-08 07:00:00,771.0610997905225
2023-10-08 08:00:00,738.2065474438772
2023-10-08 09:00:00,641.3569038080708
2023-10-08 10:00:00,707.2596982967207
2023-10-08 11:00:00,604.6452441943708
2023-10-08 12:00:00,645.8919200155634
2023-10-08 13:00:00,612.7802380894381
2023-10-08 14:00:00,664.5977855612551
2023-10-08 15:00:00,660.3873230896932
2023-10-08 16:00:00,602.4682228645306
2023-10-08 17:00:00,758.2767379083155
2023-10-08 18:00:00,862.4162482555387
2023-10-08 19:00:00,563.8830493995705
2023-10-08 20:00:00,536.5758658225394
2023-10-08 21:00:00,589.2763919719415
2023-10-08 22:00:00,542.2804693775893
2023-10-08 23:00:00,475.3015091997603
2023-10-09 00:00:00,509.94741383208134
2023-10-09 01:00:00,513.1124437827349
2023-10-09 02:00:00,511.81527592199757
2023-10-09 03:00:00,570.7287580178165
2023-10-09 04:00:00,529.7524375565865
2023-10-09 05:00:00,542.8194170051008
2023-10-09 06:00:00,635.7693109800374
2023-10-09 07:00:00,869.3470990087429
2023-10-09 08:00:00,889.4181640518111
2023-10-09 09:00:00,614.6303994437167
2023-10-09 10:00:00,622.3372879751912
2023-10-09 11:00:00,604.6037796419766
2023-10-09 12:00:00,713.8446931519089
2023-10-09 13:00:00,719.6805712226759
2023-10-09 14:00:00,782.5688053940964
2023-10-09 15:00:00,706.3237950346723
2023-10-09 16:00:00,632.7895886903237
2023-10-09 17:00:00,842.1810942565611
2023-10-09 18:00:00,861.8890888634035
2023-10-09 19:00:00,716.6902736699814
2023-10-09 20:00:00,565.0402872749746
2023-10-09 21:00:00,666.5446503028672
2023-10-09 22:00:00,735.4234692030947
2023-10-09 23:00:00,561.2813687683737
2023-10-10 00:00:00,616.0229185293139
2023-10-10 01:00:00,524.8315140188223
2023-10-10 02:00:00,548.7181002334514
2023-10-10 03:00:00,551.3409880955435
2023-10-10 04:00:00,461.2963568256492
2023-10-10 05:00:00,503.27288688599197
2023-10-10 06:00:00,556.1249968246406
2023-10-10 07:00:00,932.882643121301
2023-10-10 08:00:00,934.8861242273622
2023-10-10 09:00:00,612.9614577082614
2023-10-10 10:00:00,732.9641158742282
2023-10-10 11:00:00,693.4340234911291
2023-10-10 12:00:00,748.0772667815818
2023-10-10 13:00:00,700.3515377052829
2023-10-10 14:00:00,702.3145618970702
2023-10-10 15:00:00,689.3762946695035
2023-10-10 16:00:00,627.3780191054572
2023-10-10 17:00:00,833.1520473354835
2023-10-10 18:00:00,889.0572550879227
2023-10-10 19:00:00,604.7140343713597
2023-10-10 20:00:00,606.0433498108722
2023-10-10 21:00:00,677.4970702050601
2023-10-10 22:00:00,646.4582314166795
2023-10-10 23:00:00,531.8443433538748
2023-10-11 00:00:00,585.6023092990184
2023-10-11 01:00:00,525.7095434365566
2023-10-11 02:00:00,541.9919498279852
2023-10-11 03:00:00,605.9691180028464
2023-10-11 04:00:00,611.5656938324261
2023-10-11 05:00:00,612.8959284108131
2023-10-11 06:00:00,588.7149689226435
2023-10-11 07:00:00,949.2281161993789
2023-10-11 08:00:00,862.0418868892529
2023-10-11 09:00:00,563.7238850111175
2023-10-11 10:00:00,605.9817658950255
2023-10-11 11:00:00,766.9147280759412
2023-10-11 12:00:00,665.4408060369569
2023-10-11 13:00:00,694.9386968101176
2023-10-11 14:00:00,663.5870263228686
2023-10-11 15:00:00,727.8066099332057
2023-10-11 16:00:00,584.9746535713064
2023-10-11 17:00:00,797.807324382682
2023-10-11 18:00:00,867.6665025674424
2023-10-11 19:00:00,592.6507990075909
2023-10-11 20:00:00,616.5037709873803
2023-10-11 21:00:00,565.7244354149568
2023-10-11 22:00:00,593.0416755120957
2023-10-11 23:00:00,557.1411667888191
2023-10-12 00:00:00,471.418558475883
2023-10-12 01:00:00,490.75417101513136
2023-10-12 02:00:00,549.9052433546876
2023-10-12 03:00:00,528.2557241562779
2023-10-12 04:00:00,629.6814654383724
2023-10-12 05:00:00,623.355861840975
2023-10-12 06:00:00,565.2831014899539
2023-10-12 07:00:00,922.2855047361393
2023-10-12 08:00:00,929.971302275178
2023-10-12 09:00:00,576.1008456790239
2023-10-12 10:00:00,640.1783385400719
2023-10-12 11:00:00,699.5080620276777
2023-10-12 12:00:00,693.0861730074356
2023-10-12 13:00:00,682.5694201211752
2023-10-12 14:00:00,717.6926747265794
2023-10-12 15:00:00,669.970815719776
2023-10-12 16:00:00,553.9200980968343
2023-10-12 17:00:00,854.3633188139933
2023-10-12 18:00:00,865.4388037027551
2023-10-12 19:00:00,602.9342022439979
2023-10-12 20:00:00,687.1236244396432
2023-10-12 21:00:00,579.1807544889568
2023-10-12 22:00:00,626.8754616513743
2023-10-12 23:00:00,539.6796585520956
2023-10-13 00:00:00,524.5510514939228
2023-10-13 01:00:00,527.3975810579523
2023-10-13 02:00:00,624.8429792923246
2023-10-13 03:00:00,515.964636438444
2023-10-13 04:00:00,647.6488688988766
2023-10-13 05:00:00,567.485071189242
2023-10-13 06:00:00,603.6822054924796
2023-10-13 07:00:00,919.0496141355067
2023-10-13 08:00:00,1001.1971099700781
2023-10-13 09:00:00,560.2562798427421
2023-10-13 10:00:00,655.1832832425445
2023-10-13 11:00:00,669.8053521371231
2023-10-13 12:00:00,701.2857258785824
2023-10-13 13:00:00,630.9691550074971
2023-10-13 14:00:00,700.8935695727444
2023-10-13 15:00:00,767.7418853365468
2023-10-13 16:00:00,606.0562956249911
2023-10-13 17:00:00,838.2925816409889
2023-10-13 18:00:00,825.2735820526549
2023-10-13 19:00:00,685.9404681820625
2023-10-13 20:00:00,616.9666890704781
2023-10-13 21:00:00,723.8558368239699
2023-10-13 22:00:00,727.3343899085743
2023-10-13 23:00:00,560.2700319464715
2023-10-14 00:00:00,534.5393964769341
2023-10-14 01:00:00,576.2263923296624
2023-10-14 02:00:00,578.791940089093
2023-10-14 03:00:00,502.76033075762336
2023-10-14 04:00:00,513.9377946745319
2023-10-14 05:00:00,482.10610261266817
2023-10-14 06:00:00,586.3625975333623
2023-10-14 07:00:00,806.6651153382757
2023-10-14 08:00:00,726.0029744855491
2023-10-14 09:00:00,551.7920438073536
2023-10-14 10:00:00,586.109843296746
2023-10-14 11:00:00,604.0480075902465
2023-10-14 12:00:00,662.040682409052
2023-10-14 13:00:00,610.6607173328688
2023-10-14 14:00:00,627.9669617587081
2023-10-14 15:00:00,574.9075308821074
2023-10-14 16:00:00,577.4796083889865
2023-10-14 17:00:00,743.229067206214
2023-10-14 18:00:00,715.8416299986735
2023-10-14 19:00:00,597.4394280927011
2023-10-14 20:00:00,612.2117952201378
2023-10-14 21:00:00,572.4052740436263
2023-10-14 22:00:00,545.9494982399289
2023-10-14 23:00:00,607.2229773074725
2023-10-15 00:00:00,509.6690918115891
2023-10-15 01:00:00,531.1295958725244
2023-10-15 02:00:00,575.4335894008126
2023-10-15 03:00:00,676.1622075028193
2023-10-15 04:00:00,485.22054200444535
2023-10-15 05:00:00,552.9930885490604
2023-10-15 06:00:00,541.6979085882358
2023-10-15 07:00:00,758.4483878169316
2023-10-15 08:00:00,751.1915191597284
2023-10-15 09:00:00,524.9738012879766
2023-10-15 10:00:00,638.3483455286135
2023-10-15 11:00:00,581.0198925180706
2023-10-15 12:00:00,677.8723026604748
2023-10-15 13:00:00,642.200117441335
2023-10-15 14:00:00,656.8973989160576
2023-10-15 15:00:00,621.3524555221511
2023-10-15 16:00:00,555.3118426315301
2023-10-15 17:00:00,756.5025562066932
2023-10-15 18:00:00,698.4379747037669
2023-10-15 19:00:00,590.6803826234666
2023-10-15 20:00:00,570.6154594448618
2023-10-15 21:00:00,569.3772475763594
2023-10-15 22:00:00,520.6064703749744
2023-10-15 23:00:00,588.5730635792
2023-10-16 00:00:00,522.5384498738492
2023-10-16 01:00:00,596.535042206542
2023-10-16 02:00:00,592.7516928557717
2023-10-16 03:00:00,498.56001173934027
2023-10-16 04:00:00,506.4635505730862
2023-10-16 05:00:00,652.4201183742274
2023-10-16 06:00:00,670.0370376770858
2023-10-16 07:00:00,898.7392594668759
2023-10-16 08:00:00,910.294924256694
2023-10-16 09:00:00,574.7661438821125
2023-10-16 10:00:00,717.2941085680136
2023-10-16 11:00:00,671.3127239711011
2023-10-16 12:00:00,618.7058494280647
2023-10-16 13:00:00,647.137768539558
2023-10-16 14:00:00,700.8437099140235
2023-10-16 15:00:00,654.7573105798965
2023-10-16 16:00:00,597.3089014034587
2023-10-16 17:00:00,807.0135584226855
2023-10-16 18:00:00,818.7058430999202
2023-10-16 19:00:00,684.1266122565277
2023-10-16 20:00:00,659.8992219056042
2023-10-16 21:00:00,649.6134231474662
2023-10-16 22:00:00,685.158558922826
2023-10-16 23:00:00,569.2243437338939
2023-10-17 00:00:00,607.8625316500547
2023-10-17 01:00:00,531.6056295073944
2023-10-17 02:00:00,532.8146008588997
2023-10-17 03:00:00,497.9556293443462
2023-10-17 04:00:00,532.8407713051032
2023-10-17 05:00:00,588.5907957720979
2023-10-17 06:00:00,651.9994948904854
2023-10-17 07:00:00,938.4122067234667
2023-10-17 08:00:00,828.2323253380225
2023-10-17 09:00:00,643.3258085064293
2023-10-17 10:00:00,626.4592550691171
2023-10-17 11:00:00,735.9246929648939
2023-10-17 12:00:00,685.2886189371578
2023-10-17 13:00:00,728.1013325573542
2023-10-17 14:00:00,646.7020660842173
2023-10-17 15:00:00,746.8467053082459
2023-10-17 16:00:00,541.4010101558044
2023-10-17 17:00:00,823.2618035658729
2023-10-17 18:00:00,810.0762148892386
2023-10-17 19:00:00,579.8286058871
2023-10-17 20:00:00,653.7811027035387
2023-10-17 21:00:00,722.2435647134785
2023-10-17 22:00:00,756.6762088928003
2023-10-17 23:00:00,553.8862314834499
2023-10-18 00:00:00,594.6672510027009
2023-10-18 01:00:00,559.2837855171415
2023-10-18 02:00:00,569.9553277907285
2023-10-18 03:00:00,536.3140539549105
2023-10-18 04:00:00,557.8030770169041
2023-10-18 05:00:00,571.4991481842571
2023-10-18 06:00:00,576.8616108449468
2023-10-18 07:00:00,896.9002280042805
2023-10-18 08:00:00,897.6627952401004
2023-10-18 09:00:00,633.056132693221
2023-10-18 10:00:00,657.3587131348928
2023-10-18 11:00:00,697.938311655694
2023-10-18 12:00:00,776.4802187621079
2023-10-18 13:00:00,746.5624061034375
2023-10-18 14:00:00,753.9671619555482
2023-10-18 15:00:00,700.9772736071213
2023-10-18 16:00:00,612.8399025474409
2023-10-18 17:00:00,890.089446668117
2023-10-18 18:00:00,912.4102211812373
2023-10-18 19:00:00,571.9358834846845
2023-10-18 20:00:00,597.3823477180061
2023-10-18 21:00:00,702.3777640561059
2023-10-18 22:00:00,638.9244257692478
2023-10-18 23:00:00,523.1311684296769
2023-10-19 00:00:00,499.83356052017587
2023-10-19 01:00:00,527.7993319382356
2023-10-19 02:00:00,493.905228663047
2023-10-19 03:00:00,633.6437709092991
2023-10-19 04:00:00,549.102557920777
2023-10-19 05:00:00,547.6819783294912
2023-10-19 06:00:00,623.5230670067133
2023-10-19 07:00:00,938.4938067706628
2023-10-19 08:00:00,937.8355262621856
2023-10-19 09:00:00,642.9448777563028
2023-10-19 10:00:00,674.7661779683657
2023-10-19 11:00:00,688.0853278017255
2023-10-19 12:00:00,730.7612662176911
2023-10-19 13:00:00,678.9044375344153
2023-10-19 14:00:00,699.795734718911
2023-10-19 15:00:00,715.9505505769926
2023-10-19 16:00:00,631.4074032924151
2023-10-19 17:00:00,778.892761505192
2023-10-19 18:00:00,878.5898259955578
2023-10-19 19:00:00,640.651037685931
2023-10-19 20:00:00,678.2983084345752
2023-10-19 21:00:00,681.0772676941931
2023-10-19 22:00:00,714.3166024447663
2023-10-19 23:00:00,604.1381459048481
2023-10-20 00:00:00,603.8628665044118
2023-10-20 01:00:00,607.7468127666496
2023-10-20 02:00:00,561.6551593926379
2023-10-20 03:00:00,551.2874034814736
2023-10-20 04:00:00,584.9126833271334
2023-10-20 05:00:00,579.2832380573209
2023-10-20 06:00:00,587.6373505304696
2023-10-20 07:00:00,916.1929363523308
2023-10-20 08:00:00,898.5961413286162
2023-10-20 09:00:00,565.8426836615978
2023-10-20 10:00:00,751.618429655054
2023-10-20 11:00:00,702.2079697012035
2023-10-20 12:00:00,781.948330307954
2023-10-20 13:00:00,634.9803091920066
2023-10-20 14:00:00,677.7288490862653
2023-10-20 15:00:00,701.3055534676348
2023-10-20 16:00:00,645.4952439051566
2023-10-20 17:00:00,865.9787749040875
2023-10-20 18:00:00,862.41891016723
2023-10-20 19:00:00,604.9094482978342
2023-10-20 20:00:00,603.7223441108212
2023-10-20 21:00:00,662.9001864115962
2023-10-20 22:00:00,595.4357602472656
2023-10-20 23:00:00,528.7248899884269
2023-10-21 00:00:00,555.0366931634343
2023-10-21 01:00:00,495.70702910892896
2023-10-21 02:00:00,599.2142384944723
2023-10-21 03:00:00,583.9574537695156
2023-10-21 04:00:00,472.143200066468
2023-10-21 05:00:00,497.7051502727205
2023-10-21 06:00:00,478.568910220202
2023-10-21 07:00:00,748.6963454980747
2023-10-21 08:00:00,810.655539062896
2023-10-21 09:00:00,553.4442023090057
2023-10-21 10:00:00,658.4318897446387
2023-10-21 11:00:00,579.1066272687302
2023-10-21 12:00:00,671.9190101832762
2023-10-21 13:00:00,617.795630882866
2023-10-21 14:00:00,640.4867872913162
2023-10-21 15:00:00,636.2850199442779
2023-10-21 16:00:00,519.1380591643086
2023-10-21 17:00:00,698.8766267304087
2023-10-21 18:00:00,783.711778760137
2023-10-21 19:00:00,620.9596863000678
2023-10-21 20:00:00,647.0019616621371
2023-10-21 21:00:00,617.9863294201008
2023-10-21 22:00:00,610.7196253923687
2023-10-21 23:00:00,465.9595752533293
2023-10-22 00:00:00,524.1853321295532
2023-10-22 01:00:00,533.9046271838503
2023-10-22 02:00:00,613.1242879309029
2023-10-22 03:00:00,562.478265283947
2023-10-22 04:00:00,596.4424472683811
2023-10-22 05:00:00,558.9015082357892
2023-10-22 06:00:00,541.5478709220208
2023-10-22 07:00:00,784.6849686459941
2023-10-22 08:00:00,789.4489458505693
2023-10-22 09:00:00,532.4337772091727
2023-10-22 10:00:00,624.6245049362832
2023-10-22 11:00:00,631.7693202529131
2023-10-22 12:00:00,704.2247933026047
2023-10-22 13:00:00,556.7703789843608
2023-10-22 14:00:00,688.2327368286417
2023-10-22 15:00:00,602.5281906016247
2023-10-22 16:00:00,515.1168325092154
2023-10-22 17:00:00,792.1976852015385
2023-10-22 18:00:00,774.2759227693753
2023-10-22 19:00:00,655.1807480952476
2023-10-22 20:00:00,637.028077901823
2023-10-22 21:00:00,687.3938000694961
2023-10-22 22:00:00,627.3489534777794
2023-10-22 23:00:00,528.7409049550737
2023-10-23 00:00:00,563.7170550928537
2023-10-23 01:00:00,599.7387651338386
2023-10-23 02:00:00,518.8249869895953
2023-10-23 03:00:00,523.9244566987447
2023-10-23 04:00:00,537.6415994160837
2023-10-23 05:00:00,465.8166880493867
2023-10-23 06:00:00,605.5231363367019
2023-10-23 07:00:00,824.5548518419589
2023-10-23 08:00:00,902.1223725173047
2023-10-23 09:00:00,634.61159024541
2023-10-23 10:00:00,680.9249415742465
2023-10-23 11:00:00,767.0846348074748
2023-10-23 12:00:00,641.5799640232605
2023-10-23 13:00:00,747.6504272652733
2023-10-23 14:00:00,727.0054822562769
2023-10-23 15:00:00,631.3586700675725
2023-10-23 16:00:00,708.4317719616213
2023-10-23 17:00:00,847.4501885798413
2023-10-23 18:00:00,814.9006391137748
2023-10-23 19:00:00,593.7165122086393
2023-10-23 20:00:00,641.199278893613
2023-10-23 21:00:00,644.9037251044016
2023-10-23 22:00:00,654.1058211415866
2023-10-23 23:00:00,538.0881537510415
2023-10-24 00:00:00,575.3290124046038
2023-10-24 01:00:00,534.4948066934702
2023-10-24 02:00:00,472.60143531038113
2023-10-24 03:00:00,544.0255401740144
2023-10-24 04:00:00,455.3008938650689
2023-10-24 05:00:00,564.1508252356556
2023-10-24 06:00:00,560.8279907886946
2023-10-24 07:00:00,906.534414196632
2023-10-24 08:00:00,952.5629992609842
2023-10-24 09:00:00,562.05005218928
2023-10-24 10:00:00,742.4502503404847
2023-10-24 11:00:00,682.6644173325539
2023-10-24 12:00:00,770.1277920826234
2023-10-24 13:00:00,685.3938954720714
2023-10-24 14:00:00,666.3802805797324
2023-10-24 15:00:00,727.4895380158115
2023-10-24 16:00:00,582.5684108150546
2023-10-24 17:00:00,816.3420194348397
2023-10-24 18:00:00,830.8864059718484
2023-10-24 19:00:00,648.2157387126799
2023-10-24 20:00:00,703.6872052497941
2023-10-24 21:00:00,572.6364901816169
2023-10-24 22:00:00,650.9232263580168
2023-10-24 23:00:00,574.9961437861617
2023-10-25 00:00:00,557.7379429996719
2023-10-25 01:00:00,602.3946067773413
2023-10-25 02:00:00,547.0261868096591
2023-10-25 03:00:00,542.6179423125621
2023-10-25 04:00:00,573.6931818805338
2023-10-25 05:00:00,553.972552598054
2023-10-25 06:00:00,584.3836504687812
2023-10-25 07:00:00,920.6457615834552
2023-10-25 08:00:00,873.8988682713342
2023-10-25 09:00:00,575.552913919227
2023-10-25 10:00:00,678.8802391293755
2023-10-25 11:00:00,754.1227664066563
2023-10-25 12:00:00,571.1593457605715
2023-10-25 13:00:00,715.8239533905177
2023-10-25 14:00:00,701.3708725680088
2023-10-25 15:00:00,632.7651816304751
2023-10-25 16:00:00,612.3890711654401
2023-10-25 17:00:00,869.0300796732613
2023-10-25 18:00:00,873.585569254296
2023-10-25 19:00:00,543.9268774782021
2023-10-25 20:00:00,704.6555764741776
2023-10-25 21:00:00,620.4905318126064
2023-10-25 22:00:00,677.462709870127
2023-10-25 23:00:00,579.6429512272914
2023-10-26 00:00:00,514.9321165752283
2023-10-26 01:00:00,576.418398094062
2023-10-26 02:00:00,534.5802703635056
2023-10-26 03:00:00,467.1449128264737
2023-10-26 04:00:00,596.7096770211111
2023-10-26 05:00:00,518.9982014793504
2023-10-26 06:00:00,565.8202614904778
2023-10-26 07:00:00,883.8773652785311
2023-10-26 08:00:00,910.8894690130955
2023-10-26 09:00:00,597.7091835671159
2023-10-26 10:00:00,721.9226769882869
2023-10-26 11:00:00,646.4204253388536
2023-10-26 12:00:00,670.3045451827707
2023-10-26 13:00:00,695.3601171071386
2023-10-26 14:00:00,775.9154917063482
2023-10-26 15:00:00,695.4474984634497
2023-10-26 16:00:00,643.4088905464653
2023-10-26 17:00:00,851.5422067513728
2023-10-26 18:00:00,830.6536545024973
2023-10-26 19:00:00,640.1310230354223
2023-10-26 20:00:00,643.2632115188447
2023-10-26 21:00:00,674.1458295584296
2023-10-26 22:00:00,704.9844507030622
2023-10-26 23:00:00,564.3872339074528
2023-10-27 00:00:00,597.4831071496702
2023-10-27 01:00:00,511.4084104948126
2023-10-27 02:00:00,533.4147796474388
2023-10-27 03:00:00,521.0278986316933
2023-10-27 04:00:00,562.5777836349941
2023-10-27 05:00:00,535.6416645928234
2023-10-27 06:00:00,629.1909174813678
2023-10-27 07:00:00,862.7599315347023
2023-10-27 08:00:00,901.7212389328513
2023-10-27 09:00:00,627.4743164404903
2023-10-27 10:00:00,617.3878889983756
2023-10-27 11:00:00,784.8652522932082
2023-10-27 12:00:00,688.6739246048049
2023-10-27 13:00:00,618.9984034529531
2023-10-27 14:00:00,706.3237559430714
2023-10-27 15:00:00,701.3377387189261
2023-10-27 16:00:00,596.7242248171003
2023-10-27 17:00:00,889.6476445170666
2023-10-27 18:00:00,879.8977988570822
2023-10-27 19:00:00,661.9150476409538
2023-10-27 20:00:00,668.0062253578659
2023-10-27 21:00:00,645.8256620224765
2023-10-27 22:00:00,721.019633969602
2023-10-27 23:00:00,490.8321592656893
2023-10-28 00:00:00,540.5860669686359
2023-10-28 01:00:00,537.6009852475512
2023-10-28 02:00:00,567.5312162425837
2023-10-28 03:00:00,501.245844903004
2023-10-28 04:00:00,465.25309590413855
2023-10-28 05:00:00,541.2729206439277
2023-10-28 06:00:00,581.2492196887441
2023-10-28 07:00:00,839.583976377906
2023-10-28 08:00:00,729.1855181469965
2023-10-28 09:00:00,616.1877506686689
2023-10-28 10:00:00,734.6965745610848
2023-10-28 11:00:00,624.8894044991009
2023-10-28 12:00:00,588.3623112202711
2023-10-28 13:00:00,623.7210253450652
2023-10-28 14:00:00,640.5601986948552
2023-10-28 15:00:00,662.5515150002766
2023-10-28 16:00:00,546.3442108064781
2023-10-28 17:00:00,807.2079413658937
2023-10-28 18:00:00,700.4187073996775
2023-10-28 19:00:00,535.431793913088
2023-10-28 20:00:00,649.2684169714927
2023-10-28 21:00:00,514.015158751752
2023-10-28 22:00:00,596.8348092450914
2023-10-28 23:00:00,659.707245168322
2023-10-29 00:00:00,534.5182578816027
2023-10-29 01:00:00,490.16929397215
2023-10-29 02:00:00,532.7041014485283
2023-10-29 03:00:00,532.9679684552186
2023-10-29 04:00:00,541.4259976141246
2023-10-29 05:00:00,561.4905192863848
2023-10-29 06:00:00,528.4355532652904
2023-10-29 07:00:00,847.5019222094718
2023-10-29 08:00:00,789.8045713749048
2023-10-29 09:00:00,599.0717618560722
2023-10-29 10:00:00,614.8740240097743
2023-10-29 11:00:00,691.4552854798213
2023-10-29 12:00:00,629.7179036474774
2023-10-29 13:00:00,651.1021005397413
2023-10-29 14:00:00,602.6757569125157
2023-10-29 15:00:00,600.1227349439149
2023-10-29 16:00:00,597.5282122581153
2023-10-29 17:00:00,727.2557267917045
2023-10-29 18:00:00,710.8470764998249
2023-10-29 19:00:00,579.2726663189188
2023-10-29 20:00:00,632.9581228686968
2023-10-29 21:00:00,579.8384855518556
2023-10-29 22:00:00,600.2938027359135
2023-10-29 23:00:00,535.6011100114839
2023-10-30 00:00:00,473.30604455958803
2023-10-30 01:00:00,491.1549437850593
2023-10-30 02:00:00,563.4511155699025
2023-10-30 03:00:00,520.5188255538922
2023-10-30 04:00:00,592.2689964512167
2023-10-30 05:00:00,588.6722841700217
2023-10-30 06:00:00,628.7667466542175
2023-10-30 07:00:00,972.7908714925039
2023-10-30 08:00:00,896.6764268902726
2023-10-30 09:00:00,625.9552770361536
2023-10-30 10:00:00,676.6239609361587
2023-10-30 11:00:00,798.094796514749
2023-10-30 12:00:00,779.3453460974408
2023-10-30 13:00:00,700.4752173807117
2023-10-30 14:00:00,715.4634491962076
2023-10-30 15:00:00,754.3719039745922
2023-10-30 16:00:00,594.1144198074358
2023-10-30 17:00:00,823.7350371680118
2023-10-30 18:00:00,884.9595900402753
2023-10-30 19:00:00,653.1375698433468
2023-10-30 20:00:00,657.3197779858104
2023-10-30 21:00:00,616.6291462772814
2023-10-30 22:00:00,581.2931140654641
2023-10-30 23:00:00,559.4456963951641
2023-10-31 00:00:00,586.198481659768
2023-10-31 01:00:00,540.9677300369583
2023-10-31 02:00:00,607.4571807823547
2023-10-31 03:00:00,521.8433469833782
2023-10-31 04:00:00,507.8118218013632
2023-10-31 05:00:00,547.3107877121547
2023-10-31 06:00:00,596.6962969859484
2023-10-31 07:00:00,930.7987492534089
2023-10-31 08:00:00,869.0014870374406
2023-10-31 09:00:00,654.7237694725959
2023-10-31 10:00:00,778.6766785003301
2023-10-31 11:00:00,698.4342389212663
2023-10-31 12:00:00,749.9884168073727
2023-10-31 13:00:00,657.7401171749896
2023-10-31 14:00:00,743.0088616472766
2023-10-31 15:00:00,741.8910563423785
2023-10-31 16:00:00,634.5374912075952
2023-10-31 17:00:00,849.3774764451882
2023-10-31 18:00:00,731.8300423503188
2023-10-31 19:00:00,624.3309142539148
2023-10-31 20:00:00,624.9633592926159
2023-10-31 21:00:00,610.869802477581
2023-10-31 22:00:00,654.8897201818827
2023-10-31 23:00:00,533.2414621791506
2023-11-01 00:00:00,517.0155196093991
2023-11-01 01:00:00,507.6479940700872
2023-11-01 02:00:00,521.3794805805909
2023-11-01 03:00:00,594.8599684739971
2023-11-01 04:00:00,523.5589978149002
2023-11-01 05:00:00,529.4024517426691
2023-11-01 06:00:00,581.7320953990702
2023-11-01 07:00:00,913.5597405523768
2023-11-01 08:00:00,918.2499795411413
2023-11-01 09:00:00,478.2137384302735
2023-11-01 10:00:00,740.8654085531043
2023-11-01 11:00:00,757.4547213697501
2023-11-01 12:00:00,657.9925385055333
2023-11-01 13:00:00,661.1080702106066
2023-11-01 14:00:00,681.9898644888691
2023-11-01 15:00:00,669.7598392217358
2023-11-01 16:00:00,608.9570749578643
2023-11-01 17:00:00,772.1389885456455
2023-11-01 18:00:00,805.2828956785304
2023-11-01 19:00:00,711.5678880069963
2023-11-01 20:00:00,612.8712013060792
2023-11-01 21:00:00,699.737131124117
2023-11-01 22:00:00,664.2135278236054
2023-11-01 23:00:00,477.62929141646964
2023-11-02 00:00:00,575.4131678086483
2023-11-02 01:00:00,545.2933079122859
2023-11-02 02:00:00,531.7813177500104
2023-11-02 03:00:00,559.7982837268802
2023-11-02 04:00:00,568.9853394226717
2023-11-02 05:00:00,578.3036728789848
2023-11-02 06:00:00,647.1301139019201
2023-11-02 07:00:00,916.3254365111343
2023-11-02 08:00:00,844.9746364485455
2023-11-02 09:00:00,581.0541816939524
2023-11-02 10:00:00,817.7219334107449
2023-11-02 11:00:00,728.9796424152692
2023-11-02 12:00:00,794.7714920324598
2023-11-02 13:00:00,755.8173632879674
2023-11-02 14:00:00,709.6720828622299
2023-11-02 15:00:00,712.0562827912447
2023-11-02 16:00:00,598.5367984049261
2023-11-02 17:00:00,780.48781536614
2023-11-02 18:00:00,850.721890098729
2023-11-02 19:00:00,698.4269821016878
2023-11-02 20:00:00,626.0144002071519
2023-11-02 21:00:00,666.4781199624724
2023-11-02 22:00:00,684.0636418357279
2023-11-02 23:00:00,513.612782427501
2023-11-03 00:00:00,531.9478854262534
2023-11-03 01:00:00,509.2835403809136
2023-11-03 02:00:00,517.1133757324237
2023-11-03 03:00:00,498.4957886538775
2023-11-03 04:00:00,513.9820615448789
2023-11-03 05:00:00,606.7782272319135
2023-11-03 06:00:00,563.3809188363883
2023-11-03 07:00:00,905.0583687624276
2023-11-03 08:00:00,879.8852498531618
2023-11-03 09:00:00,647.1546374814776
2023-11-03 10:00:00,752.4464918641447
2023-11-03 11:00:00,734.5627992855578
2023-11-03 12:00:00,712.2453821241102
2023-11-03 13:00:00,690.757618526364
2023-11-03 14:00:00,652.32501183235
2023-11-03 15:00:00,777.7411552448879
2023-11-03 16:00:00,569.6130792898979
2023-11-03 17:00:00,876.5458538813136
2023-11-03 18:00:00,892.3826229049359
2023-11-03 19:00:00,627.7887801237869
2023-11-03 20:00:00,691.5205010926385
2023-11-03 21:00:00,680.5685281335542
2023-11-03 22:00:00,719.1185534152706
2023-11-03 23:00:00,531.2261413429316
2023-11-04 00:00:00,483.5654393088114
2023-11-04 01:00:00,514.7804097822195
2023-11-04 02:00:00,543.3541417013732
2023-11-04 03:00:00,537.3285090834023
2023-11-04 04:00:00,519.262484149018
2023-11-04 05:00:00,458.63210164091026
2023-11-04 06:00:00,588.8193198451643
2023-11-04 07:00:00,858.893779163288
2023-11-04 08:00:00,798.5700495249201
2023-11-04 09:00:00,594.3654207621405
2023-11-04 10:00:00,662.8978122462041
2023-11-04 11:00:00,655.881866795296
2023-11-04 12:00:00,677.2666386747238
2023-11-04 13:00:00,655.8149472474266
2023-11-04 14:00:00,627.492913213869
2023-11-04 15:00:00,608.1604435996499
2023-11-04 16:00:00,560.041053788773
2023-11-04 17:00:00,757.5651798580267
2023-11-04 18:00:00,732.3566815550811
2023-11-04 19:00:00,617.5735473252572
2023-11-04 20:00:00,622.5660053480167
2023-11-04 21:00:00,638.3271772508073
2023-11-04 22:00:00,656.3117987535592
2023-11-04 23:00:00,538.1202967391544
2023-11-05 00:00:00,482.68893739409356
2023-11-05 01:00:00,521.1958361272324
2023-11-05 02:00:00,536.7625026962639
2023-11-05 03:00:00,461.5692497529164
2023-11-05 04:00:00,590.5465808040993
2023-11-05 05:00:00,540.6951165004186
2023-11-05 06:00:00,585.2541133832113
2023-11-05 07:00:00,834.6210585010506
2023-11-05 08:00:00,754.7942867943061
2023-11-05 09:00:00,592.9616772353612
2023-11-05 10:00:00,635.6054350759226
2023-11-05 11:00:00,632.6365253193633
2023-11-05 12:00:00,609.1123044878249
2023-11-05 13:00:00,706.624128547461
2023-11-05 14:00:00,624.9799983969772
2023-11-05 15:00:00,667.978569875828
2023-11-05 16:00:00,494.99970450112255
2023-11-05 17:00:00,792.1995411875914
2023-11-05 18:00:00,787.0884462382824
2023-11-05 19:00:00,608.8973644118921
2023-11-05 20:00:00,595.922301354483
2023-11-05 21:00:00,621.0000002245426
2023-11-05 22:00:00,696.5516264352116
2023-11-05 23:00:00,464.4705320438606
2023-11-06 00:00:00,581.2810955029651
2023-11-06 01:00:00,513.5353079138439
2023-11-06 02:00:00,549.2032641480107
2023-11-06 03:00:00,540.0847952368534
2023-11-06 04:00:00,532.8672696880898
2023-11-06 05:00:00,549.5813948378908
2023-11-06 06:00:00,554.6331541888884
2023-11-06 07:00:00,941.1672174451187
2023-11-06 08:00:00,828.234259552056
2023-11-06 09:00:00,621.5905805131337
2023-11-06 10:00:00,686.9385658986172
2023-11-06 11:00:00,653.1630042477018
2023-11-06 12:00:00,708.0953348239478
2023-11-06 13:00:00,637.7219565317408
2023-11-06 14:00:00,701.5885528687854
2023-11-06 15:00:00,643.0849236875379
2023-11-06 16:00:00,618.4508833727133
2023-11-06 17:00:00,813.0257066547849
2023-11-06 18:00:00,831.9602393188276
2023-11-06 19:00:00,661.7579755177264
2023-11-06 20:00:00,619.0983155263106
2023-11-06 21:00:00,647.6814400132679
2023-11-06 22:00:00,589.4467799502058
2023-11-06 23:00:00,575.2350241438462
2023-11-07 00:00:00,620.5965522220308
2023-11-07 01:00:00,661.6883547163984
2023-11-07 02:00:00,553.6467258666576
2023-11-07 03:00:00,581.5281656318874
2023-11-07 04:00:00,478.77497308370044
2023-11-07 05:00:00,610.1093730522235
2023-11-07 06:00:00,631.0491401889642
2023-11-07 07:00:00,880.6426622019507
2023-11-07 08:00:00,949.4872320115603
2023-11-07 09:00:00,589.8209569341864
2023-11-07 10:00:00,681.6789926794178
2023-11-07 11:00:00,719.0133970170997
2023-11-07 12:00:00,657.4658200067872
2023-11-07 13:00:00,740.8649905759979
2023-11-07 14:00:00,657.7604075229262
2023-11-07 15:00:00,657.9978084070725
2023-11-07 16:00:00,563.6124084636666
2023-11-07 17:00:00,880.3800015006449
2023-11-07 18:00:00,825.3289855392117
2023-11-07 19:00:00,596.0801686253133
2023-11-07 20:00:00,625.772800002568
2023-11-07 21:00:00,648.7183051727806
2023-11-07 22:00:00,602.7611006534246
2023-11-07 23:00:00,503.93275563862625
2023-11-08 00:00:00,634.4518533639833
2023-11-08 01:00:00,515.5773838474445
2023-11-08 02:00:00,537.0783052490797
2023-11-08 03:00:00,535.3105199680285
2023-11-08 04:00:00,533.1457276891823
2023-11-08 05:00:00,574.853869598764
2023-11-08 06:00:00,637.925718018882
2023-11-08 07:00:00,887.7618227387363
2023-11-08 08:00:00,850.540868536306
2023-11-08 09:00:00,650.9776091139561
2023-11-08 10:00:00,696.1863563521327
2023-11-08 11:00:00,769.2128725942868
2023-11-08 12:00:00,610.1765640973935
2023-11-08 13:00:00,707.8161288513328
2023-11-08 14:00:00,776.7442533550483
2023-11-08 15:00:00,685.8694345824737
2023-11-08 16:00:00,590.9802630666146
2023-11-08 17:00:00,861.8204676636135
2023-11-08 18:00:00,827.6481672446017
2023-11-08 19:00:00,637.5171227178907
2023-11-08 20:00:00,636.4873962323438
2023-11-08 21:00:00,624.903170622945
2023-11-08 22:00:00,699.1542620080223
2023-11-08 23:00:00,568.4431212918574
2023-11-09 00:00:00,560.025129284132
2023-11-09 01:00:00,582.3428402756047
2023-11-09 02:00:00,539.4257666718613
2023-11-09 03:00:00,519.0318472658839
2023-11-09 04:00:00,525.8950278154177
2023-11-09 05:00:00,550.0713216441843
2023-11-09 06:00:00,557.6315316650839
2023-11-09 07:00:00,879.9895593365329
2023-11-09 08:00:00,879.3553343251426
2023-11-09 09:00:00,684.9822491931606
2023-11-09 10:00:00,589.0474024026433
2023-11-09 11:00:00,692.8152111437747
2023-11-09 12:00:00,769.0277517125908
2023-11-09 13:00:00,704.8737785652982
2023-11-09 14:00:00,730.1366989368437
2023-11-09 15:00:00,703.9930526039907
2023-11-09 16:00:00,573.3066647513408
2023-11-09 17:00:00,760.3233626196435
2023-11-09 18:00:00,858.2182274814521
2023-11-09 19:00:00,618.9757358159044
2023-11-09 20:00:00,617.9865837533879
2023-11-09 21:00:00,630.0405097608356
2023-11-09 22:00:00,719.7944562649398
2023-11-09 23:00:00,646.1935016901589
2023-11-10 00:00:00,558.688317501136
2023-11-10 01:00:00,531.4093110435309
2023-11-10 02:00:00,502.9109433019516
2023-11-10 03:00:00,568.7416064618428
2023-11-10 04:00:00,621.3162240026057
2023-11-10 05:00:00,540.1063845189938
2023-11-10 06:00:00,504.840158369871
2023-11-10 07:00:00,926.801986872621
2023-11-10 08:00:00,939.415988458002
2023-11-10 09:00:00,536.5661743845661
2023-11-10 10:00:00,707.0593673465181
2023-11-10 11:00:00,718.0490406454439
2023-11-10 12:00:00,697.0757079196425
2023-11-10 13:00:00,668.3691632365859
2023-11-10 14:00:00,740.6374889425423
2023-11-10 15:00:00,683.8648101612526
2023-11-10 16:00:00,540.5925534920027
2023-11-10 17:00:00,768.0210205732128
2023-11-10 18:00:00,900.4339807999723
2023-11-10 19:00:00,674.6665590588448
2023-11-10 20:00:00,653.5189418851668
2023-11-10 21:00:00,632.3890145259678
2023-11-10 22:00:00,628.8400634318749
2023-11-10 23:00:00,506.97053406233556
2023-11-11 00:00:00,517.7417742176046
2023-11-11 01:00:00,450.19651139519306
2023-11-11 02:00:00,505.55745386125943
2023-11-11 03:00:00,522.5624993459562
2023-11-11 04:00:00,559.3952018876167
2023-11-11 05:00:00,533.4029414650654
2023-11-11 06:00:00,601.7969245550223
2023-11-11 07:00:00,833.9654042045372
2023-11-11 08:00:00,822.3268037529641
2023-11-11 09:00:00,588.8203938951423
2023-11-11 10:00:00,640.4745071672314
2023-11-11 11:00:00,600.7684796634576
2023-11-11 12:00:00,669.5977620551727
2023-11-11 13:00:00,707.1898952888612
2023-11-11 14:00:00,653.6842415860167
2023-11-11 15:00:00,716.6903659370449
2023-11-11 16:00:00,508.97713167755666
2023-11-11 17:00:00,698.8334646088183
2023-11-11 18:00:00,779.2080603099305
2023-11-11 19:00:00,615.57160840613
2023-11-11 20:00:00,657.5512870628723
2023-11-11 21:00:00,604.3811343709305
2023-11-11 22:00:00,570.2809830988667
2023-11-11 23:00:00,526.4562703117983
2023-11-12 00:00:00,473.69264116305067
2023-11-12 01:00:00,489.85637307611864
2023-11-12 02:00:00,573.8977599167204
2023-11-12 03:00:00,569.9114965787844
2023-11-12 04:00:00,549.5201713922431
2023-11-12 05:00:00,466.15689916158124
2023-11-12 06:00:00,555.6638569794844
2023-11-12 07:00:00,731.000004453598
2023-11-12 08:00:00,827.0613301515106
2023-11-12 09:00:00,546.6511146574959
2023-11-12 10:00:00,596.570091568738
2023-11-12 11:00:00,641.191846604857
2023-11-12 12:00:00,614.3938217266156
2023-11-12 13:00:00,699.3497564081483
2023-11-12 14:00:00,610.6075640986323
2023-11-12 15:00:00,584.0308696310148
2023-11-12 16:00:00,483.8834593696994
2023-11-12 17:00:00,743.7685399034634
2023-11-12 18:00:00,722.522795445683
2023-11-12 19:00:00,547.8438157395309
2023-11-12 20:00:00,652.5690584502314
2023-11-12 21:00:00,631.6898058971697
2023-11-12 22:00:00,603.8712848425108
2023-11-12 23:00:00,589.5730497668346
2023-11-13 00:00:00,576.5014413359445
2023-11-13 01:00:00,517.0857639392627
2023-11-13 02:00:00,508.4311934403694
2023-11-13 03:00:00,582.7192617781544
2023-11-13 04:00:00,565.8546782586941
2023-11-13 05:00:00,556.7899107188265
2023-11-13 06:00:00,566.1400878852437
2023-11-13 07:00:00,924.3179026802302
2023-11-13 08:00:00,869.780044674642
2023-11-13 09:00:00,595.9205338162528
2023-11-13 10:00:00,757.8777658554792
2023-11-13 11:00:00,673.5666305675942
2023-11-13 12:00:00,637.0804297170855
2023-11-13 13:00:00,657.8981123251956
2023-11-13 14:00:00,739.7719530675049
2023-11-13 15:00:00,710.1892454952084
2023-11-13 16:00:00,594.8449048524499
2023-11-13 17:00:00,829.6362477875372
2023-11-13 18:00:00,869.4143963021276
2023-11-13 19:00:00,616.035805960391
2023-11-13 20:00:00,662.2266227457038
2023-11-13 21:00:00,620.7498172474817
2023-11-13 22:00:00,614.0936245889978
2023-11-13 23:00:00,524.5005026069996
2023-11-14 00:00:00,534.9837021406415
2023-11-14 01:00:00,548.0468065626519
2023-11-14 02:00:00,559.4182318044445
2023-11-14 03:00:00,402.46538834286224
2023-11-14 04:00:00,517.6939776901294
2023-11-14 05:00:00,534.3372009057584
2023-11-14 06:00:00,660.2024815443332
2023-11-14 07:00:00,856.7998956647148
2023-11-14 08:00:00,906.5118647239965
2023-11-14 09:00:00,659.8012123894335
2023-11-14 10:00:00,647.4812588021091
2023-11-14 11:00:00,715.7590090345761
2023-11-14 12:00:00,667.9091266426192
2023-11-14 13:00:00,679.8146503084306
2023-11-14 14:00:00,667.8755666418674
2023-11-14 15:00:00,670.7257076633646
2023-11-14 16:00:00,708.8764859162598
2023-11-14 17:00:00,883.7782348828666
2023-11-14 18:00:00,894.0695144714483
2023-11-14 19:00:00,669.6797394734599
2023-11-14 20:00:00,585.7497284639217
2023-11-14 21:00:00,665.7983188129323
2023-11-14 22:00:00,692.9171845802939
2023-11-14 23:00:00,515.8640210384356
2023-11-15 00:00:00,588.6130666864451
2023-11-15 01:00:00,578.1734483941632
2023-11-15 02:00:00,624.0816017925468
2023-11-15 03:00:00,533.2886794994553
2023-11-15 04:00:00,506.09556070897094
2023-11-15 05:00:00,535.5348756250982
2023-11-15 06:00:00,657.4228397265449
2023-11-15 07:00:00,826.8637647663215
2023-11-15 08:00:00,817.2649713827587
2023-11-15 09:00:00,603.5758111572645
2023-11-15 10:00:00,682.2964282890338
2023-11-15 11:00:00,700.3091157270273
2023-11-15 12:00:00,737.8124708494346
2023-11-15 13:00:00,677.8972261552459
2023-11-15 14:00:00,625.0797667627752
2023-11-15 15:00:00,781.7792622879978
2023-11-15 16:00:00,560.110868502449
2023-11-15 17:00:00,807.6385151195161
2023-11-15 18:00:00,894.1488005489039
2023-11-15 19:00:00,634.6204351583393
2023-11-15 20:00:00,647.4644059186076
2023-11-15 21:00:00,669.3116049624127
2023-11-15 22:00:00,693.3433241243998
2023-11-15 23:00:00,536.6615722727291
2023-11-16 00:00:00,610.798080236572
2023-11-16 01:00:00,464.5680060506078
2023-11-16 02:00:00,580.391489478123
2023-11-16 03:00:00,516.4188976792937
2023-11-16 04:00:00,604.8908526643197
2023-11-16 05:00:00,555.6817791532218
2023-11-16 06:00:00,573.083786719624
2023-11-16 07:00:00,926.5136437208653
2023-11-16 08:00:00,935.72753388829
2023-11-16 09:00:00,625.6757649143456
2023-11-16 10:00:00,658.8121504146776
2023-11-16 11:00:00,680.6393150551166
2023-11-16 12:00:00,699.8370865151426
2023-11-16 13:00:00,698.3496138939976
2023-11-16 14:00:00,729.9898190175339
2023-11-16 15:00:00,619.4039506997357
2023-11-16 16:00:00,613.3730821821401
2023-11-16 17:00:00,838.4007458225344
2023-11-16 18:00:00,816.4599753446419
2023-11-16 19:00:00,620.300528889216
2023-11-16 20:00:00,641.4184934192815
2023-11-16 21:00:00,505.9565958216193
2023-11-16 22:00:00,621.948417168338
2023-11-16 23:00:00,514.9674070141483
2023-11-17 00:00:00,571.311328372905
2023-11-17 01:00:00,517.7789326995792
2023-11-17 02:00:00,541.3954479931804
2023-11-17 03:00:00,611.6910651064521
2023-11-17 04:00:00,589.774060792617
2023-11-17 05:00:00,586.0908559977381
2023-11-17 06:00:00,580.0051027835659
2023-11-17 07:00:00,921.7212911715861
2023-11-17 08:00:00,890.6440879818563
2023-11-17 09:00:00,592.1562715729225
2023-11-17 10:00:00,716.3874137498619
2023-11-17 11:00:00,676.1202564631627
2023-11-17 12:00:00,759.7201241777282
2023-11-17 13:00:00,693.5947944160826
2023-11-17 14:00:00,724.7344226503866
2023-11-17 15:00:00,758.224019170292
2023-11-17 16:00:00,641.266150983007
2023-11-17 17:00:00,793.643235892379
2023-11-17 18:00:00,867.7958358003954
2023-11-17 19:00:00,684.0287757784258
2023-11-17 20:00:00,685.67452088643
2023-11-17 21:00:00,605.4682066354147
2023-11-17 22:00:00,623.7185905193071
2023-11-17 23:00:00,589.7823294296649
2023-11-18 00:00:00,504.52958517269417
2023-11-18 01:00:00,523.0121577334274
2023-11-18 02:00:00,598.0350323800787
2023-11-18 03:00:00,533.0880299846084
2023-11-18 04:00:00,505.9290344866463
2023-11-18 05:00:00,499.8953057254838
2023-11-18 06:00:00,583.3087731834075
2023-11-18 07:00:00,726.6740796609116
2023-11-18 08:00:00,770.1065614441433
2023-11-18 09:00:00,583.3292213996009
2023-11-18 10:00:00,691.9659928219066
2023-11-18 11:00:00,666.7019232147999
2023-11-18 12:00:00,611.4373952807128
2023-11-18 13:00:00,687.1367727025488
2023-11-18 14:00:00,628.0193984981009
2023-11-18 15:00:00,590.5718791180236
2023-11-18 16:00:00,563.1183456293811
2023-11-18 17:00:00,802.526768045828
2023-11-18 18:00:00,751.6096020025971
2023-11-18 19:00:00,605.5008745731915
2023-11-18 20:00:00,670.4884657881141
2023-11-18 21:00:00,547.7458061178229
2023-11-18 22:00:00,553.5760354378891
2023-11-18 23:00:00,470.3661411613267
2023-11-19 00:00:00,549.9059274592022
2023-11-19 01:00:00,541.6597250846049
2023-11-19 02:00:00,596.709454691191
2023-11-19 03:00:00,544.7390030854708
2023-11-19 04:00:00,518.8337136208279
2023-11-19 05:00:00,535.0717949151243
2023-11-19 06:00:00,574.7082967384383
2023-11-19 07:00:00,713.1295490668733
2023-11-19 08:00:00,888.4132657733958
2023-11-19 09:00:00,590.7948407240765
2023-11-19 10:00:00,648.4003323209035
2023-11-19 11:00:00,664.6065593711432
2023-11-19 12:00:00,668.3764392234642
2023-11-19 13:00:00,634.3778605799027
2023-11-19 14:00:00,614.750354550372
2023-11-19 15:00:00,663.9780274528681
2023-11-19 16:00:00,585.4284336212581
2023-11-19 17:00:00,712.6043960364236
2023-11-19 18:00:00,801.7614244546905
2023-11-19 19:00:00,616.7340814529193
2023-11-19 20:00:00,634.1927744907052
2023-11-19 21:00:00,660.6768355071968
2023-11-19 22:00:00,605.8755528465933
2023-11-19 23:00:00,547.6780802793646
2023-11-20 00:00:00,582.4010895402447
2023-11-20 01:00:00,521.0055566479979
2023-11-20 02:00:00,552.16206651384
2023-11-20 03:00:00,555.021943466046
2023-11-20 04:00:00,511.75765793266424
2023-11-20 05:00:00,642.7054715469551
2023-11-20 06:00:00,543.7082622603039
2023-11-20 07:00:00,848.0758438525137
2023-11-20 08:00:00,952.5690630281432
2023-11-20 09:00:00,628.5306500318617
2023-11-20 10:00:00,658.9614073007689
2023-11-20 11:00:00,724.2915606040677
2023-11-20 12:00:00,758.7140177998924
2023-11-20 13:00:00,698.7894776961206
2023-11-20 14:00:00,803.9529160029833
2023-11-20 15:00:00,631.0375275652785
2023-11-20 16:00:00,627.7529381543641
2023-11-20 17:00:00,896.6611334488401
2023-11-20 18:00:00,885.6537560642099
2023-11-20 19:00:00,641.8257709341741
2023-11-20 20:00:00,638.382340719554
2023-11-20 21:00:00,667.7658068434903
2023-11-20 22:00:00,682.6301794660828
2023-11-20 23:00:00,574.0989374512945
2023-11-21 00:00:00,591.6023156317356
2023-11-21 01:00:00,509.2452017173306
2023-11-21 02:00:00,540.8891608350547
2023-11-21 03:00:00,512.3993627150498
2023-11-21 04:00:00,534.5554889565543
2023-11-21 05:00:00,590.6088356725722
2023-11-21 06:00:00,604.3193568290092
2023-11-21 07:00:00,1004.2743665259908
2023-11-21 08:00:00,907.7362546875887
2023-11-21 09:00:00,602.3876752231895
2023-11-21 10:00:00,704.2473167776086
2023-11-21 11:00:00,674.4876522856025
2023-11-21 12:00:00,697.6865355048963
2023-11-21 13:00:00,745.1115210844658
2023-11-21 14:00:00,704.5588267251109
2023-11-21 15:00:00,668.2616108046611
2023-11-21 16:00:00,562.9966151808546
2023-11-21 17:00:00,831.9919243333662
2023-11-21 18:00:00,852.9545373764353
2023-11-21 19:00:00,697.7434614190505
2023-11-21 20:00:00,596.3804543453425
2023-11-21 21:00:00,637.2069488844497
2023-11-21 22:00:00,655.7724007774032
2023-11-21 23:00:00,476.6517692948226
2023-11-22 00:00:00,516.6560686813438
2023-11-22 01:00:00,522.8044584105526
2023-11-22 02:00:00,518.1611850459801
2023-11-22 03:00:00,557.6755818008659
2023-11-22 04:00:00,543.5776156199281
2023-11-22 05:00:00,527.7885558959586
2023-11-22 06:00:00,617.1185050621054
2023-11-22 07:00:00,968.92298870585
2023-11-22 08:00:00,965.5702606696701
2023-11-22 09:00:00,523.0891291175066
2023-11-22 10:00:00,723.0828873534056
2023-11-22 11:00:00,692.8790683974464
2023-11-22 12:00:00,706.2062137146143
2023-11-22 13:00:00,684.068678658298
2023-11-22 14:00:00,704.7035451954881
2023-11-22 15:00:00,706.0562958428808
2023-11-22 16:00:00,576.8419297060431
2023-11-22 17:00:00,814.1452980869927
2023-11-22 18:00:00,832.0521726952206
2023-11-22 19:00:00,659.3703705782706
2023-11-22 20:00:00,673.9598536673706
2023-11-22 21:00:00,684.1339590936059
2023-11-22 22:00:00,630.2323990773235
2023-11-22 23:00:00,561.3537826921095
2023-11-23 00:00:00,588.500103678132
2023-11-23 01:00:00,596.6237958057651
2023-11-23 02:00:00,547.6466858347391
2023-11-23 03:00:00,541.1627310024155
2023-11-23 04:00:00,557.6449693534557
2023-11-23 05:00:00,504.0117010841038
2023-11-23 06:00:00,592.2556195585797
2023-11-23 07:00:00,929.7834559389252
2023-11-23 08:00:00,925.6778851777481
2023-11-23 09:00:00,589.1892958254444
2023-11-23 10:00:00,708.7087280434866
2023-11-23 11:00:00,667.0139863883725
2023-11-23 12:00:00,728.139685929001
2023-11-23 13:00:00,696.8871425545411
2023-11-23 14:00:00,688.9619419321544
2023-11-23 15:00:00,685.5310465562645
2023-11-23 16:00:00,597.4842453240057
2023-11-23 17:00:00,832.0848942027217
2023-11-23 18:00:00,876.3257214401025
2023-11-23 19:00:00,634.1886580793528
2023-11-23 20:00:00,713.7185638410953
2023-11-23 21:00:00,708.6084201392553
2023-11-23 22:00:00,614.3382604058198
2023-11-23 23:00:00,552.7881707771712
2023-11-24 00:00:00,523.9737351465521
2023-11-24 01:00:00,536.9340974724555
2023-11-24 02:00:00,630.0970987057918
2023-11-24 03:00:00,537.6971433153681
2023-11-24 04:00:00,564.4090414830971
2023-11-24 05:00:00,571.6528517603311
2023-11-24 06:00:00,559.9748251006704
2023-11-24 07:00:00,865.7961810236318
2023-11-24 08:00:00,851.7591051436752
2023-11-24 09:00:00,564.561170644089
2023-11-24 10:00:00,585.9987956273127
2023-11-24 11:00:00,721.7832960317451
2023-11-24 12:00:00,782.1677536502427
2023-11-24 13:00:00,705.9128295614611
2023-11-24 14:00:00,643.3492456263757
2023-11-24 15:00:00,674.2889446840021
2023-11-24 16:00:00,581.6449261990001
2023-11-24 17:00:00,809.296608911465
2023-11-24 18:00:00,884.4073055358062
2023-11-24 19:00:00,682.4104017750134
2023-11-24 20:00:00,603.7819282472936
2023-11-24 21:00:00,679.0032417779004
2023-11-24 22:00:00,711.0725065430906
2023-11-24 23:00:00,626.1023282091824
2023-11-25 00:00:00,649.6084809234385
2023-11-25 01:00:00,498.9202940222721
2023-11-25 02:00:00,647.9688170558081
2023-11-25 03:00:00,520.8317444596485
2023-11-25 04:00:00,511.30138178477944
2023-11-25 05:00:00,548.0828949951139
2023-11-25 06:00:00,546.7175466362795
2023-11-25 07:00:00,795.9617656258611
2023-11-25 08:00:00,727.1969124905079
2023-11-25 09:00:00,560.4498959174626
2023-11-25 10:00:00,691.4232893744672
2023-11-25 11:00:00,637.7175483427537
2023-11-25 12:00:00,645.6638314695953
2023-11-25 13:00:00,659.0103441886924
2023-11-25 14:00:00,686.8264651727064
2023-11-25 15:00:00,573.7910115124226
2023-11-25 16:00:00,593.3809620734974
2023-11-25 17:00:00,734.2744344303295
2023-11-25 18:00:00,751.6655158124736
2023-11-25 19:00:00,647.3980067904951
2023-11-25 20:00:00,557.2325339435263
2023-11-25 21:00:00,564.4942223422764
2023-11-25 22:00:00,527.5828016114477
2023-11-25 23:00:00,513.033642329449
2023-11-26 00:00:00,588.2172937751527
2023-11-26 01:00:00,530.1765124610612
2023-11-26 02:00:00,481.39500417380856
2023-11-26 03:00:00,515.5728502169982
2023-11-26 04:00:00,475.4855318603751
2023-11-26 05:00:00,489.99255593075355
2023-11-26 06:00:00,585.5527564105486
2023-11-26 07:00:00,733.0450669477589
2023-11-26 08:00:00,824.505372208132
2023-11-26 09:00:00,567.1551883667865
2023-11-26 10:00:00,643.423788157781
2023-11-26 11:00:00,628.8650812956843
2023-11-26 12:00:00,670.9139135417489
2023-11-26 13:00:00,671.3263955110805
2023-11-26 14:00:00,653.4021740764869
2023-11-26 15:00:00,662.5915642363059
2023-11-26 16:00:00,561.516413203183
2023-11-26 17:00:00,766.6881202763619
2023-11-26 18:00:00,731.4848889810477
2023-11-26 19:00:00,605.089264886496
2023-11-26 20:00:00,594.0142500253481
2023-11-26 21:00:00,586.7112584272321
2023-11-26 22:00:00,577.4355280911284
2023-11-26 23:00:00,553.7076041543554
2023-11-27 00:00:00,602.4242365125385
2023-11-27 01:00:00,596.8440788667824
2023-11-27 02:00:00,499.73738656218256
2023-11-27 03:00:00,601.5681220562749
2023-11-27 04:00:00,537.2736599352828
2023-11-27 05:00:00,574.0293206058236
2023-11-27 06:00:00,563.7513867181116
2023-11-27 07:00:00,905.6791965549602
2023-11-27 08:00:00,912.5489273158763
2023-11-27 09:00:00,540.6158083232139
2023-11-27 10:00:00,724.3306866537675
2023-11-27 11:00:00,753.8374003135326
2023-11-27 12:00:00,693.0140821727349
2023-11-27 13:00:00,754.4067252331205
2023-11-27 14:00:00,692.4122602619037
2023-11-27 15:00:00,733.9833812418647
2023-11-27 16:00:00,511.25720136195605
2023-11-27 17:00:00,946.7511111725386
2023-11-27 18:00:00,909.8183298097183
2023-11-27 19:00:00,638.6149798298528
2023-11-27 20:00:00,571.1164389342473
2023-11-27 21:00:00,661.5211347322196
2023-11-27 22:00:00,592.2429781170497
2023-11-27 23:00:00,567.7941415022996
2023-11-28 00:00:00,566.4626287665712
2023-11-28 01:00:00,512.343873239919
2023-11-28 02:00:00,594.8386809445751
2023-11-28 03:00:00,582.222988112247
2023-11-28 04:00:00,589.0329334915425
2023-11-28 05:00:00,550.3543081467558
2023-11-28 06:00:00,543.3790373234517
2023-11-28 07:00:00,939.1148908884455
2023-11-28 08:00:00,889.1851440345683
2023-11-28 09:00:00,544.4087942722932
2023-11-28 10:00:00,754.081574638973
2023-11-28 11:00:00,783.9763008201004
2023-11-28 12:00:00,698.3500748408319
2023-11-28 13:00:00,786.3648461841317
2023-11-28 14:00:00,703.6525891444539
2023-11-28 15:00:00,684.781763833346
2023-11-28 16:00:00,574.7816618325809
2023-11-28 17:00:00,915.4832963197097
2023-11-28 18:00:00,818.7942447444891
2023-11-28 19:00:00,679.4107723989995
2023-11-28 20:00:00,627.6334465976316
2023-11-28 21:00:00,631.5877294970255
2023-11-28 22:00:00,691.2099877587826
2023-11-28 23:00:00,534.7985261484258
2023-11-29 00:00:00,533.8081848231883
2023-11-29 01:00:00,595.3121878869923
2023-11-29 02:00:00,613.895891728865
2023-11-29 03:00:00,575.7875921313694
2023-11-29 04:00:00,523.809208975042
2023-11-29 05:00:00,529.5756600280968
2023-11-29 06:00:00,603.1966105496015
2023-11-29 07:00:00,912.8372024770263
2023-11-29 08:00:00,860.4853635944091
2023-11-29 09:00:00,628.9215175831946
2023-11-29 10:00:00,703.420533185584
2023-11-29 11:00:00,631.3716672544748
2023-11-29 12:00:00,662.8429407015708
2023-11-29 13:00:00,679.8348530539334
2023-11-29 14:00:00,697.0856924463578
2023-11-29 15:00:00,775.5711518201598
2023-11-29 16:00:00,609.5268522455851
2023-11-29 17:00:00,816.369124404055
2023-11-29 18:00:00,858.8252321722865
2023-11-29 19:00:00,635.9164901018447
2023-11-29 20:00:00,662.9903295813417
2023-11-29 21:00:00,673.2227074814245
2023-11-29 22:00:00,698.3692258889575
2023-11-29 23:00:00,549.028540173199
2023-11-30 00:00:00,615.5584211039933
2023-11-30 01:00:00,586.3209065014477
2023-11-30 02:00:00,521.7024182075124
2023-11-30 03:00:00,638.3942266299385
2023-11-30 04:00:00,563.0797805308039
2023-11-30 05:00:00,516.5950198411106
2023-11-30 06:00:00,666.1165220492169
2023-11-30 07:00:00,983.1111034079378
2023-11-30 08:00:00,898.6789894512176
2023-11-30 09:00:00,579.8539895849761
2023-11-30 10:00:00,693.1050017018536
2023-11-30 11:00:00,728.589269100708
2023-11-30 12:00:00,751.1142662012205
2023-11-30 13:00:00,722.819493234543
2023-11-30 14:00:00,704.0689283388708
2023-11-30 15:00:00,759.9204708121771
2023-11-30 16:00:00,587.4865410779391
2023-11-30 17:00:00,891.2367735346763
2023-11-30 18:00:00,838.4774880659488
2023-11-30 19:00:00,667.2409183204358
2023-11-30 20:00:00,645.457497408382
2023-11-30 21:00:00,647.7659126938876
2023-11-30 22:00:00,634.9045393015116
2023-11-30 23:00:00,603.7941612472277
2023-12-01 00:00:00,520.6829584756586
2023-12-01 01:00:00,520.3907098980517
2023-12-01 02:00:00,634.8397426338043
2023-12-01 03:00:00,589.1139025861733
2023-12-01 04:00:00,454.5954520522786
2023-12-01 05:00:00,527.3896504315838
2023-12-01 06:00:00,527.5204264975179
2023-12-01 07:00:00,861.9723722633898
2023-12-01 08:00:00,774.4594133506384
2023-12-01 09:00:00,594.5204168922423
2023-12-01 10:00:00,654.3223272335475
2023-12-01 11:00:00,702.3962102718575
2023-12-01 12:00:00,634.995149644699
2023-12-01 13:00:00,703.3164741268816
2023-12-01 14:00:00,683.4033488751869
2023-12-01 15:00:00,760.0781186075438
2023-12-01 16:00:00,656.454274469825
2023-12-01 17:00:00,881.4138241204113
2023-12-01 18:00:00,836.9354487735515
2023-12-01 19:00:00,729.4152158104117
2023-12-01 20:00:00,587.8785888864072
2023-12-01 21:00:00,593.8576548174535
2023-12-01 22:00:00,646.6486760044374
2023-12-01 23:00:00,640.1615243568448
2023-12-02 00:00:00,526.9064437251965
2023-12-02 01:00:00,527.6701902716287
2023-12-02 02:00:00,477.32358575552763
2023-12-02 03:00:00,572.8371834108151
2023-12-02 04:00:00,573.1270501731742
2023-12-02 05:00:00,566.5630080559964
2023-12-02 06:00:00,544.8311730861055
2023-12-02 07:00:00,751.7317292650798
2023-12-02 08:00:00,728.2751099838011
2023-12-02 09:00:00,573.3549000704373
2023-12-02 10:00:00,596.78370682886
2023-12-02 11:00:00,592.9033397900284
2023-12-02 12:00:00,623.052371323573
2023-12-02 13:00:00,620.4337529926313
2023-12-02 14:00:00,618.4808588471218
2023-12-02 15:00:00,658.6577838736105
2023-12-02 16:00:00,573.1619120860112
2023-12-02 17:00:00,733.4737587795553
2023-12-02 18:00:00,752.3205171324593
2023-12-02 19:00:00,565.3389183558147
2023-12-02 20:00:00,609.2111449563871
2023-12-02 21:00:00,611.0240997137854
2023-12-02 22:00:00,544.8781256257008
2023-12-02 23:00:00,574.8277501748145
2023-12-03 00:00:00,499.74265179092015
2023-12-03 01:00:00,538.6123919682574
2023-12-03 02:00:00,581.5764696214108
2023-12-03 03:00:00,572.0270703085548
2023-12-03 04:00:00,536.3733355427535
2023-12-03 05:00:00,520.5000398847172
2023-12-03 06:00:00,607.9004763430227
2023-12-03 07:00:00,806.9877991123448
2023-12-03 08:00:00,755.2653991982348
2023-12-03 09:00:00,538.2042541199323
2023-12-03 10:00:00,557.1057927321601
2023-12-03 11:00:00,646.1612736673435
2023-12-03 12:00:00,636.692090199264
2023-12-03 13:00:00,685.4476549857017
2023-12-03 14:00:00,654.3622037392147
2023-12-03 15:00:00,693.3691677669076
2023-12-03 16:00:00,542.1054308833532
2023-12-03 17:00:00,790.5260132387048
2023-12-03 18:00:00,723.8433448358138
2023-12-03 19:00:00,636.1038424716909
2023-12-03 20:00:00,546.6496642987722
2023-12-03 21:00:00,614.4054119746476
2023-12-03 22:00:00,525.6124823421636
2023-12-03 23:00:00,524.3145005623298
2023-12-04 00:00:00,567.6141597551166
2023-12-04 01:00:00,529.1612579507562
2023-12-04 02:00:00,507.98249484976134
2023-12-04 03:00:00,583.8447387718373
2023-12-04 04:00:00,545.861488406123
2023-12-04 05:00:00,530.4171741187731
2023-12-04 06:00:00,601.675836846171
2023-12-04 07:00:00,1005.4667656778236
2023-12-04 08:00:00,946.1401139912617
2023-12-04 09:00:00,646.5029467275136
2023-12-04 10:00:00,717.4218527596945
2023-12-04 11:00:00,706.6594109030859
2023-12-04 12:00:00,604.1567084667834
2023-12-04 13:00:00,672.8407861414747
2023-12-04 14:00:00,680.777023471901
2023-12-04 15:00:00,625.0043174380987
2023-12-04 16:00:00,553.7033683913827
2023-12-04 17:00:00,770.7665411630946
2023-12-04 18:00:00,848.4670465721051
2023-12-04 19:00:00,682.7506388339526
2023-12-04 20:00:00,694.2709807449731
2023-12-04 21:00:00,666.5913784831696
2023-12-04 22:00:00,611.4641463520572
2023-12-04 23:00:00,472.7173936592016
2023-12-05 00:00:00,479.7252520239399
2023-12-05 01:00:00,499.24069690982003
2023-12-05 02:00:00,514.445612078573
2023-12-05 03:00:00,543.6100600803366
2023-12-05 04:00:00,509.43343127492125
2023-12-05 05:00:00,563.5590357467305
2023-12-05 06:00:00,590.7090598880211
2023-12-05 07:00:00,900.421828469641
2023-12-05 08:00:00,945.6100221068482
2023-12-05 09:00:00,552.7907306319852
2023-12-05 10:00:00,716.7481831316948
2023-12-05 11:00:00,699.4410708609571
2023-12-05 12:00:00,686.6605487612122
2023-12-05 13:00:00,735.4102528346384
2023-12-05 14:00:00,735.1605661822803
2023-12-05 15:00:00,662.1403681604629
2023-12-05 16:00:00,592.713576645683
2023-12-05 17:00:00,861.2484673033626
2023-12-05 18:00:00,839.0797300790966
2023-12-05 19:00:00,673.4008532915119
2023-12-05 20:00:00,661.247680716411
2023-12-05 21:00:00,723.3024496142405
2023-12-05 22:00:00,588.7888345628085
2023-12-05 23:00:00,545.102560410104
2023-12-06 00:00:00,513.6598995395124
2023-12-06 01:00:00,574.1642982175617
2023-12-06 02:00:00,485.3131243981782
2023-12-06 03:00:00,563.8525084089955
2023-12-06 04:00:00,524.7980627460663
2023-12-06 05:00:00,520.6335253551595
2023-12-06 06:00:00,542.1400718583725
2023-12-06 07:00:00,881.3969621519598
2023-12-06 08:00:00,943.3800212116371
2023-12-06 09:00:00,598.9924526588209
2023-12-06 10:00:00,725.107216714979
2023-12-06 11:00:00,766.5856728786509
2023-12-06 12:00:00,710.550223392903
2023-12-06 13:00:00,677.6480171175064
2023-12-06 14:00:00,718.6900886073116
2023-12-06 15:00:00,678.2281541474283
2023-12-06 16:00:00,579.8230926681132
2023-12-06 17:00:00,789.2042880152406
2023-12-06 18:00:00,887.0502996433756
2023-12-06 19:00:00,634.5598969740224
2023-12-06 20:00:00,657.2839298326345
2023-12-06 21:00:00,608.5615228557344
2023-12-06 22:00:00,667.4379051886189
2023-12-06 23:00:00,519.5223504745967
2023-12-07 00:00:00,544.3316511319271
2023-12-07 01:00:00,585.1130412495651
2023-12-07 02:00:00,581.6303724893012
2023-12-07 03:00:00,549.1187970993224
2023-12-07 04:00:00,479.2747586917313
2023-12-07 05:00:00,669.7124228024256
2023-12-07 06:00:00,669.8343588109254
2023-12-07 07:00:00,928.9069929955319
2023-12-07 08:00:00,869.8718487363611
2023-12-07 09:00:00,595.4563135319214
2023-12-07 10:00:00,678.2631828089393
2023-12-07 11:00:00,750.5542375638555
2023-12-07 12:00:00,710.5001156340734
2023-12-07 13:00:00,668.6334456656067
2023-12-07 14:00:00,681.1697960350087
2023-12-07 15:00:00,744.8475257027961
2023-12-07 16:00:00,664.0039138728191
2023-12-07 17:00:00,911.1332625394498
2023-12-07 18:00:00,880.2812826021591
2023-12-07 19:00:00,639.8950052478946
2023-12-07 20:00:00,520.3394469868351
2023-12-07 21:00:00,661.8864009523288
2023-12-07 22:00:00,649.926849646236
2023-12-07 23:00:00,555.5992838528541
2023-12-08 00:00:00,552.1558938813282
2023-12-08 01:00:00,496.9495135220337
2023-12-08 02:00:00,572.2963422740474
2023-12-08 03:00:00,575.288652561274
2023-12-08 04:00:00,577.2935512823864
2023-12-08 05:00:00,587.8630801429355
2023-12-08 06:00:00,624.1620657968649
2023-12-08 07:00:00,883.5988235384435
2023-12-08 08:00:00,897.1665260833564
2023-12-08 09:00:00,603.644994690135
2023-12-08 10:00:00,704.3079779642648
2023-12-08 11:00:00,739.9287062388692
2023-12-08 12:00:00,725.7467501208996
2023-12-08 13:00:00,783.0937375827981
2023-12-08 14:00:00,788.2587591953869
2023-12-08 15:00:00,703.185983304557
2023-12-08 16:00:00,446.5337780616252
2023-12-08 17:00:00,899.4732986450906
2023-12-08 18:00:00,828.3849464405179
2023-12-08 19:00:00,617.9406431267597
2023-12-08 20:00:00,634.0621890004253
2023-12-08 21:00:00,632.1342781274158
2023-12-08 22:00:00,674.4907924042157
2023-12-08 23:00:00,487.622568834951
2023-12-09 00:00:00,491.8911701683359
2023-12-09 01:00:00,548.7263421678966
2023-12-09 02:00:00,559.9177612165323
2023-12-09 03:00:00,560.6616657974405
2023-12-09 04:00:00,503.51854884266805
2023-12-09 05:00:00,495.8693740293504
2023-12-09 06:00:00,549.7346066484832
2023-12-09 07:00:00,789.594910091389
2023-12-09 08:00:00,839.419094770902
2023-12-09 09:00:00,488.10251256917
2023-12-09 10:00:00,631.1708497216654
2023-12-09 11:00:00,586.6928623589919
2023-12-09 12:00:00,573.9102929058604
2023-12-09 13:00:00,678.6782658137927
2023-12-09 14:00:00,661.7849829799735
2023-12-09 15:00:00,657.9773406378905
2023-12-09 16:00:00,606.8410335892397
2023-12-09 17:00:00,725.8112441293546
2023-12-09 18:00:00,727.6944993466589
2023-12-09 19:00:00,692.429224668903
2023-12-09 20:00:00,595.1371578296171
2023-12-09 21:00:00,634.4052845221637
2023-12-09 22:00:00,605.2552616385326
2023-12-09 23:00:00,461.0696587968634
2023-12-10 00:00:00,453.2148398479493
2023-12-10 01:00:00,511.8406312024038
2023-12-10 02:00:00,577.2440500667996
2023-12-10 03:00:00,566.5316662654401
2023-12-10 04:00:00,571.5630865689614
2023-12-10 05:00:00,495.5181528425474
2023-12-10 06:00:00,634.6348996048926
2023-12-10 07:00:00,741.4042679925446
2023-12-10 08:00:00,788.5129759467987
2023-12-10 09:00:00,569.5859084036905
2023-12-10 10:00:00,633.0450471874166
2023-12-10 11:00:00,693.5436855318243
2023-12-10 12:00:00,611.7955791933616
2023-12-10 13:00:00,586.0157897715229
2023-12-10 14:00:00,640.7998194482568
2023-12-10 15:00:00,624.006930628539
2023-12-10 16:00:00,705.0953167633058
2023-12-10 17:00:00,772.060299057599
2023-12-10 18:00:00,728.626376991255
2023-12-10 19:00:00,562.7555372325165
2023-12-10 20:00:00,529.7884635772486
2023-12-10 21:00:00,563.9912365705027
2023-12-10 22:00:00,609.5976708703653
2023-12-10 23:00:00,592.0931460637908
2023-12-11 00:00:00,594.8675656955168
2023-12-11 01:00:00,559.1637932658551
2023-12-11 02:00:00,537.0732933719006
2023-12-11 03:00:00,560.7524942564862
2023-12-11 04:00:00,529.254480100617
2023-12-11 05:00:00,618.734559830555
2023-12-11 06:00:00,592.4323927489968
2023-12-11 07:00:00,896.5464856701309
2023-12-11 08:00:00,811.3671029991733
2023-12-11 09:00:00,592.1826061390894
2023-12-11 10:00:00,733.4593655185977
2023-12-11 11:00:00,657.2910969184582
2023-12-11 12:00:00,669.9711866202875
2023-12-11 13:00:00,731.7084407093466
2023-12-11 14:00:00,640.9337110592778
2023-12-11 15:00:00,742.3120403016767
2023-12-11 16:00:00,578.7142443930759
2023-12-11 17:00:00,834.4572711803519
2023-12-11 18:00:00,805.0448637949762
2023-12-11 19:00:00,665.1218504171153
2023-12-11 20:00:00,748.3948794011752
2023-12-11 21:00:00,681.2598895784253
2023-12-11 22:00:00,615.4285895223786
2023-12-11 23:00:00,595.424823419659
2023-12-12 00:00:00,537.33281816263
2023-12-12 01:00:00,604.9793992571024
2023-12-12 02:00:00,582.2670560865745
2023-12-12 03:00:00,432.27433738113064
2023-12-12 04:00:00,509.8368146817989
2023-12-12 05:00:00,587.7754089134156
2023-12-12 06:00:00,606.0662908858008
2023-12-12 07:00:00,859.049762091686
2023-12-12 08:00:00,874.6564193802475
2023-12-12 09:00:00,523.7505351964248
2023-12-12 10:00:00,696.4650684989441
2023-12-12 11:00:00,788.4275890406306
2023-12-12 12:00:00,732.197335629293
2023-12-12 13:00:00,787.6166800475369
2023-12-12 14:00:00,735.2958835915992
2023-12-12 15:00:00,741.0991737341077
2023-12-12 16:00:00,678.9631475098009
2023-12-12 17:00:00,865.090530373689
2023-12-12 18:00:00,842.5109071397247
2023-12-12 19:00:00,691.3063006648805
2023-12-12 20:00:00,708.1536094848753
2023-12-12 21:00:00,630.8014142915116
2023-12-12 22:00:00,621.1372367063989
2023-12-12 23:00:00,555.5542412972352
2023-12-13 00:00:00,583.2599546772665
2023-12-13 01:00:00,581.9236419464625
2023-12-13 02:00:00,493.03329599249605
2023-12-13 03:00:00,626.4642426825328
2023-12-13 04:00:00,524.353402824126
2023-12-13 05:00:00,539.3974001244568
2023-12-13 06:00:00,563.8938256004872
2023-12-13 07:00:00,1007.9331534374835
2023-12-13 08:00:00,909.6828268115187
2023-12-13 09:00:00,565.9609967727374
2023-12-13 10:00:00,734.5569419984978
2023-12-13 11:00:00,730.7654311724013
2023-12-13 12:00:00,692.4909190568046
2023-12-13 13:00:00,733.6242685113353
2023-12-13 14:00:00,666.9883215667654
2023-12-13 15:00:00,680.2832690020299
2023-12-13 16:00:00,519.5913338173575
2023-12-13 17:00:00,797.0419566312175
2023-12-13 18:00:00,922.3052322268275
2023-12-13 19:00:00,715.6571451088926
2023-12-13 20:00:00,652.6315459459585
2023-12-13 21:00:00,716.5172578875935
2023-12-13 22:00:00,643.5970205356678
2023-12-13 23:00:00,540.2635878972836
2023-12-14 00:00:00,552.2604259386222
2023-12-14 01:00:00,545.0031361870574
2023-12-14 02:00:00,541.3921470575928
2023-12-14 03:00:00,595.7359242859822
2023-12-14 04:00:00,556.0054261582482
2023-12-14 05:00:00,578.4992705773521
2023-12-14 06:00:00,641.2552210110932
2023-12-14 07:00:00,915.5274318261893
2023-12-14 08:00:00,861.1891469636704
2023-12-14 09:00:00,545.8853644414385
2023-12-14 10:00:00,705.9512253922923
2023-12-14 11:00:00,693.1497478070027
2023-12-14 12:00:00,703.4956571568049
2023-12-14 13:00:00,699.3578384300565
2023-12-14 14:00:00,803.3429464066627
2023-12-14 15:00:00,646.7909497743465
2023-12-14 16:00:00,520.402149207155
2023-12-14 17:00:00,863.2950733407844
2023-12-14 18:00:00,834.9430978164722
2023-12-14 19:00:00,662.6427147891981
2023-12-14 20:00:00,673.3553208913601
2023-12-14 21:00:00,701.3641878071559
2023-12-14 22:00:00,589.7109671846424
2023-12-14 23:00:00,527.7312840857135
2023-12-15 00:00:00,567.1504503552305
2023-12-15 01:00:00,580.8185438274891
2023-12-15 02:00:00,637.7379820115355
2023-12-15 03:00:00,588.2281588445546
2023-12-15 04:00:00,547.7284561645489
2023-12-15 05:00:00,514.3825698822935
2023-12-15 06:00:00,577.4284058912392
2023-12-15 07:00:00,876.2918870817157
2023-12-15 08:00:00,926.2093451405505
2023-12-15 09:00:00,610.2798978234332
2023-12-15 10:00:00,647.0540171663129
2023-12-15 11:00:00,682.5639412363827
2023-12-15 12:00:00,735.1019021380569
2023-12-15 13:00:00,714.0664941989623
2023-12-15 14:00:00,722.7457846405108
2023-12-15 15:00:00,715.3168684022905
2023-12-15 16:00:00,665.0572293843544
2023-12-15 17:00:00,859.4417225529749
2023-12-15 18:00:00,834.5590880851721
2023-12-15 19:00:00,613.3697983546576
2023-12-15 20:00:00,659.9843783283885
2023-12-15 21:00:00,552.3718394089966
2023-12-15 22:00:00,642.6284399266915
2023-12-15 23:00:00,541.7664056031463
2023-12-16 00:00:00,480.42116585530874
2023-12-16 01:00:00,497.86936645376016
2023-12-16 02:00:00,567.3863012059296
2023-12-16 03:00:00,544.2284699629985
2023-12-16 04:00:00,539.0715333482931
2023-12-16 05:00:00,547.2539013572809
2023-12-16 06:00:00,573.7051035179569
2023-12-16 07:00:00,829.7145025143326
2023-12-16 08:00:00,784.9371672681459
2023-12-16 09:00:00,511.67147544725
2023-12-16 10:00:00,705.2051985949764
2023-12-16 11:00:00,654.8136106931538
2023-12-16 12:00:00,616.4298507681973
2023-12-16 13:00:00,589.8639312681993
2023-12-16 14:00:00,655.8365688383218
2023-12-16 15:00:00,635.313119801025
2023-12-16 16:00:00,632.9658714412964
2023-12-16 17:00:00,731.1637087733269
2023-12-16 18:00:00,711.5047684127013
2023-12-16 19:00:00,640.8318487294372
2023-12-16 20:00:00,642.0112757086732
2023-12-16 21:00:00,611.7460547044078
2023-12-16 22:00:00,632.0542819069964
2023-12-16 23:00:00,533.4925151703105
2023-12-17 00:00:00,544.3546040403698
2023-12-17 01:00:00,581.5996353025569
2023-12-17 02:00:00,560.0127333608601
2023-12-17 03:00:00,528.229022466695
2023-12-17 04:00:00,589.094501837046
2023-12-17 05:00:00,440.4057850883395
2023-12-17 06:00:00,652.0829324568774
2023-12-17 07:00:00,711.7616362043706
2023-12-17 08:00:00,754.9162870091081
2023-12-17 09:00:00,568.3632985921972
2023-12-17 10:00:00,634.1407731708736
2023-12-17 11:00:00,680.2564416010622
2023-12-17 12:00:00,597.6865352555906
2023-12-17 13:00:00,650.4306726993225
2023-12-17 14:00:00,616.8715160712098
2023-12-17 15:00:00,651.8056391734966
2023-12-17 16:00:00,567.4091096080849
2023-12-17 17:00:00,748.7174261073192
2023-12-17 18:00:00,723.0030067014262
2023-12-17 19:00:00,584.5974419961567
2023-12-17 20:00:00,616.4909005610971
2023-12-17 21:00:00,642.7486202302417
2023-12-17 22:00:00,581.0688266320861
2023-12-17 23:00:00,500.2492982170836
2023-12-18 00:00:00,574.5384066268734
2023-12-18 01:00:00,548.6998442776925
2023-12-18 02:00:00,583.2199253594381
2023-12-18 03:00:00,513.7681114651541
2023-12-18 04:00:00,478.8224429830628
2023-12-18 05:00:00,528.6798367269466
2023-12-18 06:00:00,569.3458956293994
2023-12-18 07:00:00,896.848463996788
2023-12-18 08:00:00,874.5261914291845
2023-12-18 09:00:00,629.6406780534579
2023-12-18 10:00:00,688.4739895030993
2023-12-18 11:00:00,706.018979950956
2023-12-18 12:00:00,706.3053823376378
2023-12-18 13:00:00,707.7982036964875
2023-12-18 14:00:00,699.0348355818011
2023-12-18 15:00:00,720.4240276164126
2023-12-18 16:00:00,568.1737946469677
2023-12-18 17:00:00,905.9767170661553
2023-12-18 18:00:00,840.5385046652586
2023-12-18 19:00:00,597.5380344840528
2023-12-18 20:00:00,657.522934279671
2023-12-18 21:00:00,615.9527807021007
2023-12-18 22:00:00,676.613381380355
2023-12-18 23:00:00,638.3842230416951
2023-12-19 00:00:00,518.537116337686
2023-12-19 01:00:00,563.2948933289593
2023-12-19 02:00:00,479.7797764518149
2023-12-19 03:00:00,568.1562091776539
2023-12-19 04:00:00,514.5714480080125
2023-12-19 05:00:00,525.0066152626207
2023-12-19 06:00:00,555.9485404064069
2023-12-19 07:00:00,929.2860490421895
2023-12-19 08:00:00,940.2921742989305
2023-12-19 09:00:00,600.9354085863403
2023-12-19 10:00:00,665.4229317865712
2023-12-19 11:00:00,763.5809214441545
2023-12-19 12:00:00,669.9835948898137
2023-12-19 13:00:00,613.5187080029025
2023-12-19 14:00:00,718.3355603982827
2023-12-19 15:00:00,655.8090130543393
2023-12-19 16:00:00,639.5443517399669
2023-12-19 17:00:00,834.7544921330632
2023-12-19 18:00:00,874.1485296217678
2023-12-19 19:00:00,706.0600138620863
2023-12-19 20:00:00,601.6456454151711
2023-12-19 21:00:00,627.3625147643038
2023-12-19 22:00:00,646.9731570937174
2023-12-19 23:00:00,611.5020527613738
2023-12-20 00:00:00,523.6646912823821
2023-12-20 01:00:00,526.2198521620397
2023-12-20 02:00:00,569.1256230222324
2023-12-20 03:00:00,526.9108509715771
2023-12-20 04:00:00,556.1010353159047
2023-12-20 05:00:00,487.9385031612749
2023-12-20 06:00:00,688.5731977022639
2023-12-20 07:00:00,846.0916307876239
2023-12-20 08:00:00,887.1298918403917
2023-12-20 09:00:00,598.7007585663163
2023-12-20 10:00:00,776.5075253742718
2023-12-20 11:00:00,647.0061687626904
2023-12-20 12:00:00,779.3481654191501
2023-12-20 13:00:00,730.2870728440809
2023-12-20 14:00:00,716.6838129769299
2023-12-20 15:00:00,660.6146525192818
2023-12-20 16:00:00,622.8456496815229
2023-12-20 17:00:00,821.060535103208
2023-12-20 18:00:00,900.6664501279365
2023-12-20 19:00:00,611.1575188356907
2023-12-20 20:00:00,645.4736602217566
2023-12-20 21:00:00,627.7890764794731
2023-12-20 22:00:00,610.4990815029203
2023-12-20 23:00:00,579.6527926763166
2023-12-21 00:00:00,571.4183498963854
2023-12-21 01:00:00,598.3604079560399
2023-12-21 02:00:00,478.8049956716733
2023-12-21 03:00:00,592.5668280936418
2023-12-21 04:00:00,650.2179562142758
2023-12-21 05:00:00,531.9343564329221
2023-12-21 06:00:00,675.8059444843587
2023-12-21 07:00:00,889.4735491176069
2023-12-21 08:00:00,845.1036104975477
2023-12-21 09:00:00,587.7747023037282
2023-12-21 10:00:00,741.928158707011
2023-12-21 11:00:00,666.4729407067388
2023-12-21 12:00:00,675.9864536397405
2023-12-21 13:00:00,723.7415772917276
2023-12-21 14:00:00,700.1224046695429
2023-12-21 15:00:00,723.3849180994696
2023-12-21 16:00:00,609.5131816303334
2023-12-21 17:00:00,869.1850127820629
2023-12-21 18:00:00,832.7079525676183
2023-12-21 19:00:00,659.2692376812157
2023-12-21 20:00:00,612.9050797721627
2023-12-21 21:00:00,701.5373449001355
2023-12-21 22:00:00,624.6290113273075
2023-12-21 23:00:00,595.1538995019756
2023-12-22 00:00:00,540.6557215606854
2023-12-22 01:00:00,558.0799604302929
2023-12-22 02:00:00,530.201417964372
2023-12-22 03:00:00,509.3601827532788
2023-12-22 04:00:00,480.2095844957879
2023-12-22 05:00:00,507.7870336563016
2023-12-22 06:00:00,587.0436458713631
2023-12-22 07:00:00,908.4751671531553
2023-12-22 08:00:00,940.4151725313305
2023-12-22 09:00:00,582.169701608126
2023-12-22 10:00:00,664.721569429313
2023-12-22 11:00:00,642.2914085598915
2023-12-22 12:00:00,719.2025447161642
2023-12-22 13:00:00,755.3277806131737
2023-12-22 14:00:00,750.6532107182516
2023-12-22 15:00:00,728.3973099258895
2023-12-22 16:00:00,625.541732690704
2023-12-22 17:00:00,917.9049511883736
2023-12-22 18:00:00,863.2832584566725
2023-12-22 19:00:00,675.8451870409668
2023-12-22 20:00:00,637.16864552592
2023-12-22 21:00:00,595.5182651658097
2023-12-22 22:00:00,622.646043980017
2023-12-22 23:00:00,549.6336384586137
2023-12-23 00:00:00,537.4314149000521
2023-12-23 01:00:00,612.0514341942157
2023-12-23 02:00:00,538.2510867036427
2023-12-23 03:00:00,582.1537377610257
2023-12-23 04:00:00,517.5969103369473
2023-12-23 05:00:00,522.5329645693906
2023-12-23 06:00:00,516.839694511062
2023-12-23 07:00:00,750.3068794849371
2023-12-23 08:00:00,801.0792556545501
2023-12-23 09:00:00,570.3024072157654
2023-12-23 10:00:00,677.7175447958894
2023-12-23 11:00:00,647.250157933802
2023-12-23 12:00:00,625.9018507344904
2023-12-23 13:00:00,725.9318745514784
2023-12-23 14:00:00,636.2438572514781
2023-12-23 15:00:00,686.5200387882121
2023-12-23 16:00:00,553.9516317382129
2023-12-23 17:00:00,773.3839791753427
2023-12-23 18:00:00,782.1206263660674
2023-12-23 19:00:00,613.3396788230232
2023-12-23 20:00:00,510.82068309213594
2023-12-23 21:00:00,605.7300984342445
2023-12-23 22:00:00,654.218401910399
2023-12-23 23:00:00,556.0992333211092
2023-12-24 00:00:00,552.8335550091699
2023-12-24 01:00:00,466.10972264169925
2023-12-24 02:00:00,506.1817971729976
2023-12-24 03:00:00,551.4543052460575
2023-12-24 04:00:00,551.4153310714756
2023-12-24 05:00:00,583.5866712053161
2023-12-24 06:00:00,564.2053297941562
2023-12-24 07:00:00,796.2329634669526
2023-12-24 08:00:00,780.6549696772518
2023-12-24 09:00:00,530.5222905399378
2023-12-24 10:00:00,549.7683467562101
2023-12-24 11:00:00,657.240387685203
2023-12-24 12:00:00,646.9578883365125
2023-12-24 13:00:00,615.2729983159933
2023-12-24 14:00:00,575.2330777393654
2023-12-24 15:00:00,665.1895805763495
2023-12-24 16:00:00,559.3631970321779
2023-12-24 17:00:00,767.2749888947258
2023-12-24 18:00:00,819.5619412164704
2023-12-24 19:00:00,519.3427647872118
2023-12-24 20:00:00,577.0159676519055
2023-12-24 21:00:00,596.6249754675234
2023-12-24 22:00:00,663.1930469658661
2023-12-24 23:00:00,469.5438792317406
2023-12-25 00:00:00,627.4344410272242
2023-12-25 01:00:00,555.4342360626516
2023-12-25 02:00:00,546.1599735306456
2023-12-25 03:00:00,542.0776094712437
2023-12-25 04:00:00,532.5494787127989
2023-12-25 05:00:00,591.9246703707662
2023-12-25 06:00:00,557.2591698367024
2023-12-25 07:00:00,913.8165672657542
2023-12-25 08:00:00,884.632733371721
2023-12-25 09:00:00,569.5146620594361
2023-12-25 10:00:00,803.4390070273558
2023-12-25 11:00:00,716.7620293901384
2023-12-25 12:00:00,724.5306217864457
2023-12-25 13:00:00,745.5110712267465
2023-12-25 14:00:00,643.1460021872581
2023-12-25 15:00:00,770.0916763648813
2023-12-25 16:00:00,499.641712860197
2023-12-25 17:00:00,819.2493435984592
2023-12-25 18:00:00,831.6387330728439
2023-12-25 19:00:00,673.2689345988202
2023-12-25 20:00:00,658.7487306456595
2023-12-25 21:00:00,643.3274103720643
2023-12-25 22:00:00,649.520106214891
2023-12-25 23:00:00,510.87907905909725
2023-12-26 00:00:00,490.11070422063307
2023-12-26 01:00:00,579.0604648934424
2023-12-26 02:00:00,577.7482445014474
2023-12-26 03:00:00,613.3797750062823
2023-12-26 04:00:00,518.3993161273917
2023-12-26 05:00:00,577.712608412037
2023-12-26 06:00:00,588.6517308654107
2023-12-26 07:00:00,947.6189994077392
2023-12-26 08:00:00,940.8785110671257
2023-12-26 09:00:00,608.4483759689783
2023-12-26 10:00:00,686.4187937333605
2023-12-26 11:00:00,738.4372871443304
2023-12-26 12:00:00,725.8761809302626
2023-12-26 13:00:00,672.6223839165527
2023-12-26 14:00:00,646.8880530608228
2023-12-26 15:00:00,688.4586839727282
2023-12-26 16:00:00,660.6165526139283
2023-12-26 17:00:00,895.8594863493215
2023-12-26 18:00:00,805.5069012131768
2023-12-26 19:00:00,603.2897033640031
2023-12-26 20:00:00,700.9873539871794
2023-12-26 21:00:00,604.5745638096869
2023-12-26 22:00:00,670.3718129456803
2023-12-26 23:00:00,525.357151386547
2023-12-27 00:00:00,614.6817969808673
2023-12-27 01:00:00,519.1830080344848
2023-12-27 02:00:00,595.7344612082331
2023-12-27 03:00:00,557.3943461624145
2023-12-27 04:00:00,560.0877941693715
2023-12-27 05:00:00,471.18765674594397
2023-12-27 06:00:00,511.88346587177125
2023-12-27 07:00:00,891.1773623893074
2023-12-27 08:00:00,909.8762425366644
2023-12-27 09:00:00,554.992086890491
2023-12-27 10:00:00,656.4522635809464
2023-12-27 11:00:00,722.4589051930453
2023-12-27 12:00:00,722.5141792182852
2023-12-27 13:00:00,694.4903575844829
2023-12-27 14:00:00,731.208068847443
2023-12-27 15:00:00,653.0319081711941
2023-12-27 16:00:00,585.7626033165212
2023-12-27 17:00:00,915.915104231347
2023-12-27 18:00:00,852.7328851975927
2023-12-27 19:00:00,655.05250058348
2023-12-27 20:00:00,742.2378634387096
2023-12-27 21:00:00,594.0263133660492
2023-12-27 22:00:00,681.8572146656844
2023-12-27 23:00:00,616.559451192324
2023-12-28 00:00:00,537.0056829400581
2023-12-28 01:00:00,584.3852314741938
2023-12-28 02:00:00,510.7192201115638
2023-12-28 03:00:00,522.5307041773059
2023-12-28 04:00:00,565.3986566419054
2023-12-28 05:00:00,581.9426669244236
2023-12-28 06:00:00,644.8374604962498
2023-12-28 07:00:00,962.7851434775797
2023-12-28 08:00:00,897.3021376577927
2023-12-28 09:00:00,647.7444702069035
2023-12-28 10:00:00,686.3078062620341
2023-12-28 11:00:00,736.0836524635307
2023-12-28 12:00:00,708.2995519140873
2023-12-28 13:00:00,717.827116283277
2023-12-28 14:00:00,716.9403149608816
2023-12-28 15:00:00,635.8117996080875
2023-12-28 16:00:00,555.0351256455691
2023-12-28 17:00:00,854.1016575927009
2023-12-28 18:00:00,782.5088368143532
2023-12-28 19:00:00,683.2484441279902
2023-12-28 20:00:00,684.8622386515257
2023-12-28 21:00:00,663.0868221151117
2023-12-28 22:00:00,605.1546394896831
2023-12-28 23:00:00,605.2055575547406
2023-12-29 00:00:00,631.4884255887343
2023-12-29 01:00:00,555.883073097839
2023-12-29 02:00:00,570.4214151380495
2023-12-29 03:00:00,558.0695461918417
2023-12-29 04:00:00,571.214767559952
2023-12-29 05:00:00,545.2176497349442
2023-12-29 06:00:00,598.6174304062479
2023-12-29 07:00:00,936.2287040198946
2023-12-29 08:00:00,993.8249664758577
2023-12-29 09:00:00,543.9971506239305
2023-12-29 10:00:00,695.8475006238813
2023-12-29 11:00:00,652.7815805907167
2023-12-29 12:00:00,763.6809959430433
2023-12-29 13:00:00,676.4904812272041
2023-12-29 14:00:00,642.2719682485682
2023-12-29 15:00:00,725.5274799539429
2023-12-29 16:00:00,669.7724445897245
2023-12-29 17:00:00,876.5439147424305
2023-12-29 18:00:00,858.1919150912767
2023-12-29 19:00:00,666.3656369110397
2023-12-29 20:00:00,706.5936265130222
2023-12-29 21:00:00,615.032029199434
2023-12-29 22:00:00,645.5261158365474
2023-12-29 23:00:00,531.8923940596187
2023-12-30 00:00:00,488.2853877083316
2023-12-30 01:00:00,521.8649896233279
2023-12-30 02:00:00,579.308843839298
2023-12-30 03:00:00,557.6640859357091
2023-12-30 04:00:00,560.7724200043281
2023-12-30 05:00:00,540.8590244661327
2023-12-30 06:00:00,590.9329513091435
2023-12-30 07:00:00,747.9763863060758
2023-12-30 08:00:00,767.6196045629108
2023-12-30 09:00:00,577.6801694787471
2023-12-30 10:00:00,651.1006343552756
2023-12-30 11:00:00,652.8075141968749
2023-12-30 12:00:00,634.4665887193448
2023-12-30 13:00:00,624.9030639547868
2023-12-30 14:00:00,766.3108513217719
2023-12-30 15:00:00,676.271490917296
2023-12-30 16:00:00,586.5258990381049
2023-12-30 17:00:00,735.6716600717442
2023-12-30 18:00:00,726.951246922245
2023-12-30 19:00:00,599.7679762509217
2023-12-30 20:00:00,616.7131537434674
2023-12-30 21:00:00,529.7825782374767
2023-12-30 22:00:00,542.2244161850126
2023-12-30 23:00:00,509.5247044424417
2023-12-31 00:00:00,543.2855774711427
2023-12-31 01:00:00,525.4290741139259
2023-12-31 02:00:00,594.1248490439793
2023-12-31 03:00:00,475.70412852016926
2023-12-31 04:00:00,504.9461812158652
2023-12-31 05:00:00,595.803669639644
2023-12-31 06:00:00,575.2447729870058
2023-12-31 07:00:00,815.3937033120463
2023-12-31 08:00:00,862.0498777307786
2023-12-31 09:00:00,542.2478232839271
2023-12-31 10:00:00,636.0274264883187
2023-12-31 11:00:00,629.1029239627651
2023-12-31 12:00:00,561.816279820669
2023-12-31 13:00:00,627.5841278497612
2023-12-31 14:00:00,675.2424874952267
2023-12-31 15:00:00,661.6235816724896
2023-12-31 16:00:00,594.7633267755205
2023-12-31 17:00:00,729.97964077442
2023-12-31 18:00:00,718.7561105597744
2023-12-31 19:00:00,655.7702268759448
2023-12-31 20:00:00,585.1073141456932
2023-12-31 21:00:00,616.7632815517286
2023-12-31 22:00:00,611.5333872271016
2023-12-31 23:00:00,593.4686806502847
